date,initial_leverage,common_factor_change,idiosyncratic_change,common_factor_component,idiosyncratic_component,market_leverage,reconstructed_market_leverage,reconstruction_error,common_factor_index,idiosyncratic_component_index,n_banks
2009-03-31,30.01757834,0.00000000,0.00000000,0.00000000,0.00000000,30.01757834,30.01757834,0.00000000,0.00000000,0.00000000,15
2009-04-01,30.01757834,-0.73318047,-0.25146992,-0.73318047,-0.25146992,29.03292794,29.03292794,0.00000000,-0.15745064,-0.16673485,15
2009-04-02,30.01757834,-1.62304290,-0.02413240,-2.35622338,-0.27560232,27.38575264,27.38575264,-0.00000000,-0.50599939,-0.18273562,15
2009-04-03,30.01757834,-0.27661085,-0.15379545,-2.63283423,-0.42939778,26.95534633,26.95534633,0.00000000,-0.56540162,-0.28470831,15
2009-04-06,30.01757834,0.41094435,0.16247919,-2.22188988,-0.26691859,27.52876988,27.52876988,0.00000000,-0.47715124,-0.17697795,15
2009-04-07,30.01757834,0.69740256,-0.10469863,-1.52448732,-0.37161722,28.12147381,28.12147381,0.00000000,-0.32738392,-0.24639743,15
2009-04-08,30.01757834,-0.63169319,0.34465638,-2.15618050,-0.02696083,27.83443700,27.83443700,0.00000000,-0.46304014,-0.01787614,15
2009-04-09,30.01757834,-1.11023652,-0.89168244,-3.26641702,-0.91864327,25.83251804,25.83251804,0.00000000,-0.70146363,-0.60909810,15
2009-04-14,30.01757834,-1.31864719,0.06059045,-4.58506421,-0.85805282,24.57446130,24.57446130,0.00000000,-0.98464335,-0.56892415,15
2009-04-15,30.01757834,0.23002450,-0.19141157,-4.35503971,-1.04946440,24.61307423,24.61307423,0.00000000,-0.93524555,-0.69583786,15
2009-04-16,30.01757834,-0.32156477,0.10769223,-4.67660448,-0.94177217,24.39920169,24.39920169,0.00000000,-1.00430164,-0.62443351,15
2009-04-17,30.01757834,-0.35933464,0.06961721,-5.03593912,-0.87215496,24.10948426,24.10948426,0.00000000,-1.08146882,-0.57827445,15
2009-04-20,30.01757834,1.54999379,0.40537831,-3.48594533,-0.46677664,26.06485636,26.06485636,0.00000000,-0.74860738,-0.30949203,15
2009-04-21,30.01757834,0.09068620,-0.39538125,-3.39525913,-0.86215789,25.76016131,25.76016131,0.00000000,-0.72913250,-0.57164598,15
2009-04-22,30.01757834,-0.47644864,0.38400675,-3.87170777,-0.47815114,25.66771943,25.66771943,-0.00000000,-0.83144993,-0.31703378,15
2009-04-23,30.01757834,0.22594689,-0.24227190,-3.64576088,-0.72042304,25.65139441,25.65139441,0.00000000,-0.78292779,-0.47766997,15
2009-04-24,30.01757834,-0.68131993,0.01915771,-4.32708082,-0.70126534,24.98923219,24.98923219,0.00000000,-0.92924137,-0.46496763,15
2009-04-27,30.01757834,0.41033798,0.06582879,-3.91674284,-0.63543655,25.46539895,25.46539895,0.00000000,-0.84112122,-0.42132045,15
2009-04-28,30.01757834,0.51620177,0.04088769,-3.40054106,-0.59454886,26.02248841,26.02248841,0.00000000,-0.73026680,-0.39421024,15
2009-04-30,30.01757834,-1.61007213,-0.08954718,-5.01061319,-0.68409604,24.32286911,24.32286911,0.00000000,-1.07603007,-0.45358368,15
2009-05-07,30.01757834,-1.31068398,-0.84465721,-6.32129717,-1.52875324,22.16752793,22.16752793,-0.00000000,-1.35749969,-1.01362599,15
2009-05-08,30.01757834,-0.50231795,-0.35347513,-6.82361512,-1.88222838,21.31173484,21.31173484,0.00000000,-1.46537255,-1.24799448,15
2009-05-11,30.01757834,0.34199322,0.14857357,-6.48162190,-1.73365481,21.80230164,21.80230164,0.00000000,-1.39192945,-1.14948412,15
2009-05-12,30.01757834,0.45827367,0.08021092,-6.02334823,-1.65344388,22.34078623,22.34078623,0.00000000,-1.29351510,-1.09630099,15
2009-05-13,30.01757834,1.21727557,0.04752101,-4.80607266,-1.60592287,23.60558280,23.60558280,0.00000000,-1.03210495,-1.06479262,15
2009-05-14,30.01757834,-0.23854540,0.01348869,-5.04461806,-1.59243418,23.38052609,23.38052609,0.00000000,-1.08333262,-1.05584906,15
2009-05-15,30.01757834,-0.16533186,-0.00774503,-5.20994992,-1.60017922,23.20744920,23.20744920,-0.00000000,-1.11883767,-1.06098434,15
2009-05-18,30.01757834,-0.76051066,-0.09630929,-5.97046058,-1.69648851,22.35062925,22.35062925,0.00000000,-1.28215747,-1.12484134,15
2009-05-19,30.01757834,-0.21107645,-0.02113126,-6.18153703,-1.71761977,22.11842154,22.11842154,0.00000000,-1.32748617,-1.13885223,15
2009-05-20,30.01757834,0.21188485,0.15071322,-5.96965218,-1.56690655,22.48101961,22.48101961,0.00000000,-1.28198386,-1.03892319,15
2009-05-21,30.01757834,0.21763110,-0.07745001,-5.75202108,-1.64435656,22.62120070,22.62120070,-0.00000000,-1.23524754,-1.09027572,15
2009-05-22,30.01757834,-0.11531867,0.09573772,-5.86733974,-1.54861885,22.60161975,22.60161975,0.00000000,-1.26001225,-1.02679770,15
2009-05-26,30.01757834,-0.28381849,-0.17606335,-6.15115823,-1.72468220,22.14173791,22.14173791,-0.00000000,-1.32096232,-1.14353491,15
2009-05-27,30.01757834,0.10351518,-0.02637013,-6.04764306,-1.75105233,22.21888296,22.21888296,0.00000000,-1.29873242,-1.16101938,15
2009-05-29,30.01757834,-0.15260720,-0.15568490,-6.20025026,-1.90673723,21.91059085,21.91059085,0.00000000,-1.33150484,-1.26424485,15
2009-06-01,30.01757834,-0.29842829,0.05047497,-6.49867855,-1.85626226,21.66263752,21.66263752,0.00000000,-1.39559237,-1.23077788,15
2009-06-02,30.01757834,-0.03603025,0.24013485,-6.53470880,-1.61612741,21.86674213,21.86674213,-0.00000000,-1.40332987,-1.07155864,15
2009-06-03,30.01757834,0.15080483,0.04673706,-6.38390397,-1.56939035,22.06428402,22.06428402,0.00000000,-1.37094451,-1.04057005,15
2009-06-04,30.01757834,-0.03013215,-0.21607142,-6.41403613,-1.78546177,21.81808044,21.81808044,0.00000000,-1.37741539,-1.18383425,15
2009-06-05,30.01757834,-0.10425059,0.08010079,-6.51828671,-1.70536098,21.79393064,21.79393064,0.00000000,-1.39980322,-1.13072415,15
2009-06-08,30.01757834,0.24662496,-0.14907467,-6.27166176,-1.85443565,21.89148093,21.89148093,0.00000000,-1.34684047,-1.22956676,15
2009-06-09,30.01757834,-0.10223059,0.12529427,-6.37389234,-1.72914138,21.91454461,21.91454461,0.00000000,-1.36879451,-1.14649153,15
2009-06-10,30.01757834,-0.21450986,-0.06773476,-6.58840220,-1.79687615,21.63229999,21.63229999,0.00000000,-1.41486054,-1.19140245,15
2009-06-11,30.01757834,-0.17517853,-0.00637486,-6.76358073,-1.80325101,21.45074660,21.45074660,0.00000000,-1.45248016,-1.19562925,15
2009-06-12,30.01757834,0.09727815,-0.13094424,-6.66630258,-1.93419525,21.41708052,21.41708052,-0.00000000,-1.43158966,-1.28245064,15
2009-06-15,30.01757834,0.53303769,0.07356538,-6.13326489,-1.86062986,22.02368359,22.02368359,0.00000000,-1.31711972,-1.23367378,15
2009-06-16,30.01757834,0.40834363,0.08929358,-5.72492126,-1.77133628,22.52132079,22.52132079,-0.00000000,-1.22942785,-1.17446848,15
2009-06-17,30.01757834,0.45844559,0.07125894,-5.26647567,-1.70007734,23.05102532,23.05102532,-0.00000000,-1.13097658,-1.12722088,15
2009-06-18,30.01757834,-0.32339497,0.04670889,-5.58987065,-1.65336845,22.77433924,22.77433924,0.00000000,-1.20042571,-1.09625097,15
2009-06-19,30.01757834,-0.16626634,-0.10790824,-5.75613699,-1.76127669,22.50016466,22.50016466,-0.00000000,-1.23613144,-1.16779856,15
2009-06-22,30.01757834,0.71832958,0.09304889,-5.03780741,-1.66822780,23.31154313,23.31154313,-0.00000000,-1.08187003,-1.10610333,15
2009-06-23,30.01757834,0.36360474,-0.09504451,-4.67420267,-1.76327231,23.58010336,23.58010336,0.00000000,-1.00378585,-1.16912173,15
2009-06-24,30.01757834,-0.30230913,0.00610198,-4.97651179,-1.75717033,23.28389621,23.28389621,-0.00000000,-1.06870679,-1.16507587,15
2009-06-25,30.01757834,0.23864149,-0.27381969,-4.73787030,-2.03099002,23.24871802,23.24871802,0.00000000,-1.01745849,-1.34662954,15
2009-06-26,30.01757834,0.09825719,-0.09941571,-4.63961312,-2.13040573,23.24755949,23.24755949,0.00000000,-0.99635774,-1.41254622,15
2009-06-29,30.01757834,-0.32233737,0.08692775,-4.96195049,-2.04347797,23.01214988,23.01214988,0.00000000,-1.06557975,-1.35490956,15
2009-06-30,30.01757834,0.46329980,-0.07705571,-4.49865068,-2.12053368,23.39839397,23.39839397,0.00000000,-0.96608603,-1.40600065,15
2009-07-02,30.01757834,0.10287969,0.22933651,-4.39577099,-1.89119717,23.73061018,23.73061018,-0.00000000,-0.94399260,-1.25394115,15
2009-07-06,30.01757834,0.07743667,0.04734261,-4.31833433,-1.84385456,23.85538946,23.85538946,0.00000000,-0.92736306,-1.22255106,15
2009-07-07,30.01757834,0.11953775,0.05570879,-4.19879658,-1.78814577,24.03063600,24.03063600,-0.00000000,-0.90169231,-1.18561385,15
2009-07-08,30.01757834,0.22627417,0.12089015,-3.97252240,-1.66725562,24.37780032,24.37780032,0.00000000,-0.85309989,-1.10545874,15
2009-07-09,30.01757834,-0.06948776,-0.04271587,-4.04201016,-1.70997149,24.26559669,24.26559669,0.00000000,-0.86802240,-1.13378111,15
2009-07-10,30.01757834,0.16975042,0.20253252,-3.87225974,-1.50743897,24.63787963,24.63787963,-0.00000000,-0.83156846,-0.99949376,15
2009-07-13,30.01757834,-0.69790867,-0.08142259,-4.57016841,-1.58886157,23.85854836,23.85854836,0.00000000,-0.98144448,-1.05348027,15
2009-07-14,30.01757834,-0.42074399,-0.11969341,-4.99091240,-1.70855498,23.31811096,23.31811096,-0.00000000,-1.07179932,-1.13284190,15
2009-07-15,30.01757834,-0.56860124,-0.06712125,-5.55951364,-1.77567623,22.68238847,22.68238847,0.00000000,-1.19390654,-1.17734604,15
2009-07-16,30.01757834,-0.18969446,0.13166583,-5.74920810,-1.64401040,22.62435984,22.62435984,0.00000000,-1.23464346,-1.09004620,15
2009-07-17,30.01757834,-0.03623003,-0.08938857,-5.78543813,-1.73339897,22.49874123,22.49874123,0.00000000,-1.24242386,-1.14931449,15
2009-07-20,30.01757834,-0.06682578,0.03684018,-5.85226392,-1.69655879,22.46875563,22.46875563,0.00000000,-1.25677471,-1.12488794,15
2009-07-21,30.01757834,0.12147086,0.02262885,-5.73079305,-1.67392995,22.61285534,22.61285534,-0.00000000,-1.23068882,-1.10988409,15
2009-07-22,30.01757834,-0.03032419,-0.03597426,-5.76111724,-1.70990420,22.54655690,22.54655690,-0.00000000,-1.23720095,-1.13373649,15
2009-07-23,30.01757834,-0.32449193,-0.02295202,-6.08560917,-1.73285623,22.19911294,22.19911294,0.00000000,-1.30688565,-1.14895463,15
2009-07-24,30.01757834,-0.14979490,0.12699860,-6.23540407,-1.60585763,22.17631664,22.17631664,-0.00000000,-1.33905413,-1.06474936,15
2009-07-27,30.01757834,-0.01761856,-0.03540743,-6.25302262,-1.64126506,22.12329065,22.12329065,-0.00000000,-1.34283771,-1.08822593,15
2009-07-28,30.01757834,0.18973576,-0.19074427,-6.06328686,-1.83200933,22.12228215,22.12228215,0.00000000,-1.30209193,-1.21469719,15
2009-07-29,30.01757834,-0.27403900,0.06434225,-6.33732586,-1.76766708,21.91258541,21.91258541,0.00000000,-1.36094185,-1.17203564,15
2009-07-30,30.01757834,-0.11061053,-0.02073164,-6.44793639,-1.78839872,21.78124323,21.78124323,0.00000000,-1.38469548,-1.18578157,15
2009-07-31,30.01757834,0.07174483,-0.17044054,-6.37619156,-1.95883926,21.68254753,21.68254753,0.00000000,-1.36928826,-1.29879063,15
2009-08-03,30.01757834,-0.58235784,-0.05917667,-6.95854940,-2.01801593,21.04101302,21.04101302,0.00000000,-1.49434971,-1.33802718,15
2009-08-04,30.01757834,-0.25927394,0.04525960,-7.21782334,-1.97275632,20.82699867,20.82699867,0.00000000,-1.55002884,-1.30801821,15
2009-08-05,30.01757834,-0.19184942,-0.12881963,-7.40967276,-2.10157595,20.50632962,20.50632962,-0.00000000,-1.59122854,-1.39343090,15
2009-08-06,30.01757834,-0.23724816,-0.01713362,-7.64692093,-2.11870957,20.25194784,20.25194784,-0.00000000,-1.64217762,-1.40479119,15
2009-08-07,30.01757834,-0.32726927,0.03968244,-7.97419019,-2.07902713,19.96436102,19.96436102,0.00000000,-1.71245875,-1.37848011,15
2009-08-10,30.01757834,-0.03449063,-0.09914757,-8.00868082,-2.17817469,19.83072283,19.83072283,0.00000000,-1.71986562,-1.44421900,15
2009-08-11,30.01757834,0.31732438,0.07308961,-7.69135644,-2.10508509,20.22113681,20.22113681,0.00000000,-1.65172016,-1.39575760,15
2009-08-12,30.01757834,-0.16057380,-0.06619825,-7.85193024,-2.17128334,19.99436476,19.99436476,0.00000000,-1.68620341,-1.43964975,15
2009-08-13,30.01757834,-0.33211809,-0.02593010,-8.18404834,-2.19721344,19.63631656,19.63631656,-0.00000000,-1.75752583,-1.45684247,15
2009-08-14,30.01757834,0.07467328,-0.02170772,-8.10937506,-2.21892116,19.68928212,19.68928212,0.00000000,-1.74148973,-1.47123558,15
2009-08-17,30.01757834,0.40456937,0.13229858,-7.70480568,-2.08662258,20.22615008,20.22615008,0.00000000,-1.65460838,-1.38351620,15
2009-08-18,30.01757834,-0.15716961,-0.06626659,-7.86197529,-2.15288917,20.00271388,20.00271388,0.00000000,-1.68836058,-1.42745366,15
2009-08-19,30.01757834,-0.06239901,0.11264542,-7.92437431,-2.04024375,20.05296028,20.05296028,0.00000000,-1.70176078,-1.35276514,15
2009-08-20,30.01757834,-0.22085398,-0.15090908,-8.14522828,-2.19115283,19.68119722,19.68119722,0.00000000,-1.74918921,-1.45282404,15
2009-08-21,30.01757834,-0.56389678,0.03743605,-8.70912506,-2.15371679,19.15473649,19.15473649,0.00000000,-1.87028615,-1.42800241,15
2009-08-24,30.01757834,-0.20520532,0.00942015,-8.91433038,-2.14429664,18.95895132,18.95895132,0.00000000,-1.91435403,-1.42175646,15
2009-08-25,30.01757834,-0.01842393,0.02729474,-8.93275431,-2.11700189,18.96782213,18.96782213,0.00000000,-1.91831057,-1.40365893,15
2009-08-26,30.01757834,-0.01832073,0.05832364,-8.95107504,-2.05867825,19.00782504,19.00782504,0.00000000,-1.92224495,-1.36498797,15
2009-08-27,30.01757834,-0.22029266,-0.00273869,-9.17136771,-2.06141695,18.78479369,18.78479369,0.00000000,-1.96955284,-1.36680383,15
2009-08-28,30.01757834,-0.15214742,0.04734284,-9.32351512,-2.01407411,18.67998911,18.67998911,0.00000000,-2.00222652,-1.33541359,15
2009-08-31,30.01757834,0.22596297,-0.03089907,-9.09755216,-2.04497318,18.87505301,18.87505301,0.00000000,-1.95370094,-1.35590094,15
2009-09-01,30.01757834,0.51889346,0.08649926,-8.57865869,-1.95847392,19.48044573,19.48044573,0.00000000,-1.84226847,-1.29854839,15
2009-09-02,30.01757834,0.00720914,0.12034948,-8.57144956,-1.83812444,19.60800434,19.60800434,0.00000000,-1.84072031,-1.21875176,15
2009-09-03,30.01757834,0.02355692,-0.08198483,-8.54789264,-1.92010927,19.54957643,19.54957643,0.00000000,-1.83566146,-1.27311106,15
2009-09-04,30.01757834,-0.24129008,0.00162125,-8.78918271,-1.91848802,19.30990761,19.30990761,0.00000000,-1.88747854,-1.27203610,15
2009-09-08,30.01757834,0.21499798,-0.05889889,-8.57418474,-1.97738691,19.46600670,19.46600670,0.00000000,-1.84130769,-1.31108848,15
2009-09-09,30.01757834,-0.15708581,0.09795856,-8.73127055,-1.87942835,19.40687944,19.40687944,0.00000000,-1.87504190,-1.24613794,15
2009-09-10,30.01757834,0.05633597,-0.15096725,-8.67493458,-2.03039560,19.31224817,19.31224817,0.00000000,-1.86294374,-1.34623541,15
2009-09-11,30.01757834,0.01705546,0.06180839,-8.65787912,-1.96858721,19.39111201,19.39111201,0.00000000,-1.85928107,-1.30525392,15
2009-09-14,30.01757834,0.22434798,-0.04374013,-8.43353114,-2.01232734,19.57171986,19.57171986,0.00000000,-1.81110230,-1.33425541,15
2009-09-15,30.01757834,0.00519149,0.08965769,-8.42833964,-1.92266965,19.66656904,19.66656904,0.00000000,-1.80998743,-1.27480870,15
2009-09-16,30.01757834,-0.56153538,-0.00813950,-8.98987503,-1.93080916,19.09689416,19.09689416,0.00000000,-1.93057725,-1.28020552,15
2009-09-17,30.01757834,-0.27277229,0.02959341,-9.26264732,-1.90121574,18.85371528,18.85371528,0.00000000,-1.98915515,-1.26058388,15
2009-09-18,30.01757834,-0.08474375,0.02358157,-9.34739107,-1.87763417,18.79255309,18.79255309,0.00000000,-2.00735389,-1.24494833,15
2009-09-21,30.01757834,0.11295989,-0.01228938,-9.23443118,-1.88992355,18.89322360,18.89322360,0.00000000,-1.98309573,-1.25309669,15
2009-09-22,30.01757834,-0.13392151,-0.10704191,-9.36835270,-1.99696546,18.65226019,18.65226019,0.00000000,-2.01185540,-1.32406986,15
2009-09-23,30.01757834,-0.15192835,0.15655505,-9.52028105,-1.84041041,18.65688689,18.65688689,0.00000000,-2.04448204,-1.22026745,15
2009-09-24,30.01757834,0.22606772,0.06216741,-9.29421333,-1.77824300,18.94512201,18.94512201,0.00000000,-1.99593396,-1.17904791,15
2009-09-25,30.01757834,0.10519819,0.17760587,-9.18901514,-1.60063713,19.22792607,19.22792607,0.00000000,-1.97334263,-1.06128795,15
2009-09-28,30.01757834,-0.32361625,0.04299081,-9.51263139,-1.55764632,18.94730063,18.94730063,0.00000000,-2.04283927,-1.03278328,15
2009-09-29,30.01757834,-0.14410058,-0.02303017,-9.65673197,-1.58067648,18.78016988,18.78016988,0.00000000,-2.07378490,-1.04805323,15
2009-09-30,30.01757834,0.23253732,0.00396070,-9.42419466,-1.57671578,19.01666790,19.01666790,0.00000000,-2.02384747,-1.04542712,15
2009-10-02,30.01757834,0.75782038,0.30593309,-8.66637428,-1.27078269,20.08042137,20.08042137,0.00000000,-1.86110541,-0.84258095,15
2009-10-05,30.01757834,-0.16370208,-0.19653064,-8.83007635,-1.46731333,19.72018865,19.72018865,0.00000000,-1.89626046,-0.97288881,15
2009-10-06,30.01757834,-0.65748586,-0.05455573,-9.48756221,-1.52186906,19.00814706,19.00814706,0.00000000,-2.03745566,-1.00906150,15
2009-10-07,30.01757834,0.15567423,-0.22210112,-9.33188799,-1.74397018,18.94172017,18.94172017,0.00000000,-2.00402460,-1.15632363,15
2009-10-08,30.01757834,-0.09433016,0.02411739,-9.42621815,-1.71985279,18.87150740,18.87150740,0.00000000,-2.02428202,-1.14033282,15
2009-10-09,30.01757834,0.05827781,-0.04104218,-9.36794034,-1.76089497,18.88874303,18.88874303,0.00000000,-2.01176685,-1.16754546,15
2009-10-12,30.01757834,-0.13411904,-0.01351720,-9.50205939,-1.77441217,18.74110679,18.74110679,0.00000000,-2.04056893,-1.17650792,15
2009-10-13,30.01757834,0.18732764,-0.06564646,-9.31473175,-1.84005862,18.86278797,18.86278797,0.00000000,-2.00034029,-1.22003420,15
2009-10-14,30.01757834,-0.41622030,0.01391716,-9.73095205,-1.82614146,18.46048483,18.46048483,0.00000000,-2.08972367,-1.21080656,15
2009-10-15,30.01757834,0.07108193,0.00555402,-9.65987012,-1.82058744,18.53712078,18.53712078,0.00000000,-2.07445882,-1.20712401,15
2009-10-16,30.01757834,0.23425289,0.16063295,-9.42561722,-1.65995449,18.93200663,18.93200663,0.00000000,-2.02415297,-1.10061779,15
2009-10-19,30.01757834,-0.22282813,-0.02830076,-9.64844535,-1.68825525,18.68087774,18.68087774,0.00000000,-2.07200535,-1.11938235,15
2009-10-20,30.01757834,0.12202918,-0.10055603,-9.52641617,-1.78881128,18.70235089,18.70235089,0.00000000,-2.04579956,-1.18605511,15
2009-10-21,30.01757834,0.07975179,0.06234780,-9.44666438,-1.72646347,18.84445049,18.84445049,0.00000000,-2.02867285,-1.14471597,15
2009-10-22,30.01757834,0.07602468,-0.00239863,-9.37063970,-1.72886211,18.91807654,18.91807654,0.00000000,-2.01234653,-1.14630636,15
2009-10-23,30.01757834,-0.08118747,0.07913707,-9.45182716,-1.64972504,18.91602614,18.91602614,0.00000000,-2.02978156,-1.09383524,15
2009-10-27,30.01757834,0.70355991,-0.04211184,-8.74826726,-1.69183687,19.57747421,19.57747421,0.00000000,-1.87869194,-1.12175711,15
2009-10-28,30.01757834,0.57196090,-0.00083082,-8.17630636,-1.69266770,20.14860429,20.14860429,0.00000000,-1.75586324,-1.12230798,15
2009-10-29,30.01757834,-0.58704257,-0.09046817,-8.76334893,-1.78313587,19.47109354,19.47109354,0.00000000,-1.88193073,-1.18229209,15
2009-10-30,30.01757834,0.39487930,0.03437476,-8.36846964,-1.74876111,19.90034760,19.90034760,0.00000000,-1.79713033,-1.15950021,15
2009-11-02,30.01757834,-0.19098382,0.06419696,-8.55945345,-1.68456415,19.77356074,19.77356074,0.00000000,-1.83814414,-1.11693500,15
2009-11-03,30.01757834,0.36792376,-0.04687446,-8.19152969,-1.73143861,20.09461003,20.09461003,0.00000000,-1.75913245,-1.14801469,15
2009-11-04,30.01757834,-0.38741408,0.15934776,-8.57894377,-1.57209085,19.86654372,19.86654372,0.00000000,-1.84232969,-1.04236060,15
2009-11-05,30.01757834,-0.19785766,-0.11395513,-8.77680143,-1.68604598,19.55473093,19.55473093,0.00000000,-1.88481966,-1.11791752,15
2009-11-06,30.01757834,-0.24565082,0.06066214,-9.02245225,-1.62538385,19.36974225,19.36974225,0.00000000,-1.93757322,-1.07769604,15
2009-11-09,30.01757834,-0.42611555,-0.07617165,-9.44856780,-1.70155549,18.86745505,18.86745505,0.00000000,-2.02908161,-1.12820096,15
2009-11-10,30.01757834,-0.00197172,-0.07056783,-9.45053952,-1.77212332,18.79491550,18.79491550,0.00000000,-2.02950503,-1.17499032,15
2009-11-11,30.01757834,-0.35792428,0.03558677,-9.80846380,-1.73653655,18.47257799,18.47257799,0.00000000,-2.10636934,-1.15139483,15
2009-11-12,30.01757834,0.12942990,0.07567049,-9.67903390,-1.66086607,18.67767837,18.67767837,0.00000000,-2.07857424,-1.10122220,15
2009-11-13,30.01757834,0.02782097,-0.00036770,-9.65121293,-1.66123376,18.70513164,18.70513164,0.00000000,-2.07259968,-1.10146600,15
2009-11-16,30.01757834,-0.09210452,0.06159598,-9.74331745,-1.59963778,18.67462311,18.67462311,0.00000000,-2.09237915,-1.06062534,15
2009-11-17,30.01757834,0.16207735,-0.08037675,-9.58124010,-1.68001453,18.75632370,18.75632370,0.00000000,-2.05757301,-1.11391842,15
2009-11-18,30.01757834,-0.00269083,-0.01470387,-9.58393093,-1.69471840,18.73892901,18.73892901,0.00000000,-2.05815086,-1.12366769,15
2009-11-19,30.01757834,0.25556079,0.12376089,-9.32837015,-1.57095751,19.11825069,19.11825069,0.00000000,-2.00326914,-1.04160915,15
2009-11-20,30.01757834,0.22140273,-0.03314606,-9.10696742,-1.60410357,19.30650736,19.30650736,0.00000000,-1.95572286,-1.06358634,15
2009-11-23,30.01757834,-0.35144262,-0.03010938,-9.45841004,-1.63421294,18.92495536,18.92495536,0.00000000,-2.03119523,-1.08355009,15
2009-11-24,30.01757834,0.23389068,0.13846637,-9.22451936,-1.49574657,19.29731241,19.29731241,0.00000000,-1.98096716,-0.99174122,15
2009-11-25,30.01757834,-0.03950151,0.07645043,-9.26402087,-1.41929614,19.33426133,19.33426133,0.00000000,-1.98945012,-0.94105145,15
2009-11-27,30.01757834,0.45706662,0.17319569,-8.80695425,-1.24610045,19.96452364,19.96452364,0.00000000,-1.89129498,-0.82621562,15
2009-11-30,30.01757834,-0.03829236,-0.39855497,-8.84524662,-1.64465542,19.52767630,19.52767630,0.00000000,-1.89951828,-1.09047388,15
2009-12-01,30.01757834,-0.26532143,-0.00899709,-9.11056805,-1.65365251,19.25335778,19.25335778,0.00000000,-1.95649610,-1.09643932,15
2009-12-02,30.01757834,0.15670576,0.04343959,-8.95386229,-1.61021292,19.45350313,19.45350313,0.00000000,-1.92284351,-1.06763709,15
2009-12-03,30.01757834,0.00057771,-0.00341286,-8.95328458,-1.61362579,19.45066798,19.45066798,0.00000000,-1.92271945,-1.06989996,15
2009-12-04,30.01757834,-0.02764309,-0.04049192,-8.98092767,-1.65411770,19.38253297,19.38253297,0.00000000,-1.92865581,-1.09674776,15
2009-12-07,30.01757834,0.11709181,-0.00028941,-8.86383586,-1.65440711,19.49933537,19.49933537,0.00000000,-1.90351032,-1.09693965,15
2009-12-08,30.01757834,0.29150478,-0.01869225,-8.57233108,-1.67309936,19.77214790,19.77214790,0.00000000,-1.84090962,-1.10933338,15
2009-12-09,30.01757834,0.09943535,0.14205353,-8.47289572,-1.53104583,20.01363679,20.01363679,0.00000000,-1.81955586,-1.01514607,15
2009-12-10,30.01757834,-0.20692359,0.16687609,-8.67981931,-1.36416974,19.97358929,19.97358929,0.00000000,-1.86399273,-0.90450039,15
2009-12-11,30.01757834,0.14393319,-0.01333049,-8.53588612,-1.37750023,20.10419198,20.10419198,0.00000000,-1.83308306,-0.91333905,15
2009-12-14,30.01757834,-0.04950830,0.13247837,-8.58539443,-1.24502186,20.18716206,20.18716206,0.00000000,-1.84371497,-0.82550047,15
2009-12-15,30.01757834,0.13881154,0.04733551,-8.44658289,-1.19768635,20.37330910,20.37330910,0.00000000,-1.81390517,-0.79411509,15
2009-12-16,30.01757834,-0.23468543,-0.05775407,-8.68126832,-1.25544042,20.08086960,20.08086960,0.00000000,-1.86430391,-0.83240840,15
2009-12-17,30.01757834,0.49536576,0.07086263,-8.18590256,-1.18457778,20.64709799,20.64709799,0.00000000,-1.75792402,-0.78542357,15
2009-12-18,30.01757834,0.40063076,-0.23013116,-7.78527180,-1.41470894,20.81759760,20.81759760,0.00000000,-1.67188850,-0.93800995,15
2009-12-21,30.01757834,-0.30225210,-0.05358854,-8.08752390,-1.46829749,20.46175695,20.46175695,0.00000000,-1.73679719,-0.97354135,15
2009-12-22,30.01757834,0.06344496,-0.01137628,-8.02407894,-1.47967376,20.51382564,20.51382564,0.00000000,-1.72317237,-0.98108429,15
2009-12-23,30.01757834,-0.07977446,0.04579664,-8.10385340,-1.43387712,20.47984782,20.47984782,0.00000000,-1.74030395,-0.95071924,15
2009-12-24,30.01757834,0.01100309,-0.02072212,-8.09285031,-1.45459924,20.47012878,20.47012878,0.00000000,-1.73794104,-0.96445885,15
2009-12-28,30.01757834,-0.10561622,0.08087154,-8.19846654,-1.37372770,20.44538410,20.44538410,0.00000000,-1.76062214,-0.91083771,15
2009-12-29,30.01757834,-0.04799662,0.05641446,-8.24646316,-1.31731324,20.45380194,20.45380194,0.00000000,-1.77092942,-0.87343261,15
2009-12-30,30.01757834,0.08223783,0.02259398,-8.16422533,-1.29471926,20.55863375,20.55863375,0.00000000,-1.75326883,-0.85845188,15
2009-12-31,30.01757834,-0.43088743,0.20090042,-8.59511276,-1.09381884,20.32864674,20.32864674,0.00000000,-1.84580199,-0.72524668,15
2010-01-04,30.01757834,-0.37790638,0.00665877,-8.97301914,-1.08716008,19.95739912,19.95739912,0.00000000,-1.92695745,-0.72083164,15
2010-01-05,30.01757834,-0.14613054,-0.09879694,-9.11914968,-1.18595702,19.71247164,19.71247164,0.00000000,-1.95833901,-0.78633806,15
2010-01-06,30.01757834,-0.14626499,-0.10009332,-9.26541467,-1.28605034,19.46611333,19.46611333,0.00000000,-1.98974944,-0.85270403,15
2010-01-07,30.01757834,-0.12647397,-0.06874386,-9.39188864,-1.35479420,19.27089550,19.27089550,0.00000000,-2.01690975,-0.89828402,15
2010-01-08,30.01757834,-0.14576132,0.06170065,-9.53764996,-1.29309355,19.18683483,19.18683483,0.00000000,-2.04821202,-0.85737397,15
2010-01-11,30.01757834,0.08286647,-0.01064377,-9.45478349,-1.30373733,19.25905753,19.25905753,0.00000000,-2.03041643,-0.86443122,15
2010-01-12,30.01757834,0.26622217,0.00083389,-9.18856132,-1.30290344,19.52611359,19.52611359,0.00000000,-1.97324517,-0.86387832,15
2010-01-13,30.01757834,0.14027103,0.04985920,-9.04829029,-1.25304424,19.71624381,19.71624381,0.00000000,-1.94312194,-0.83081963,15
2010-01-14,30.01757834,-0.11970721,-0.02648074,-9.16799750,-1.27952498,19.57005586,19.57005586,0.00000000,-1.96882908,-0.84837745,15
2010-01-15,30.01757834,0.18162051,-0.00769802,-8.98637699,-1.28722299,19.74397835,19.74397835,0.00000000,-1.92982605,-0.85348155,15
2010-01-19,30.01757834,0.04519135,-0.00574446,-8.94118564,-1.29296745,19.78342524,19.78342524,0.00000000,-1.92012120,-0.85729036,15
2010-01-20,30.01757834,0.25050505,0.06739034,-8.69068059,-1.22557712,20.10132063,20.10132063,0.00000000,-1.86632520,-0.81260781,15
2010-01-21,30.01757834,0.49367335,0.07334680,-8.19700724,-1.15223032,20.66834079,20.66834079,0.00000000,-1.76030875,-0.76397587,15
2010-01-22,30.01757834,0.35122781,0.01235559,-7.84577942,-1.13987473,21.03192419,21.03192419,0.00000000,-1.68488252,-0.75578361,15
2010-01-25,30.01757834,-0.03158417,0.08507892,-7.87736360,-1.05479581,21.08541893,21.08541893,0.00000000,-1.69166523,-0.69937281,15
2010-01-26,30.01757834,0.04380716,0.20552396,-7.83355643,-0.84927185,21.33475006,21.33475006,0.00000000,-1.68225763,-0.56310200,15
2010-01-27,30.01757834,0.17553640,-0.13770230,-7.65802004,-0.98697415,21.37258416,21.37258416,0.00000000,-1.64456116,-0.65440427,15
2010-01-28,30.01757834,0.18469801,-0.14565376,-7.47332203,-1.13262790,21.41162841,21.41162841,0.00000000,-1.60489723,-0.75097867,15
2010-01-29,30.01757834,-0.12018897,0.10200507,-7.59351100,-1.03062284,21.39344451,21.39344451,0.00000000,-1.63070783,-0.68334514,15
2010-02-01,30.01757834,-0.23582063,-0.05104722,-7.82933163,-1.08167006,21.10657666,21.10657666,0.00000000,-1.68135035,-0.71719153,15
2010-02-02,30.01757834,-0.15077449,-0.07180055,-7.98010612,-1.15347060,20.88400162,20.88400162,0.00000000,-1.71372920,-0.76479824,15
2010-02-03,30.01757834,0.35994494,-0.07178442,-7.62016118,-1.22525503,21.17216213,21.17216213,0.00000000,-1.63643096,-0.81239425,15
2010-02-04,30.01757834,0.73915665,0.16691300,-6.88100453,-1.05834203,22.07823178,22.07823178,0.00000000,-1.47769694,-0.70172410,15
2010-02-05,30.01757834,0.61284982,-0.07150710,-6.26815471,-1.12984913,22.61957450,22.61957450,0.00000000,-1.34608733,-0.74913623,15
2010-02-08,30.01757834,-0.10554470,0.16690742,-6.37369941,-0.96294171,22.68093721,22.68093721,0.00000000,-1.36875308,-0.63846978,15
2010-02-09,30.01757834,-0.21022919,-0.07280565,-6.58392861,-1.03574737,22.39790237,22.39790237,0.00000000,-1.41389983,-0.68674291,15
2010-02-10,30.01757834,-0.44016100,0.05222295,-7.02408961,-0.98352441,22.00996432,22.00996432,0.00000000,-1.50842449,-0.65211695,15
2010-02-11,30.01757834,0.35883806,-0.12298866,-6.66525155,-1.10651308,22.24581371,22.24581371,0.00000000,-1.43136395,-0.73366347,15
2010-02-12,30.01757834,0.32357083,-0.05377323,-6.34168072,-1.16028631,22.51561131,22.51561131,0.00000000,-1.36187706,-0.76931733,15
2010-02-17,30.01757834,-0.91112305,0.02366821,-7.25280378,-1.13661809,21.62815647,21.62815647,0.00000000,-1.55754089,-0.75362433,15
2010-02-18,30.01757834,0.19161210,-0.08978656,-7.06119168,-1.22640466,21.72998200,21.72998200,0.00000000,-1.51639216,-0.81315650,15
2010-02-19,30.01757834,-0.19339891,0.15552775,-7.25459059,-1.07087691,21.69211084,21.69211084,0.00000000,-1.55792461,-0.71003523,15
2010-02-22,30.01757834,-0.18807094,-0.10559028,-7.44266153,-1.17646719,21.39844962,21.39844962,0.00000000,-1.59831288,-0.78004592,15
2010-02-23,30.01757834,0.37386388,-0.00797045,-7.06879765,-1.18443764,21.76434305,21.76434305,0.00000000,-1.51802555,-0.78533065,15
2010-02-24,30.01757834,-0.12856319,-0.00411051,-7.19736085,-1.18854815,21.63166934,21.63166934,0.00000000,-1.54563451,-0.78805609,15
2010-02-25,30.01757834,0.15648685,0.04181757,-7.04087400,-1.14673058,21.82997376,21.82997376,0.00000000,-1.51202894,-0.76032932,15
2010-02-26,30.01757834,-0.38273141,0.02019702,-7.42360541,-1.12653356,21.46743937,21.46743937,0.00000000,-1.59422057,-0.74693787,15
2010-03-01,30.01757834,-0.16694000,-0.09294649,-7.59054541,-1.21948005,21.20755288,21.20755288,0.00000000,-1.63007097,-0.80856520,15
2010-03-02,30.01757834,-0.22552486,0.02853040,-7.81607027,-1.19094964,21.01055843,21.01055843,0.00000000,-1.67850247,-0.78964837,15
2010-03-03,30.01757834,-0.13506795,0.04005854,-7.95113821,-1.15089110,20.91554903,20.91554903,0.00000000,-1.70750834,-0.76308792,15
2010-03-04,30.01757834,-0.00070132,0.01447651,-7.95183954,-1.13641459,20.92932421,20.92932421,0.00000000,-1.70765895,-0.75348940,15
2010-03-05,30.01757834,-0.44053090,-0.04067888,-8.39237043,-1.17709347,20.44811444,20.44811444,0.00000000,-1.80226303,-0.78046117,15
2010-03-08,30.01757834,-0.07004215,-0.05651916,-8.46241258,-1.23361263,20.32155312,20.32155312,0.00000000,-1.81730460,-0.81793568,15
2010-03-09,30.01757834,0.07349562,-0.08163639,-8.38891697,-1.31524902,20.31341235,20.31341235,0.00000000,-1.80152140,-0.87206395,15
2010-03-10,30.01757834,-0.33058874,0.02664185,-8.71950571,-1.28860717,20.00946546,20.00946546,0.00000000,-1.87251539,-0.85439931,15
2010-03-11,30.01757834,-0.01607630,-0.05918027,-8.73558201,-1.34778743,19.93420890,19.93420890,0.00000000,-1.87596778,-0.89363825,15
2010-03-12,30.01757834,-0.02198243,0.02612689,-8.75756444,-1.32166054,19.93835336,19.93835336,0.00000000,-1.88068851,-0.87631505,15
2010-03-15,30.01757834,0.21239987,-0.01151579,-8.54516457,-1.33317633,20.13923744,20.13923744,0.00000000,-1.83507560,-0.88395049,15
2010-03-16,30.01757834,-0.35658176,-0.00114401,-8.90174633,-1.33432034,19.78151167,19.78151167,0.00000000,-1.91165160,-0.88470901,15
2010-03-17,30.01757834,-0.13911269,-0.03019878,-9.04085902,-1.36451911,19.61220020,19.61220020,0.00000000,-1.94152607,-0.90473204,15
2010-03-18,30.01757834,0.16460553,-0.01674131,-8.87625350,-1.38126042,19.76006442,19.76006442,0.00000000,-1.90617701,-0.91583221,15
2010-03-19,30.01757834,-0.08833349,0.04939051,-8.96458699,-1.33186992,19.72112143,19.72112143,0.00000000,-1.92514664,-0.88308428,15
2010-03-22,30.01757834,-0.03100039,-0.00143050,-8.99558738,-1.33330042,19.68869055,19.68869055,0.00000000,-1.93180398,-0.88403276,15
2010-03-23,30.01757834,-0.20503800,0.00347087,-9.20062538,-1.32982955,19.48712341,19.48712341,0.00000000,-1.97583593,-0.88173144,15
2010-03-24,30.01757834,-0.05169499,0.00918735,-9.25232037,-1.32064220,19.44461577,19.44461577,0.00000000,-1.98693744,-0.87563985,15
2010-03-25,30.01757834,-0.25800864,0.07232637,-9.51032901,-1.24831582,19.25893350,19.25893350,0.00000000,-2.04234484,-0.82768450,15
2010-03-26,30.01757834,0.06464751,-0.09641217,-9.44568151,-1.34472800,19.22716884,19.22716884,0.00000000,-2.02846177,-0.89160972,15
2010-03-29,30.01757834,0.01360565,-0.07009830,-9.43207586,-1.41482630,19.17067618,19.17067618,0.00000000,-2.02553996,-0.93808776,15
2010-03-30,30.01757834,0.10689997,-0.03040433,-9.32517589,-1.44523063,19.24717182,19.24717182,0.00000000,-2.00258317,-0.95824708,15
2010-03-31,30.01757834,0.18239781,0.21010301,-9.14277808,-1.23512762,19.63967264,19.63967264,0.00000000,-1.96341321,-0.81894018,15
2010-04-01,30.01757834,-0.19511688,-0.01590223,-9.33789496,-1.25102984,19.42865354,19.42865354,0.00000000,-2.00531459,-0.82948401,15
2010-04-07,30.01757834,-0.03312965,-0.19900816,-9.37102461,-1.45003800,19.19651573,19.19651573,0.00000000,-2.01242919,-0.96143456,15
2010-04-08,30.01757834,0.18470615,-0.09708880,-9.18631846,-1.54712680,19.28413307,19.28413307,0.00000000,-1.97276352,-1.02580841,15
2010-04-09,30.01757834,-0.24320864,0.00305297,-9.42952710,-1.54407384,19.04397740,19.04397740,0.00000000,-2.02499261,-1.02378417,15
2010-04-12,30.01757834,-0.09305994,-0.03126582,-9.52258704,-1.57533965,18.91965164,18.91965164,0.00000000,-2.04497725,-1.04451469,15
2010-04-13,30.01757834,0.04068156,0.05339078,-9.48190548,-1.52194888,19.01372398,19.01372398,0.00000000,-2.03624088,-1.00911442,15
2010-04-14,30.01757834,-0.22968586,-0.10277974,-9.71159134,-1.62472862,18.68125838,18.68125838,0.00000000,-2.08556596,-1.07726159,15
2010-04-15,30.01757834,-0.03129673,0.00428968,-9.74288807,-1.62043894,18.65425133,18.65425133,0.00000000,-2.09228694,-1.07441736,15
2010-04-16,30.01757834,0.48160648,0.17028075,-9.26128159,-1.45015818,19.30613857,19.30613857,0.00000000,-1.98886186,-0.96151425,15
2010-04-19,30.01757834,0.03142161,0.01399243,-9.22985998,-1.43616576,19.35155260,19.35155260,0.00000000,-1.98211406,-0.95223670,15
2010-04-20,30.01757834,-0.05409235,-0.07622251,-9.28395233,-1.51238827,19.22123774,19.22123774,0.00000000,-1.99373041,-1.00277534,15
2010-04-21,30.01757834,0.25361214,-0.06098584,-9.03034019,-1.57337411,19.41386404,19.41386404,0.00000000,-1.93926715,-1.04321145,15
2010-04-22,30.01757834,0.30298167,-0.02326029,-8.72735852,-1.59663440,19.69358541,19.69358541,0.00000000,-1.87420179,-1.05863398,15
2010-04-23,30.01757834,-0.01104685,0.06151198,-8.73840537,-1.53512242,19.74405055,19.74405055,0.00000000,-1.87657410,-1.01784902,15
2010-04-26,30.01757834,-0.02156054,0.02575020,-8.75996591,-1.50937222,19.74824021,19.74824021,0.00000000,-1.88120423,-1.00077558,15
2010-04-27,30.01757834,0.79256815,0.01198514,-7.96739775,-1.49738708,20.55279351,20.55279351,0.00000000,-1.71100008,-0.99282894,15
2010-04-28,30.01757834,0.14802763,-0.08179461,-7.81937012,-1.57918169,20.61902653,20.61902653,0.00000000,-1.67921112,-1.04706211,15
2010-04-29,30.01757834,-0.16228786,-0.03288987,-7.98165798,-1.61207155,20.42384881,20.42384881,0.00000000,-1.71406246,-1.06886944,15
2010-04-30,30.01757834,0.28411747,0.03929800,-7.69754052,-1.57277355,20.74726427,20.74726427,0.00000000,-1.65304819,-1.04281326,15
2010-05-04,30.01757834,0.52514968,-0.02159867,-7.17239084,-1.59437222,21.25081528,21.25081528,0.00000000,-1.54027220,-1.05713406,15
2010-05-05,30.01757834,0.32668593,-0.01432423,-6.84570491,-1.60869645,21.56317698,21.56317698,0.00000000,-1.47011634,-1.06663161,15
2010-05-06,30.01757834,0.66349761,0.12538861,-6.18220730,-1.48330784,22.35206320,22.35206320,0.00000000,-1.32763011,-0.98349383,15
2010-05-07,30.01757834,0.06057885,0.06617984,-6.12162845,-1.41712800,22.47882189,22.47882189,0.00000000,-1.31462079,-0.93961388,15
2010-05-10,30.01757834,-1.49063052,0.05525883,-7.61225897,-1.36186917,21.04345020,21.04345020,0.00000000,-1.63473396,-0.90297502,15
2010-05-11,30.01757834,0.31640005,0.04196151,-7.29585892,-1.31990766,21.40181175,21.40181175,0.00000000,-1.56678699,-0.87515282,15
2010-05-12,30.01757834,-0.07730344,0.05548317,-7.37316237,-1.26442449,21.37999148,21.37999148,0.00000000,-1.58338792,-0.83836521,15
2010-05-13,30.01757834,0.30164807,-0.11577525,-7.07151430,-1.38019974,21.56586431,21.56586431,0.00000000,-1.51860895,-0.91512893,15
2010-05-14,30.01757834,0.95017420,-0.06948762,-6.12134009,-1.44968735,22.44655089,22.44655089,0.00000000,-1.31455887,-0.96120207,15
2010-05-17,30.01757834,0.10040596,0.09083366,-6.02093413,-1.35885369,22.63779052,22.63779052,0.00000000,-1.29299667,-0.90097563,15
2010-05-18,30.01757834,-0.26925163,0.14949976,-6.29018577,-1.20935393,22.51803865,22.51803865,0.00000000,-1.35081851,-0.80185117,15
2010-05-19,30.01757834,0.51762257,-0.09460824,-5.77256320,-1.30396216,22.94105298,22.94105298,0.00000000,-1.23965897,-0.86458030,15
2010-05-20,30.01757834,0.42596872,0.09679780,-5.34659448,-1.20716437,23.46381949,23.46381949,0.00000000,-1.14818211,-0.80039940,15
2010-05-24,30.01757834,-0.34255778,0.00389722,-5.68915226,-1.20326715,23.12515893,23.12515893,0.00000000,-1.22174645,-0.79781539,15
2010-05-25,30.01757834,0.74346252,-0.13683082,-4.94568975,-1.34009797,23.73179062,23.73179062,0.00000000,-1.06208775,-0.88853982,15
2010-05-26,30.01757834,-0.26970552,0.02116499,-5.21539526,-1.31893298,23.48325010,23.48325010,0.00000000,-1.12000706,-0.87450657,15
2010-05-27,30.01757834,-0.39721463,-0.17397798,-5.61260990,-1.49291096,22.91205749,22.91205749,0.00000000,-1.20530897,-0.98986109,15
2010-05-28,30.01757834,0.13096401,0.02063388,-5.48164588,-1.47227708,23.06365538,23.06365538,0.00000000,-1.17718442,-0.97617998,15
2010-06-01,30.01757834,0.37959183,0.04525591,-5.10205405,-1.42702117,23.48850312,23.48850312,0.00000000,-1.09566701,-0.94617346,15
2010-06-02,30.01757834,0.05423814,-0.08227713,-5.04781591,-1.50929830,23.46046413,23.46046413,0.00000000,-1.08401936,-1.00072656,15
2010-06-03,30.01757834,-0.20093490,0.03205699,-5.24875081,-1.47724131,23.29158622,23.29158622,0.00000000,-1.12717017,-0.97947147,15
2010-06-04,30.01757834,0.92709779,-0.02281489,-4.32165302,-1.50005620,24.19586912,24.19586912,0.00000000,-0.92807575,-0.99459867,15
2010-06-07,30.01757834,0.34350232,0.18326976,-3.97815070,-1.31678644,24.72264120,24.72264120,0.00000000,-0.85430857,-0.87308332,15
2010-06-08,30.01757834,0.32939162,-0.09716409,-3.64875908,-1.41395053,24.95486873,24.95486873,0.00000000,-0.78357166,-0.93750709,15
2010-06-09,30.01757834,-0.37629225,0.12322774,-4.02505133,-1.29072279,24.70180422,24.70180422,0.00000000,-0.86438049,-0.85580206,15
2010-06-10,30.01757834,-0.51358559,-0.00457226,-4.53863692,-1.29529505,24.18364637,24.18364637,0.00000000,-0.97467308,-0.85883365,15
2010-06-11,30.01757834,-0.72881401,0.06612232,-5.26745092,-1.22917274,23.52095468,23.52095468,0.00000000,-1.13118602,-0.81499185,15
2010-06-14,30.01757834,-0.35217073,0.11675397,-5.61962165,-1.11241876,23.28553792,23.28553792,0.00000000,-1.20681474,-0.73757919,15
2010-06-15,30.01757834,-0.33329685,-0.06331184,-5.95291850,-1.17573060,22.88892923,22.88892923,0.00000000,-1.27839030,-0.77955753,15
2010-06-17,30.01757834,-0.01396561,0.03280136,-5.96688412,-1.14292925,22.90776498,22.90776498,0.00000000,-1.28138942,-0.75780889,15
2010-06-18,30.01757834,-0.54030336,0.11635360,-6.50718747,-1.02657565,22.48381522,22.48381522,0.00000000,-1.39741966,-0.68066169,15
2010-06-21,30.01757834,-0.13225848,-0.07743711,-6.63944595,-1.10401276,22.27411962,22.27411962,0.00000000,-1.42582219,-0.73200566,15
2010-06-22,30.01757834,0.50109065,-0.07475535,-6.13835530,-1.17876811,22.70045492,22.70045492,0.00000000,-1.31821289,-0.78157152,15
2010-06-23,30.01757834,0.31113332,-0.05836364,-5.82722199,-1.23713176,22.95322460,22.95322460,0.00000000,-1.25139695,-0.82026900,15
2010-06-24,30.01757834,0.71022359,-0.00003725,-5.11699840,-1.23716900,23.66341093,23.66341093,0.00000000,-1.09887631,-0.82029370,15
2010-06-25,30.01757834,-0.28308925,-0.02164662,-5.40008765,-1.25881562,23.35867507,23.35867507,0.00000000,-1.15966978,-0.83464630,15
2010-06-28,30.01757834,-0.11814449,0.07637285,-5.51823213,-1.18244277,23.31690343,23.31690343,0.00000000,-1.18504133,-0.78400797,15
2010-06-29,30.01757834,1.16995151,0.00835638,-4.34828062,-1.17408639,24.49521132,24.49521132,0.00000000,-0.93379403,-0.77846735,15
2010-06-30,30.01757834,-0.08817297,0.16678364,-4.43645359,-1.00730276,24.57382199,24.57382199,0.00000000,-0.95272919,-0.66788297,15
2010-07-02,30.01757834,0.52118538,-0.04132818,-3.91526821,-1.04863094,25.05367919,25.05367919,0.00000000,-0.84080454,-0.69528525,15
2010-07-06,30.01757834,-0.62794416,-0.02622389,-4.54321237,-1.07485483,24.39951113,24.39951113,0.00000000,-0.97565566,-0.71267276,15
2010-07-07,30.01757834,-0.95126185,0.09010104,-5.49447423,-0.98475380,23.53835032,23.53835032,0.00000000,-1.17993931,-0.65293209,15
2010-07-08,30.01757834,-0.35855863,-0.07412911,-5.85303286,-1.05888291,23.10566257,23.10566257,0.00000000,-1.25693984,-0.70208272,15
2010-07-09,30.01757834,0.00280723,-0.11647645,-5.85022563,-1.17535936,22.99199335,22.99199335,0.00000000,-1.25633699,-0.77931138,15
2010-07-12,30.01757834,0.01978051,-0.00091578,-5.83044512,-1.17627514,23.01085808,23.01085808,0.00000000,-1.25208912,-0.77991858,15
2010-07-13,30.01757834,-0.52415776,-0.04248168,-6.35460287,-1.21875682,22.44421864,22.44421864,0.00000000,-1.36465209,-0.80808567,15
2010-07-14,30.01757834,0.11270574,0.00115838,-6.24189713,-1.21759844,22.55808277,22.55808277,0.00000000,-1.34044851,-0.80731762,15
2010-07-15,30.01757834,0.43482286,0.02350128,-5.80707427,-1.19409716,23.01640691,23.01640691,0.00000000,-1.24707023,-0.79173530,15
2010-07-16,30.01757834,0.61772068,0.07260576,-5.18935359,-1.12149140,23.70673335,23.70673335,0.00000000,-1.11441460,-0.74359471,15
2010-07-19,30.01757834,0.04872610,-0.01488869,-5.14062749,-1.13638009,23.74057077,23.74057077,0.00000000,-1.10395066,-0.75346652,15
2010-07-20,30.01757834,-0.00732456,-0.05293618,-5.14795205,-1.18931626,23.68031003,23.68031003,0.00000000,-1.10552361,-0.78856538,15
2010-07-21,30.01757834,-0.15228080,0.10915124,-5.30023284,-1.08016503,23.63718047,23.63718047,0.00000000,-1.13822594,-0.71619364,15
2010-07-22,30.01757834,-0.73096733,0.05050775,-6.03120018,-1.02965728,22.95672088,22.95672088,0.00000000,-1.29520131,-0.68270493,15
2010-07-23,30.01757834,0.06771988,-0.10427650,-5.96348030,-1.13393378,22.92016426,22.92016426,0.00000000,-1.28065845,-0.75184452,15
2010-07-26,30.01757834,-0.44112176,0.02536984,-6.40460206,-1.10856394,22.50441234,22.50441234,0.00000000,-1.37538943,-0.73502328,15
2010-07-27,30.01757834,-1.00700014,0.14969007,-7.41160220,-0.95887387,21.64710226,21.64710226,0.00000000,-1.59164288,-0.63577264,15
2010-07-28,30.01757834,-0.17143497,-0.04851857,-7.58303717,-1.00739244,21.42714872,21.42714872,0.00000000,-1.62845857,-0.66794243,15
2010-07-29,30.01757834,0.19038543,-0.03761188,-7.39265174,-1.04500432,21.57992228,21.57992228,0.00000000,-1.58757327,-0.69288065,15
2010-07-30,30.01757834,0.11991092,0.01538576,-7.27274082,-1.02961856,21.71521896,21.71521896,0.00000000,-1.56182238,-0.68267926,15
2010-08-02,30.01757834,-0.51863270,-0.03172958,-7.79137352,-1.06134814,21.16485668,21.16485668,0.00000000,-1.67319884,-0.70371727,15
2010-08-03,30.01757834,0.07416776,0.02407061,-7.71720576,-1.03727753,21.26309505,21.26309505,0.00000000,-1.65727130,-0.68775747,15
2010-08-04,30.01757834,-0.04538521,-0.04062401,-7.76259097,-1.07790155,21.17708583,21.17708583,0.00000000,-1.66701778,-0.71469286,15
2010-08-05,30.01757834,-0.04160753,0.01008669,-7.80419850,-1.06781486,21.14556499,21.14556499,0.00000000,-1.67595301,-0.70800497,15
2010-08-06,30.01757834,0.02719039,0.02809514,-7.77700811,-1.03971972,21.20085051,21.20085051,0.00000000,-1.67011387,-0.68937674,15
2010-08-09,30.01757834,-0.23542554,0.07582758,-8.01243365,-0.96389214,21.04125255,21.04125255,0.00000000,-1.72067154,-0.63909995,15
2010-08-10,30.01757834,0.28149081,0.04593073,-7.73094284,-0.91796141,21.36867409,21.36867409,0.00000000,-1.66022134,-0.60864600,15
2010-08-11,30.01757834,0.65215774,0.12569145,-7.07878510,-0.79226996,22.14652327,22.14652327,0.00000000,-1.52017035,-0.52530742,15
2010-08-12,30.01757834,0.20481143,0.00398922,-6.87397367,-0.78828074,22.35532393,22.35532393,0.00000000,-1.47618706,-0.52266240,15
2010-08-13,30.01757834,-0.05912717,0.02118955,-6.93310084,-0.76709119,22.31738631,22.31738631,-0.00000000,-1.48888463,-0.50861286,15
2010-08-16,30.01757834,0.08635472,-0.02892554,-6.84674612,-0.79601673,22.37481549,22.37481549,0.00000000,-1.47033994,-0.52779168,15
2010-08-17,30.01757834,-0.31885020,0.12367698,-7.16559633,-0.67233974,22.17964227,22.17964227,0.00000000,-1.53881308,-0.44578878,15
2010-08-18,30.01757834,0.06703568,-0.09017775,-7.09856065,-0.76251749,22.15650020,22.15650020,0.00000000,-1.52441715,-0.50558031,15
2010-08-19,30.01757834,0.39826538,-0.04732174,-6.70029526,-0.80983923,22.50744385,22.50744385,0.00000000,-1.43888959,-0.53695657,15
2010-08-20,30.01757834,0.22398548,0.01644217,-6.47630978,-0.79339706,22.74787150,22.74787150,0.00000000,-1.39078867,-0.52605473,15
2010-08-23,30.01757834,-0.12421818,0.07877511,-6.60052796,-0.71462194,22.70242843,22.70242843,0.00000000,-1.41746455,-0.47382361,15
2010-08-24,30.01757834,0.24591029,0.06642966,-6.35461767,-0.64819228,23.01476838,23.01476838,0.00000000,-1.36465527,-0.42977802,15
2010-08-25,30.01757834,0.26534863,0.03378440,-6.08926905,-0.61440789,23.31390140,23.31390140,0.00000000,-1.30767161,-0.40737759,15
2010-08-26,30.01757834,-0.19377635,0.10137186,-6.28304540,-0.51303603,23.22149691,23.22149691,0.00000000,-1.34928511,-0.34016389,15
2010-08-27,30.01757834,-0.14698065,-0.05259934,-6.43002606,-0.56563537,23.02191692,23.02191692,0.00000000,-1.38084923,-0.37503941,15
2010-08-30,30.01757834,0.15884318,0.04967971,-6.27118288,-0.51595566,23.23043980,23.23043980,0.00000000,-1.34673763,-0.34209973,15
2010-08-31,30.01757834,0.12394298,-0.00218283,-6.14723990,-0.51813849,23.35219995,23.35219995,0.00000000,-1.32012086,-0.34354703,15
2010-09-01,30.01757834,-0.70300873,-0.02967170,-6.85024863,-0.54781019,22.61951952,22.61951952,0.00000000,-1.47109211,-0.36322059,15
2010-09-02,30.01757834,-0.12517256,-0.00930815,-6.97542119,-0.55711834,22.48503881,22.48503881,0.00000000,-1.49797293,-0.36939227,15
2010-09-03,30.01757834,-0.40652705,-0.03447243,-7.38194824,-0.59159077,22.04403933,22.04403933,0.00000000,-1.58527469,-0.39224890,15
2010-09-07,30.01757834,0.30687857,-0.03939654,-7.07506967,-0.63098731,22.31152136,22.31152136,0.00000000,-1.51937246,-0.41837042,15
2010-09-08,30.01757834,0.06292050,-0.01820561,-7.01214917,-0.64919292,22.35623625,22.35623625,0.00000000,-1.50586028,-0.43044148,15
2010-09-09,30.01757834,-0.45895196,0.01219976,-7.47110113,-0.63699316,21.90948405,21.90948405,0.00000000,-1.60442029,-0.42235254,15
2010-09-10,30.01757834,-0.04327301,0.00187987,-7.51437415,-0.63511329,21.86809090,21.86809090,0.00000000,-1.61371318,-0.42110611,15
2010-09-13,30.01757834,-0.53760546,-0.06291716,-8.05197961,-0.69803045,21.26756829,21.26756829,0.00000000,-1.72916404,-0.46282277,15
2010-09-14,30.01757834,-0.04714613,0.03604869,-8.09912573,-0.66198175,21.25647085,21.25647085,0.00000000,-1.73928868,-0.43892101,15
2010-09-15,30.01757834,0.10952090,-0.02471245,-7.98960483,-0.68669421,21.34127930,21.34127930,0.00000000,-1.71576905,-0.45530637,15
2010-09-16,30.01757834,0.22672691,-0.04924804,-7.76287793,-0.73594225,21.51875816,21.51875816,0.00000000,-1.66707941,-0.48795984,15
2010-09-17,30.01757834,0.10794202,0.02157199,-7.65493591,-0.71437026,21.64827217,21.64827217,0.00000000,-1.64389884,-0.47365673,15
2010-09-20,30.01757834,-0.29971565,0.03094305,-7.95465156,-0.68342721,21.37949957,21.37949957,0.00000000,-1.70826283,-0.45314022,15
2010-09-21,30.01757834,-0.02781251,0.09790185,-7.98246407,-0.58552535,21.44958892,21.44958892,0.00000000,-1.71423557,-0.38822728,15
2010-09-22,30.01757834,0.15655979,0.04920015,-7.82590428,-0.53632520,21.65534886,21.65534886,0.00000000,-1.68061433,-0.35560557,15
2010-09-24,30.01757834,-0.21940488,0.10076010,-8.04530916,-0.43556510,21.53670409,21.53670409,0.00000000,-1.72773156,-0.28879749,15
2010-09-27,30.01757834,0.00002346,0.01569979,-8.04528570,-0.41986531,21.55242733,21.55242733,0.00000000,-1.72772653,-0.27838789,15
2010-09-28,30.01757834,0.06230113,0.06362141,-7.98298457,-0.35624391,21.67834986,21.67834986,0.00000000,-1.71434735,-0.23620430,15
2010-09-29,30.01757834,0.23032318,-0.05673039,-7.75266138,-0.41297430,21.85194266,21.85194266,0.00000000,-1.66488540,-0.27381887,15
2010-09-30,30.01757834,0.43234946,0.19944942,-7.32031192,-0.21352487,22.48374155,22.48374155,0.00000000,-1.57203828,-0.14157573,15
2010-10-04,30.01757834,0.07763489,-0.01693308,-7.24267703,-0.23045796,22.54444335,22.54444335,0.00000000,-1.55536617,-0.15280306,15
2010-10-05,30.01757834,-0.46716042,-0.08628413,-7.70983746,-0.31674208,21.99099880,21.99099880,0.00000000,-1.65568896,-0.21001297,15
2010-10-06,30.01757834,-0.11719970,-0.10897955,-7.82703716,-0.42572164,21.76481954,21.76481954,0.00000000,-1.68085761,-0.28227088,15
2010-10-07,30.01757834,-0.04944503,-0.03127646,-7.87648219,-0.45699810,21.68409805,21.68409805,0.00000000,-1.69147594,-0.30300845,15
2010-10-08,30.01757834,0.17658748,-0.05234288,-7.69989471,-0.50934099,21.80834264,21.80834264,0.00000000,-1.65355375,-0.33771393,15
2010-10-11,30.01757834,0.01253720,0.00294929,-7.68735751,-0.50639169,21.82382913,21.82382913,0.00000000,-1.65086139,-0.33575842,15
2010-10-12,30.01757834,-0.03986517,-0.01780145,-7.72722269,-0.52419314,21.76616251,21.76616251,0.00000000,-1.65942244,-0.34756152,15
2010-10-13,30.01757834,-0.04293731,0.01920907,-7.77016000,-0.50498407,21.74243427,21.74243427,0.00000000,-1.66864324,-0.33482511,15
2010-10-14,30.01757834,0.32418269,0.01218286,-7.44597731,-0.49280121,22.07879982,22.07879982,0.00000000,-1.59902495,-0.32674738,15
2010-10-15,30.01757834,0.10407588,0.19783064,-7.34190144,-0.29497057,22.38070634,22.38070634,-0.00000000,-1.57667463,-0.19557756,15
2010-10-18,30.01757834,-0.22307115,-0.04235134,-7.56497259,-0.33732191,22.11528384,22.11528384,0.00000000,-1.62457920,-0.22365824,15
2010-10-19,30.01757834,-0.05920188,0.00234566,-7.62417447,-0.33497626,22.05842762,22.05842762,0.00000000,-1.63729282,-0.22210297,15
2010-10-20,30.01757834,-0.17622750,0.00284996,-7.80040197,-0.33212630,21.88505008,21.88505008,0.00000000,-1.67513770,-0.22021333,15
2010-10-21,30.01757834,-0.00615066,0.02991522,-7.80655263,-0.30221107,21.90881464,21.90881464,0.00000000,-1.67645856,-0.20037832,15
2010-10-22,30.01757834,-0.01043016,0.01304963,-7.81698279,-0.28916145,21.91143410,21.91143410,0.00000000,-1.67869844,-0.19172588,15
2010-10-25,30.01757834,0.06026333,-0.00021179,-7.75671946,-0.28937324,21.97148564,21.97148564,0.00000000,-1.66575688,-0.19186631,15
2010-10-26,30.01757834,-0.00533576,0.01409828,-7.76205522,-0.27527496,21.98024817,21.98024817,0.00000000,-1.66690273,-0.18251857,15
2010-10-27,30.01757834,0.10573522,0.03838935,-7.65632000,-0.23688560,22.12437274,22.12437274,0.00000000,-1.64419607,-0.15706485,15
2010-10-28,30.01757834,-0.08870450,0.01550279,-7.74502450,-0.22138282,22.05117102,22.05117102,0.00000000,-1.66324538,-0.14678587,15
2010-10-29,30.01757834,0.08613300,-0.05846383,-7.65889150,-0.27984665,22.07884019,22.07884019,0.00000000,-1.64474830,-0.18554979,15
2010-11-01,30.01757834,0.09363822,0.03599886,-7.56525328,-0.24384780,22.20847726,22.20847726,0.00000000,-1.62463948,-0.16168107,15
2010-11-02,30.01757834,-0.09287642,0.02836997,-7.65812970,-0.21547783,22.14397081,22.14397081,0.00000000,-1.64458471,-0.14287062,15
2010-11-03,30.01757834,-0.06315842,-0.11050211,-7.72128813,-0.32597993,21.97031028,21.97031028,0.00000000,-1.65814799,-0.21613804,15
2010-11-04,30.01757834,-0.57871316,-0.09551247,-8.30000129,-0.42149240,21.29608465,21.29608465,0.00000000,-1.78242675,-0.27946672,15
2010-11-05,30.01757834,0.08889386,-0.22736937,-8.21110743,-0.64886178,21.15760914,21.15760914,0.00000000,-1.76333677,-0.43022192,15
2010-11-08,30.01757834,0.01389925,-0.00334319,-8.19720818,-0.65220497,21.16816519,21.16816519,0.00000000,-1.76035191,-0.43243860,15
2010-11-09,30.01757834,-0.01207748,0.13185786,-8.20928566,-0.52034710,21.28794557,21.28794557,0.00000000,-1.76294555,-0.34501143,15
2010-11-10,30.01757834,0.30182080,-0.24038810,-7.90746486,-0.76073521,21.34937827,21.34937827,0.00000000,-1.69812948,-0.50439859,15
2010-11-11,30.01757834,0.22413764,-0.07231364,-7.68332722,-0.83304884,21.50120227,21.50120227,0.00000000,-1.64999588,-0.55234549,15
2010-11-12,30.01757834,-0.06836439,0.18798029,-7.75169162,-0.64506856,21.62081817,21.62081817,0.00000000,-1.66467715,-0.42770686,15
2010-11-15,30.01757834,-0.02680220,-0.01058747,-7.77849382,-0.65565603,21.58342849,21.58342849,0.00000000,-1.67043292,-0.43472679,15
2010-11-16,30.01757834,0.54064702,-0.02937259,-7.23784679,-0.68502862,22.09470293,22.09470293,0.00000000,-1.55432888,-0.45420202,15
2010-11-17,30.01757834,-0.10162019,0.05872680,-7.33946698,-0.62630182,22.05180954,22.05180954,0.00000000,-1.57615183,-0.41526375,15
2010-11-18,30.01757834,-0.28655619,-0.19987512,-7.62602317,-0.82617694,21.56537823,21.56537823,0.00000000,-1.63768983,-0.54778914,15
2010-11-19,30.01757834,0.15927930,-0.01336985,-7.46674387,-0.83954679,21.71128768,21.71128768,0.00000000,-1.60348457,-0.55665390,15
2010-11-22,30.01757834,0.41613284,0.01398334,-7.05061102,-0.82556345,22.14140386,22.14140386,0.00000000,-1.51411996,-0.54738237,15
2010-11-23,30.01757834,0.55822774,0.01117110,-6.49238329,-0.81439235,22.71080270,22.71080270,0.00000000,-1.39424046,-0.53997547,15
2010-11-24,30.01757834,-0.07178491,0.01871762,-6.56416820,-0.79567473,22.65773541,22.65773541,0.00000000,-1.40965628,-0.52756492,15
2010-11-26,30.01757834,0.23780991,0.07457715,-6.32635829,-0.72109758,22.97012247,22.97012247,0.00000000,-1.35858656,-0.47811722,15
2010-11-29,30.01757834,0.38802891,-0.17884179,-5.93832938,-0.89993937,23.17930959,23.17930959,0.00000000,-1.27525728,-0.59669665,15
2010-11-30,30.01757834,0.42399548,0.02009580,-5.51433390,-0.87984357,23.62340087,23.62340087,0.00000000,-1.18420418,-0.58337231,15
2010-12-01,30.01757834,-0.52515519,0.04084803,-6.03948909,-0.83899554,23.13909371,23.13909371,0.00000000,-1.29698135,-0.55628839,15
2010-12-02,30.01757834,-0.48936733,-0.08424997,-6.52885641,-0.92324551,22.56547642,22.56547642,-0.00000000,-1.40207307,-0.61214957,15
2010-12-03,30.01757834,-0.11579760,-0.00016535,-6.64465401,-0.92341086,22.44951347,22.44951347,0.00000000,-1.42694062,-0.61225921,15
2010-12-06,30.01757834,0.23336083,-0.01896197,-6.41129318,-0.94237283,22.66391233,22.66391233,0.00000000,-1.37682634,-0.62483177,15
2010-12-07,30.01757834,-0.17299961,0.01893148,-6.58429278,-0.92344135,22.50984420,22.50984420,0.00000000,-1.41397804,-0.61227942,15
2010-12-08,30.01757834,-0.31179846,-0.03502402,-6.89609125,-0.95846537,22.16302172,22.16302172,0.00000000,-1.48093682,-0.63550178,15
2010-12-09,30.01757834,-0.41040172,-0.07539843,-7.30649297,-1.03386380,21.67722157,21.67722157,0.00000000,-1.56907066,-0.68549403,15
2010-12-10,30.01757834,0.04629851,-0.07421438,-7.26019445,-1.10807818,21.64930570,21.64930570,0.00000000,-1.55912804,-0.73470120,15
2010-12-13,30.01757834,-0.15761841,-0.08038094,-7.41781287,-1.18845912,21.41130635,21.41130635,0.00000000,-1.59297663,-0.78799705,15
2010-12-14,30.01757834,0.03129547,0.03833553,-7.38651740,-1.15012359,21.48093736,21.48093736,0.00000000,-1.58625592,-0.76257903,15
2010-12-15,30.01757834,0.31191353,0.05716486,-7.07460386,-1.09295872,21.85001575,21.85001575,0.00000000,-1.51927243,-0.72467638,15
2010-12-16,30.01757834,0.00278867,-0.01521715,-7.07181519,-1.10817587,21.83758728,21.83758728,0.00000000,-1.51867356,-0.73476597,15
2010-12-17,30.01757834,0.20746957,-0.09522393,-6.86434562,-1.20339980,21.94983291,21.94983291,0.00000000,-1.47411944,-0.79790334,15
2010-12-20,30.01757834,0.11015892,-0.03656761,-6.75418671,-1.23996741,22.02342423,22.02342423,0.00000000,-1.45046279,-0.82214916,15
2010-12-21,30.01757834,-0.20484065,-0.06611415,-6.95902736,-1.30608156,21.75246942,21.75246942,-0.00000000,-1.49445236,-0.86598555,15
2010-12-22,30.01757834,0.03581812,-0.07227237,-6.92320924,-1.37835393,21.71601517,21.71601517,0.00000000,-1.48676041,-0.91390509,15
2010-12-23,30.01757834,0.12198309,0.00288320,-6.80122615,-1.37547073,21.84088146,21.84088146,0.00000000,-1.46056452,-0.91199341,15
2010-12-28,30.01757834,0.16363478,-0.04757599,-6.63759137,-1.42304671,21.95694026,21.95694026,0.00000000,-1.42542392,-0.94353823,15
2010-12-29,30.01757834,0.02856017,-0.04181064,-6.60903120,-1.46485735,21.94368978,21.94368978,0.00000000,-1.41929062,-0.97126040,15
2010-12-30,30.01757834,0.10059814,0.02552576,-6.50843306,-1.43933159,22.06981369,22.06981369,0.00000000,-1.39768715,-0.95433578,15
2011-01-03,30.01757834,-0.39176579,-0.21355041,-6.90019885,-1.65288200,21.46449748,21.46449748,0.00000000,-1.48181892,-1.09592844,15
2011-01-04,30.01757834,-0.13104118,-0.08633008,-7.03124003,-1.73921208,21.24712623,21.24712623,0.00000000,-1.50996004,-1.15316882,15
2011-01-05,30.01757834,-0.04510996,0.00779011,-7.07634999,-1.73142197,21.20980638,21.20980638,0.00000000,-1.51964741,-1.14800365,15
2011-01-06,30.01757834,0.17558479,-0.06823366,-6.90076520,-1.79965563,21.31715752,21.31715752,0.00000000,-1.48194055,-1.19324536,15
2011-01-07,30.01757834,0.32387189,-0.00251828,-6.57689330,-1.80217390,21.63851114,21.63851114,0.00000000,-1.41238900,-1.19491508,15
2011-01-10,30.01757834,0.39778269,-0.04819279,-6.17911062,-1.85036670,21.98810103,21.98810103,0.00000000,-1.32696510,-1.22686888,15
2011-01-11,30.01757834,-0.25720508,0.04318418,-6.43631570,-1.80718251,21.77408013,21.77408013,0.00000000,-1.38219994,-1.19823600,15
2011-01-12,30.01757834,-0.76446943,-0.03043071,-7.20078513,-1.83761322,20.97917999,20.97917999,0.00000000,-1.54636988,-1.21841280,15
2011-01-13,30.01757834,-0.29694427,0.01209199,-7.49772940,-1.82552123,20.69432771,20.69432771,0.00000000,-1.61013872,-1.21039531,15
2011-01-14,30.01757834,-0.05399949,-0.03176106,-7.55172889,-1.85728229,20.60856716,20.60856716,0.00000000,-1.62173512,-1.23145420,15
2011-01-18,30.01757834,-0.13145634,0.13591805,-7.68318523,-1.72136424,20.61302887,20.61302887,0.00000000,-1.64996539,-1.14133497,15
2011-01-19,30.01757834,0.03139404,0.04038013,-7.65179118,-1.68098411,20.68480305,20.68480305,0.00000000,-1.64322351,-1.11456129,15
2011-01-20,30.01757834,-0.23903523,0.07212441,-7.89082642,-1.60885970,20.51789222,20.51789222,0.00000000,-1.69455637,-1.06673985,15
2011-01-21,30.01757834,-0.29047112,0.09408254,-8.18129754,-1.51477715,20.32150365,20.32150365,0.00000000,-1.75693509,-1.00435927,15
2011-01-24,30.01757834,0.07021297,0.01574265,-8.11108457,-1.49903451,20.40745926,20.40745926,0.00000000,-1.74185685,-0.99392125,15
2011-01-25,30.01757834,0.18703327,-0.08855885,-7.92405130,-1.58759336,20.50593369,20.50593369,0.00000000,-1.70169142,-1.05263939,15
2011-01-26,30.01757834,0.17769932,-0.02287492,-7.74635197,-1.61046828,20.66075809,20.66075809,0.00000000,-1.66353046,-1.06780640,15
2011-01-27,30.01757834,-0.24550973,0.06130530,-7.99186170,-1.54916297,20.47655366,20.47655366,0.00000000,-1.71625371,-1.02715848,15
2011-01-28,30.01757834,0.07702657,0.12983051,-7.91483513,-1.41933246,20.68341075,20.68341075,0.00000000,-1.69971225,-0.94107553,15
2011-01-31,30.01757834,0.13781038,-0.02244647,-7.77702475,-1.44177893,20.79877466,20.79877466,0.00000000,-1.67011744,-0.95595846,15
2011-02-01,30.01757834,-0.26089396,-0.01196177,-8.03791871,-1.45374070,20.52591893,20.52591893,0.00000000,-1.72614447,-0.96388960,15
2011-02-02,30.01757834,-0.11981935,-0.07949336,-8.15773806,-1.53323405,20.32660623,20.32660623,-0.00000000,-1.75187569,-1.01659695,15
2011-02-07,30.01757834,-0.18764672,0.06131685,-8.34538478,-1.47191720,20.20027636,20.20027636,0.00000000,-1.79217286,-0.97594137,15
2011-02-08,30.01757834,-0.24456752,-0.01600491,-8.58995231,-1.48792211,19.93970392,19.93970392,0.00000000,-1.84469378,-0.98655328,15
2011-02-09,30.01757834,0.09036816,0.04389001,-8.49958414,-1.44403210,20.07396210,20.07396210,0.00000000,-1.82528720,-0.95745240,15
2011-02-10,30.01757834,0.11158225,0.00981273,-8.38800189,-1.43421937,20.19535707,20.19535707,0.00000000,-1.80132489,-0.95094616,15
2011-02-11,30.01757834,-0.07341601,-0.06833148,-8.46141790,-1.50255085,20.05360958,20.05360958,0.00000000,-1.81709099,-0.99625273,15
2011-02-14,30.01757834,0.05825417,-0.10349925,-8.40316374,-1.60605010,20.00836450,20.00836450,0.00000000,-1.80458090,-1.06487697,15
2011-02-15,30.01757834,-0.17621853,0.04651645,-8.57938227,-1.55953366,19.87866242,19.87866242,0.00000000,-1.84242386,-1.03403466,15
2011-02-16,30.01757834,-0.43406079,0.02880436,-9.01344306,-1.53072929,19.47340598,19.47340598,0.00000000,-1.93563849,-1.01493619,15
2011-02-17,30.01757834,-0.00921183,-0.03050636,-9.02265489,-1.56123565,19.43368779,19.43368779,0.00000000,-1.93761673,-1.03516316,15
2011-02-18,30.01757834,0.03043282,-0.02163548,-8.99222207,-1.58287113,19.44248514,19.44248514,0.00000000,-1.93108128,-1.04950836,15
2011-02-22,30.01757834,0.63102580,0.15837259,-8.36119627,-1.42449854,20.23188353,20.23188353,-0.00000000,-1.79556838,-0.94450085,15
2011-02-23,30.01757834,-0.01479797,0.06160223,-8.37599424,-1.36289632,20.27868779,20.27868779,0.00000000,-1.79874624,-0.90365606,15
2011-02-24,30.01757834,-0.21992394,0.12633435,-8.59591817,-1.23656196,20.18509820,20.18509820,-0.00000000,-1.84597495,-0.81989121,15
2011-02-25,30.01757834,-0.25557471,-0.05023446,-8.85149288,-1.28679642,19.87928904,19.87928904,0.00000000,-1.90085966,-0.85319871,15
2011-02-28,30.01757834,-0.10607763,-0.02906214,-8.95757052,-1.31585856,19.74414926,19.74414926,0.00000000,-1.92363985,-0.87246810,15
2011-03-01,30.01757834,0.29027257,-0.08458669,-8.66729795,-1.40044525,19.94983514,19.94983514,0.00000000,-1.86130377,-0.92855254,15
2011-03-02,30.01757834,0.15136478,0.08518979,-8.51593317,-1.31525547,20.18638971,20.18638971,0.00000000,-1.82879815,-0.87206822,15
2011-03-03,30.01757834,-0.03815295,-0.07575102,-8.55408612,-1.39100649,20.07248573,20.07248573,0.00000000,-1.83699151,-0.92229425,15
2011-03-04,30.01757834,0.21100103,0.00104558,-8.34308509,-1.38996090,20.28453235,20.28453235,0.00000000,-1.79167900,-0.92160099,15
2011-03-07,30.01757834,0.22261877,0.02781505,-8.12046631,-1.36214586,20.53496617,20.53496617,0.00000000,-1.74387158,-0.90315847,15
2011-03-08,30.01757834,-0.21751101,-0.03612044,-8.33797732,-1.39826629,20.28133472,20.28133472,0.00000000,-1.79058211,-0.92710780,15
2011-03-09,30.01757834,0.20435814,-0.13701510,-8.13361918,-1.53528140,20.34867776,20.34867776,0.00000000,-1.74669616,-1.01795442,15
2011-03-10,30.01757834,0.11373555,0.09920420,-8.01988363,-1.43607720,20.56161751,20.56161751,0.00000000,-1.72227143,-0.95217798,15
2011-03-11,30.01757834,-0.03241505,0.07633567,-8.05229868,-1.35974153,20.60553813,20.60553813,0.00000000,-1.72923257,-0.90156430,15
2011-03-14,30.01757834,-0.10659041,0.29107462,-8.15888910,-1.06866691,20.79002234,20.79002234,0.00000000,-1.75212288,-0.70856991,15
2011-03-15,30.01757834,0.48223406,0.26773506,-7.67665503,-0.80093184,21.53999146,21.53999146,0.00000000,-1.64856303,-0.53105060,15
2011-03-16,30.01757834,0.31813420,-0.15414376,-7.35852084,-0.95507560,21.70398190,21.70398190,0.00000000,-1.58024365,-0.63325423,15
2011-03-17,30.01757834,-0.11530756,0.13878028,-7.47382839,-0.81629532,21.72745462,21.72745462,0.00000000,-1.60500597,-0.54123722,15
2011-03-18,30.01757834,-0.10899507,-0.15169028,-7.58282346,-0.96798560,21.46676927,21.46676927,0.00000000,-1.62841268,-0.64181409,15
2011-03-21,30.01757834,-0.31655962,0.06745954,-7.89938308,-0.90052606,21.21766919,21.21766919,0.00000000,-1.69639392,-0.59708565,15
2011-03-22,30.01757834,-0.15282372,-0.20058497,-8.05220680,-1.10111103,20.86426051,20.86426051,0.00000000,-1.72921283,-0.73008169,15
2011-03-23,30.01757834,0.02920932,0.01734231,-8.02299748,-1.08376872,20.91081214,20.91081214,0.00000000,-1.72294013,-0.71858303,15
2011-03-24,30.01757834,-0.11143723,0.06499309,-8.13443471,-1.01877563,20.86436800,20.86436800,0.00000000,-1.74687129,-0.67548995,15
2011-03-25,30.01757834,-0.08444251,0.01099985,-8.21887722,-1.00777578,20.79092534,20.79092534,0.00000000,-1.76500534,-0.66819660,15
2011-03-28,30.01757834,-0.01611412,-0.01024679,-8.23499134,-1.01802257,20.76456443,20.76456443,0.00000000,-1.76846585,-0.67499065,15
2011-03-29,30.01757834,0.08756040,0.11431343,-8.14743094,-0.90370915,20.96643825,20.96643825,0.00000000,-1.74966224,-0.59919617,15
2011-03-30,30.01757834,0.04803797,-0.02009367,-8.09939297,-0.92380282,20.99438255,20.99438255,0.00000000,-1.73934607,-0.61251909,15
2011-03-31,30.01757834,0.43391532,0.10155482,-7.66547765,-0.82224800,21.52985270,21.52985270,-0.00000000,-1.64616268,-0.54518409,15
2011-04-01,30.01757834,-0.39076037,-0.01176952,-8.05623801,-0.83401752,21.12732281,21.12732281,0.00000000,-1.73007854,-0.55298776,15
2011-04-04,30.01757834,0.23219007,-0.02114866,-7.82404794,-0.85516617,21.33836423,21.33836423,0.00000000,-1.68021568,-0.56701019,15
2011-04-06,30.01757834,-0.05335519,0.00723736,-7.87740313,-0.84792881,21.29224640,21.29224640,0.00000000,-1.69167372,-0.56221152,15
2011-04-07,30.01757834,-0.18935655,-0.01361553,-8.06675968,-0.86154434,21.08927433,21.08927433,0.00000000,-1.73233807,-0.57123917,15
2011-04-08,30.01757834,-0.08866724,-0.05571736,-8.15542692,-0.91726169,20.94488973,20.94488973,0.00000000,-1.75137937,-0.60818206,15
2011-04-11,30.01757834,0.11691309,0.01762596,-8.03851383,-0.89963573,21.07942878,21.07942878,0.00000000,-1.72627227,-0.59649532,15
2011-04-12,30.01757834,0.12559725,0.01525129,-7.91291658,-0.88438444,21.22027732,21.22027732,0.00000000,-1.69930024,-0.58638309,15
2011-04-13,30.01757834,-0.03667081,-0.03065151,-7.94958739,-0.91503595,21.15295500,21.15295500,0.00000000,-1.70717530,-0.60670630,15
2011-04-14,30.01757834,0.26237219,0.02874473,-7.68721520,-0.88629122,21.44407191,21.44407191,0.00000000,-1.65083083,-0.58764737,15
2011-04-15,30.01757834,0.17055103,0.01854892,-7.51666417,-0.86774231,21.63317186,21.63317186,0.00000000,-1.61420496,-0.57534868,15
2011-04-18,30.01757834,0.52596777,0.00534661,-6.99069640,-0.86239570,22.16448624,22.16448624,0.00000000,-1.50125329,-0.57180365,15
2011-04-19,30.01757834,0.04074205,0.01611955,-6.94995435,-0.84627615,22.22134784,22.22134784,0.00000000,-1.49250393,-0.56111573,15
2011-04-20,30.01757834,-0.12778549,-0.01398682,-7.07773984,-0.86026297,22.07957553,22.07957553,0.00000000,-1.51994588,-0.57038957,15
2011-04-21,30.01757834,-0.04561098,0.02691118,-7.12335082,-0.83335179,22.06087573,22.06087573,0.00000000,-1.52974085,-0.55254636,15
2011-04-26,30.01757834,-0.01290893,-0.04334288,-7.13625975,-0.87669467,22.00462392,22.00462392,0.00000000,-1.53251304,-0.58128446,15
2011-04-27,30.01757834,-0.17038770,0.03354837,-7.30664746,-0.84314630,21.86778459,21.86778459,0.00000000,-1.56910383,-0.55904051,15
2011-04-28,30.01757834,-0.28806099,-0.00086069,-7.59470844,-0.84400699,21.57886291,21.57886291,0.00000000,-1.63096498,-0.55961119,15
2011-04-29,30.01757834,0.00579371,0.00147722,-7.58891473,-0.84252977,21.58613383,21.58613383,0.00000000,-1.62972078,-0.55863173,15
2011-05-03,30.01757834,0.05251656,-0.01463586,-7.53639817,-0.85716564,21.62401453,21.62401453,0.00000000,-1.61844284,-0.56833591,15
2011-05-04,30.01757834,0.07787112,0.02318425,-7.45852705,-0.83398139,21.72506990,21.72506990,0.00000000,-1.60172000,-0.55296380,15
2011-05-05,30.01757834,0.26195495,-0.03094049,-7.19657210,-0.86492188,21.95608436,21.95608436,0.00000000,-1.54546513,-0.57347862,15
2011-05-06,30.01757834,-0.19651954,-0.00607206,-7.39309164,-0.87099394,21.75349276,21.75349276,0.00000000,-1.58766774,-0.57750464,15
2011-05-09,30.01757834,0.32795779,-0.05704703,-7.06513385,-0.92804097,22.02440352,22.02440352,0.00000000,-1.51723874,-0.61532916,15
2011-05-11,30.01757834,-0.24423972,0.09918251,-7.30937357,-0.82885846,21.87934631,21.87934631,0.00000000,-1.56968927,-0.54956710,15
2011-05-12,30.01757834,0.07058883,0.07652461,-7.23878474,-0.75233386,22.02645975,22.02645975,0.00000000,-1.55453030,-0.49882815,15
2011-05-13,30.01757834,0.11309310,0.12771016,-7.12569164,-0.62462370,22.26726301,22.26726301,0.00000000,-1.53024354,-0.41415108,15
2011-05-16,30.01757834,0.15021562,0.07080327,-6.97547602,-0.55382043,22.48828189,22.48828189,0.00000000,-1.49798471,-0.36720562,15
2011-05-17,30.01757834,0.09556137,-0.09783484,-6.87991465,-0.65165527,22.48600842,22.48600842,0.00000000,-1.47746289,-0.43207412,15
2011-05-18,30.01757834,-0.10591471,-0.08413953,-6.98582936,-0.73579480,22.29595417,22.29595417,0.00000000,-1.50020809,-0.48786208,15
2011-05-19,30.01757834,-0.08277638,0.08421128,-7.06860574,-0.65158353,22.29738907,22.29738907,0.00000000,-1.51798433,-0.43202656,15
2011-05-20,30.01757834,0.17517535,0.09394888,-6.89343040,-0.55763465,22.56651330,22.56651330,0.00000000,-1.48036540,-0.36973460,15
2011-05-23,30.01757834,0.34083349,0.04497988,-6.55259691,-0.51265477,22.95232666,22.95232666,0.00000000,-1.40717135,-0.33991110,15
2011-05-24,30.01757834,0.02337960,-0.00622111,-6.52921731,-0.51887588,22.96948515,22.96948515,0.00000000,-1.40215057,-0.34403595,15
2011-05-25,30.01757834,-0.26866275,0.04722764,-6.79788006,-0.47164824,22.74805004,22.74805004,0.00000000,-1.45984595,-0.31272209,15
2011-05-26,30.01757834,0.31435901,-0.13350487,-6.48352105,-0.60515311,22.92890418,22.92890418,0.00000000,-1.39233729,-0.40124129,15
2011-05-27,30.01757834,-0.36338301,-0.01524372,-6.84690406,-0.62039683,22.55027745,22.55027745,0.00000000,-1.47037386,-0.41134850,15
2011-05-31,30.01757834,-0.02528708,-0.05289699,-6.87219114,-0.67329383,22.47209338,22.47209338,0.00000000,-1.47580426,-0.44642137,15
2011-06-01,30.01757834,0.21459771,0.07118642,-6.65759342,-0.60210740,22.75787751,22.75787751,0.00000000,-1.42971937,-0.39922186,15
2011-06-02,30.01757834,0.22424828,0.05958277,-6.43334514,-0.54252463,23.04170857,23.04170857,0.00000000,-1.38156201,-0.35971604,15
2011-06-03,30.01757834,-0.21569695,0.12124284,-6.64904209,-0.42128180,22.94725445,22.94725445,0.00000000,-1.42788297,-0.27932708,15
2011-06-07,30.01757834,0.37734150,0.17537581,-6.27170059,-0.24590599,23.49997176,23.49997176,0.00000000,-1.34684881,-0.16304574,15
2011-06-08,30.01757834,0.16282090,0.02814777,-6.10887969,-0.21775822,23.69094043,23.69094043,0.00000000,-1.31188299,-0.14438261,15
2011-06-09,30.01757834,-0.05459090,-0.04091199,-6.16347059,-0.25867020,23.59543754,23.59543754,0.00000000,-1.32360640,-0.17150894,15
2011-06-10,30.01757834,0.16201238,-0.06738413,-6.00145822,-0.32605433,23.69006579,23.69006579,0.00000000,-1.28881421,-0.21618737,15
2011-06-13,30.01757834,-0.02336569,-0.11262101,-6.02482390,-0.43867534,23.55407910,23.55407910,0.00000000,-1.29383200,-0.29085971,15
2011-06-14,30.01757834,-0.22633202,-0.01226194,-6.25115592,-0.45093728,23.31548513,23.31548513,0.00000000,-1.34243684,-0.29898988,15
2011-06-15,30.01757834,0.37005767,0.03637564,-5.88109825,-0.41456164,23.72191845,23.72191845,0.00000000,-1.26296689,-0.27487134,15
2011-06-16,30.01757834,0.09365940,0.09436139,-5.78743885,-0.32020025,23.90993924,23.90993924,0.00000000,-1.24285352,-0.21230587,15
2011-06-17,30.01757834,-0.30285479,0.03604771,-6.09029363,-0.28415254,23.64313217,23.64313217,0.00000000,-1.30789164,-0.18840477,15
2011-06-20,30.01757834,0.13534782,0.03522074,-5.95494582,-0.24893180,23.81370073,23.81370073,0.00000000,-1.27882567,-0.16505197,15
2011-06-21,30.01757834,-0.42006305,0.02526071,-6.37500887,-0.22367109,23.41889838,23.41889838,0.00000000,-1.36903428,-0.14830309,15
2011-06-22,30.01757834,0.03773839,-0.08277076,-6.33727048,-0.30644185,23.37386601,23.37386601,0.00000000,-1.36092996,-0.20318349,15
2011-06-23,30.01757834,0.47309878,-0.02554140,-5.86417170,-0.33198325,23.82142339,23.82142339,0.00000000,-1.25933191,-0.22011849,15
2011-06-24,30.01757834,0.23939312,-0.13942623,-5.62477858,-0.47140948,23.92139028,23.92139028,0.00000000,-1.20792220,-0.31256379,15
2011-06-27,30.01757834,-0.01059832,-0.02204589,-5.63537690,-0.49345537,23.88874607,23.88874607,0.00000000,-1.21019819,-0.32718112,15
2011-06-28,30.01757834,-0.37867080,0.11185733,-6.01404770,-0.38159805,23.62193259,23.62193259,0.00000000,-1.29151781,-0.25301513,15
2011-06-29,30.01757834,-0.33525273,-0.05013969,-6.34930043,-0.43173774,23.23654017,23.23654017,0.00000000,-1.36351339,-0.28625980,15
2011-06-30,30.01757834,-0.37036429,0.05090265,-6.71966472,-0.38083509,22.91707854,22.91707854,0.00000000,-1.44304919,-0.25250926,15
2011-07-05,30.01757834,-0.10594269,-0.20892509,-6.82560741,-0.58976018,22.60221075,22.60221075,0.00000000,-1.46580040,-0.39103514,15
2011-07-06,30.01757834,0.44522972,0.00157861,-6.38037768,-0.58818157,23.04901909,23.04901909,0.00000000,-1.37018724,-0.38998846,15
2011-07-07,30.01757834,-0.02714352,-0.07647214,-6.40752121,-0.66465371,22.94540342,22.94540342,0.00000000,-1.37601631,-0.44069262,15
2011-07-08,30.01757834,0.52648711,-0.08471513,-5.88103410,-0.74936884,23.38717541,23.38717541,0.00000000,-1.26295311,-0.49686222,15
2011-07-11,30.01757834,1.03353451,0.01234155,-4.84749959,-0.73702729,24.43305146,24.43305146,0.00000000,-1.04100139,-0.48867927,15
2011-07-12,30.01757834,-0.05826962,0.23724343,-4.90576921,-0.49978386,24.61202527,24.61202527,0.00000000,-1.05351481,-0.33137716,15
2011-07-13,30.01757834,-0.04016198,-0.05560249,-4.94593119,-0.55538635,24.51626080,24.51626080,0.00000000,-1.06213960,-0.36824389,15
2011-07-14,30.01757834,0.27890986,-0.02860260,-4.66702133,-0.58398895,24.76656806,24.76656806,0.00000000,-1.00224366,-0.38720858,15
2011-07-15,30.01757834,0.36401269,-0.04416650,-4.30300864,-0.62815545,25.08641425,25.08641425,0.00000000,-0.92407187,-0.41649278,15
2011-07-18,30.01757834,0.59522474,-0.09423804,-3.70778390,-0.72239349,25.58740095,25.58740095,0.00000000,-0.79624725,-0.47897646,15
2011-07-19,30.01757834,-0.42586395,0.09053633,-4.13364785,-0.63185716,25.25207333,25.25207333,0.00000000,-0.88770161,-0.41894717,15
2011-07-20,30.01757834,-0.69082258,0.01199709,-4.82447043,-0.61986007,24.57324784,24.57324784,0.00000000,-1.03605588,-0.41099260,15
2011-07-21,30.01757834,-0.80762857,-0.00758762,-5.63209900,-0.62744768,23.75803165,23.75803165,0.00000000,-1.20949426,-0.41602350,15
2011-07-22,30.01757834,-0.09552726,-0.11075069,-5.72762627,-0.73819838,23.55175369,23.55175369,0.00000000,-1.23000875,-0.48945575,15
2011-07-25,30.01757834,0.68970255,-0.03451280,-5.03792372,-0.77271118,24.20694345,24.20694345,0.00000000,-1.08189501,-0.51233915,15
2011-07-26,30.01757834,0.02819813,-0.11699116,-5.00972558,-0.88970234,24.11815042,24.11815042,0.00000000,-1.07583946,-0.58990907,15
2011-07-27,30.01757834,0.38261887,0.03413243,-4.62710671,-0.85556991,24.53490172,24.53490172,0.00000000,-0.99367199,-0.56727788,15
2011-07-28,30.01757834,-0.17372663,0.11161919,-4.80083334,-0.74395072,24.47279428,24.47279428,0.00000000,-1.03097981,-0.49326978,15
2011-07-29,30.01757834,0.34915462,-0.00931593,-4.45167872,-0.75326665,24.81263298,24.81263298,0.00000000,-0.95599879,-0.49944663,15
2011-08-01,30.01757834,0.49966811,-0.25138179,-3.95201061,-1.00464844,25.06091929,25.06091929,0.00000000,-0.84869498,-0.66612305,15
2011-08-02,30.01757834,0.53909244,0.10634773,-3.41291816,-0.89830071,25.70635946,25.70635946,0.00000000,-0.73292478,-0.59561015,15
2011-08-03,30.01757834,0.92208381,-0.13779466,-2.49083435,-1.03609538,26.49064861,26.49064861,0.00000000,-0.53490712,-0.68697366,15
2011-08-04,30.01757834,0.90856122,0.04935228,-1.58227314,-0.98674310,27.44856211,27.44856211,0.00000000,-0.33979344,-0.65425107,15
2011-08-05,30.01757834,0.11392277,0.22273681,-1.46835037,-0.76400628,27.78522169,27.78522169,0.00000000,-0.31532850,-0.50656745,15
2011-08-08,30.01757834,1.48094992,0.42240916,0.01259955,-0.34159712,29.68858077,29.68858077,0.00000000,0.00270576,-0.22649288,15
2011-08-09,30.01757834,-0.59377478,0.01555587,-0.58117523,-0.32604125,29.11036186,29.11036186,0.00000000,-0.12480748,-0.21617870,15
2011-08-10,30.01757834,2.63523220,-0.20513199,2.05405697,-0.53117324,31.54046207,31.54046207,0.00000000,0.44110910,-0.35218961,15
2011-08-11,30.01757834,-0.92591958,-0.03080831,1.12813739,-0.56198155,30.58373418,30.58373418,0.00000000,0.24226770,-0.37261678,15
2011-08-12,30.01757834,-0.52534952,0.18479184,0.60278787,-0.37718971,30.24317650,30.24317650,0.00000000,0.12944880,-0.25009222,15
2011-08-15,30.01757834,-0.52865765,-0.11796343,0.07413022,-0.49515314,29.59655543,29.59655543,0.00000000,0.01591948,-0.32830680,15
2011-08-16,30.01757834,-0.02110086,0.14267539,0.05302936,-0.35247774,29.71812996,29.71812996,0.00000000,0.01138806,-0.23370717,15
2011-08-17,30.01757834,0.25628201,-0.09953280,0.30931137,-0.45201054,29.87487917,29.87487917,0.00000000,0.06642467,-0.29970149,15
2011-08-18,30.01757834,1.79333207,-0.11281152,2.10264344,-0.56482206,31.55539972,31.55539972,0.00000000,0.45154305,-0.37450015,15
2011-08-19,30.01757834,0.62675090,0.25217399,2.72939434,-0.31264807,32.43432461,32.43432461,0.00000000,0.58613792,-0.20729847,15
2011-08-22,30.01757834,0.28529749,0.12267096,3.01469183,-0.18997711,32.84229306,32.84229306,0.00000000,0.64740560,-0.12596260,15
2011-08-23,30.01757834,-0.18449992,-0.15927342,2.83019191,-0.34925053,32.49851972,32.49851972,0.00000000,0.60778421,-0.23156740,15
2011-08-24,30.01757834,-0.49574560,0.15099398,2.33444631,-0.19825655,32.15376810,32.15376810,0.00000000,0.50132276,-0.13145221,15
2011-08-25,30.01757834,-0.76947289,0.04271059,1.56497341,-0.15554596,31.42700579,31.42700579,0.00000000,0.33607832,-0.10313334,15
2011-08-26,30.01757834,0.35266806,-0.11874098,1.91764148,-0.27428694,31.66093288,31.66093288,0.00000000,0.41181385,-0.18186347,15
2011-08-29,30.01757834,-0.75797121,-0.15354342,1.15967027,-0.42783036,30.74941825,30.74941825,0.00000000,0.24903940,-0.28366904,15
2011-08-30,30.01757834,0.17028953,-0.06444041,1.32995980,-0.49227076,30.85526737,30.85526737,0.00000000,0.28560910,-0.32639567,15
2011-08-31,30.01757834,-0.90807782,0.08173163,0.42188198,-0.41053914,30.02892118,30.02892118,0.00000000,0.09059923,-0.27220426,15
2011-09-01,30.01757834,0.40614850,-0.02530196,0.82803047,-0.43584109,30.40976772,30.40976772,0.00000000,0.17781969,-0.28898049,15
2011-09-02,30.01757834,1.22788972,0.06011602,2.05592020,-0.37572507,31.69777346,31.69777346,0.00000000,0.44150923,-0.24912111,15
2011-09-06,30.01757834,2.79752592,-0.10101585,4.85344612,-0.47674093,34.39428353,34.39428353,0.00000000,1.04227841,-0.31609875,15
2011-09-07,30.01757834,-0.86627829,-0.15702669,3.98716783,-0.63376762,33.37097855,33.37097855,0.00000000,0.85624500,-0.42021388,15
2011-09-08,30.01757834,-0.60669282,0.37870335,3.38047501,-0.25506427,33.14298907,33.14298907,0.00000000,0.72595761,-0.16911805,15
2011-09-09,30.01757834,1.07533081,0.10206353,4.45580582,-0.15300074,34.32038341,34.32038341,0.00000000,0.95688509,-0.10144576,15
2011-09-12,30.01757834,1.42537400,0.17763554,5.88117982,0.02463480,35.92339296,35.92339296,0.00000000,1.26298441,0.01633388,15
2011-09-14,30.01757834,-0.77051734,-0.04096684,5.11066248,-0.01633204,35.11190877,35.11190877,0.00000000,1.09751567,-0.01082881,15
2011-09-15,30.01757834,-0.66057875,-0.50725326,4.45008373,-0.52358531,33.94407676,33.94407676,0.00000000,0.95565627,-0.34715850,15
2011-09-16,30.01757834,0.43835232,-0.14461014,4.88843605,-0.66819545,34.23781894,34.23781894,0.00000000,1.04979251,-0.44304094,15
2011-09-19,30.01757834,0.67429460,0.25468357,5.56273065,-0.41351188,35.16679711,35.16679711,0.00000000,1.19459739,-0.27417531,15
2011-09-20,30.01757834,0.59950136,0.16431292,6.16223201,-0.24919897,35.93061139,35.93061139,0.00000000,1.32334041,-0.16522912,15
2011-09-21,30.01757834,0.41354417,0.30421042,6.57577618,0.05501146,36.64836598,36.64836598,0.00000000,1.41214910,0.03647485,15
2011-09-22,30.01757834,1.18994298,0.42055808,7.76571916,0.47556954,38.25886703,38.25886703,0.00000000,1.66768956,0.31532207,15
2011-09-23,30.01757834,-1.12180375,-0.03223781,6.64391541,0.44333172,37.10482548,37.10482548,0.00000000,1.42678201,0.29394708,15
2011-09-26,30.01757834,-0.71102442,-0.19661930,5.93289099,0.24671243,36.19718176,36.19718176,-0.00000000,1.27408939,0.16358044,15
2011-09-27,30.01757834,-1.59004241,-0.31124853,4.34284858,-0.06453611,34.29589081,34.29589081,0.00000000,0.93262750,-0.04279008,15
2011-09-28,30.01757834,0.36137991,0.20580544,4.70422849,0.14126934,34.86307617,34.86307617,0.00000000,1.01023390,0.09366735,15
2011-09-30,30.01757834,0.02340273,0.19172089,4.72763122,0.33299022,35.07819978,35.07819978,0.00000000,1.01525964,0.22078615,15
2011-10-03,30.01757834,0.90186593,0.59697345,5.62949715,0.92996367,36.57703916,36.57703916,0.00000000,1.20893551,0.61660399,15
2011-10-04,30.01757834,0.36832085,-0.09110255,5.99781800,0.83886113,36.85425747,36.85425747,0.00000000,1.28803248,0.55619927,15
2011-10-06,30.01757834,-1.80665251,-0.40339734,4.19116549,0.43546378,34.64420761,34.64420761,0.00000000,0.90005353,0.28873032,15
2011-10-07,30.01757834,0.29471008,0.12863707,4.48587557,0.56410085,35.06755476,35.06755476,0.00000000,0.96334257,0.37402196,15
2011-10-10,30.01757834,-0.47687971,-0.29080100,4.00899586,0.27329986,34.29987406,34.29987406,0.00000000,0.86093257,0.18120899,15
2011-10-11,30.01757834,-0.48797854,-0.32756999,3.52101732,-0.05427014,33.48432552,33.48432552,0.00000000,0.75613909,-0.03598332,15
2011-10-12,30.01757834,-0.61781941,-0.15115646,2.90319791,-0.20542659,32.71534966,32.71534966,0.00000000,0.62346227,-0.13620624,15
2011-10-13,30.01757834,0.66368294,0.07534736,3.56688085,-0.13007923,33.45437996,33.45437996,0.00000000,0.76598829,-0.08624786,15
2011-10-14,30.01757834,0.25233837,0.05121266,3.81921922,-0.07886657,33.75793099,33.75793099,0.00000000,0.82017800,-0.05229176,15
2011-10-17,30.01757834,0.31856388,0.04774840,4.13778310,-0.03111816,34.12424328,34.12424328,0.00000000,0.88858965,-0.02063262,15
2011-10-18,30.01757834,0.21255718,-0.08393249,4.35034028,-0.11505066,34.25286796,34.25286796,0.00000000,0.93423634,-0.07628330,15
2011-10-19,30.01757834,-0.30864657,-0.02574899,4.04169371,-0.14079964,33.91847241,33.91847241,0.00000000,0.86795444,-0.09335593,15
2011-10-20,30.01757834,0.63485492,-0.07576085,4.67654863,-0.21656049,34.47756648,34.47756648,0.00000000,1.00428965,-0.14358847,15
2011-10-21,30.01757834,-0.60922694,-0.05209208,4.06732169,-0.26865258,33.81624746,33.81624746,0.00000000,0.87345805,-0.17812766,15
2011-10-24,30.01757834,-0.34820566,-0.28913180,3.71911603,-0.55778437,33.17891000,33.17891000,0.00000000,0.79868083,-0.36983388,15
2011-10-25,30.01757834,0.47476288,0.13512391,4.19387891,-0.42266046,33.78879679,33.78879679,0.00000000,0.90063624,-0.28024119,15
2011-10-26,30.01757834,0.13440078,-0.09168099,4.32827970,-0.51434145,33.83151659,33.83151659,0.00000000,0.92949883,-0.34102944,15
2011-10-27,30.01757834,-2.69579591,-0.33784015,1.63248379,-0.85218160,30.79788053,30.79788053,0.00000000,0.35057618,-0.56503129,15
2011-10-28,30.01757834,-0.59686857,0.09571375,1.03561522,-0.75646785,30.29672571,30.29672571,0.00000000,0.22239855,-0.50156915,15
2011-10-31,30.01757834,2.01417484,0.00154639,3.04979005,-0.75492145,32.31244694,32.31244694,0.00000000,0.65494295,-0.50054383,15
2011-11-01,30.01757834,1.73682254,0.36692320,4.78661259,-0.38799826,34.41619267,34.41619267,0.00000000,1.02792590,-0.25725873,15
2011-11-02,30.01757834,-0.22325415,-0.12271162,4.56335844,-0.51070988,34.07022690,34.07022690,0.00000000,0.97998203,-0.33862156,15
2011-11-03,30.01757834,-0.68602525,-0.03966218,3.87733319,-0.55037207,33.34453946,33.34453946,0.00000000,0.83265799,-0.36491921,15
2011-11-04,30.01757834,0.37360452,-0.07460767,4.25093771,-0.62497973,33.64353632,33.64353632,0.00000000,0.91288963,-0.41438715,15
2011-11-07,30.01757834,0.11571025,-0.03916034,4.36664796,-0.66414007,33.72008623,33.72008623,0.00000000,0.93773842,-0.44035206,15
2011-11-08,30.01757834,-0.50547619,-0.01842882,3.86117176,-0.68256890,33.19618121,33.19618121,0.00000000,0.82918732,-0.45257112,15
2011-11-09,30.01757834,0.53060737,0.20335388,4.39177913,-0.47921502,33.93014245,33.93014245,0.00000000,0.94313535,-0.31773918,15
2011-11-10,30.01757834,0.09110402,0.28445819,4.48288315,-0.19475683,34.30570466,34.30570466,0.00000000,0.96269995,-0.12913175,15
2011-11-11,30.01757834,-0.54348002,-0.11989174,3.93940313,-0.31464857,33.64233290,33.64233290,0.00000000,0.84598752,-0.20862488,15
2011-11-14,30.01757834,0.22082217,-0.00004486,4.16022530,-0.31469343,33.86311021,33.86311021,0.00000000,0.89340912,-0.20865463,15
2011-11-15,30.01757834,0.54783347,-0.00872781,4.70805877,-0.32342124,34.40221587,34.40221587,0.00000000,1.01105645,-0.21444152,15
2011-11-16,30.01757834,0.23297435,0.28373326,4.94103312,-0.03968797,34.91892349,34.91892349,0.00000000,1.06108774,-0.02631475,15
2011-11-17,30.01757834,0.58747168,0.17446607,5.52850480,0.13477810,35.68086124,35.68086124,0.00000000,1.18724738,0.08936340,15
2011-11-18,30.01757834,0.18261228,0.12250758,5.71111707,0.25728568,35.98598109,35.98598109,0.00000000,1.22646340,0.17059094,15
2011-11-21,30.01757834,0.63180935,0.22057836,6.34292642,0.47786404,36.83836880,36.83836880,0.00000000,1.36214457,0.31684342,15
2011-11-22,30.01757834,0.52034033,0.11862704,6.86326675,0.59649108,37.47733617,37.47733617,0.00000000,1.47388775,0.39549801,15
2011-11-25,30.01757834,-0.06383396,0.29903012,6.79943279,0.89552121,37.71253233,37.71253233,0.00000000,1.46017939,0.59376722,15
2011-11-28,30.01757834,-1.26787893,-0.28508963,5.53155386,0.61043158,36.15956378,36.15956378,0.00000000,1.18790217,0.40474113,15
2011-11-29,30.01757834,0.10813509,-0.02738597,5.63968895,0.58304561,36.24031290,36.24031290,0.00000000,1.21112420,0.38658311,15
2011-11-30,30.01757834,-0.81556074,-0.30551941,4.82412821,0.27752619,35.11923274,35.11923274,0.00000000,1.03598239,0.18401123,15
2011-12-01,30.01757834,0.24529858,-0.28491290,5.06942679,-0.00738671,35.07961842,35.07961842,0.00000000,1.08866030,-0.00489769,15
2011-12-02,30.01757834,-1.00350529,-0.27314724,4.06592150,-0.28053395,33.80296590,33.80296590,0.00000000,0.87315736,-0.18600549,15
2011-12-05,30.01757834,-0.68913077,-0.26960225,3.37679073,-0.55013619,32.84423288,32.84423288,0.00000000,0.72516641,-0.36476282,15
2011-12-06,30.01757834,-0.00805426,0.06495397,3.36873648,-0.48518222,32.90113260,32.90113260,0.00000000,0.72343675,-0.32169568,15
2011-12-07,30.01757834,-0.02694113,-0.20867991,3.34179535,-0.69386213,32.66551156,32.66551156,0.00000000,0.71765114,-0.46005900,15
2011-12-08,30.01757834,0.71781409,0.27676542,4.05960944,-0.41709671,33.66009106,33.66009106,0.00000000,0.87180184,-0.27655220,15
2011-12-09,30.01757834,-0.40947198,-0.00271247,3.65013746,-0.41980918,33.24790662,33.24790662,0.00000000,0.78386766,-0.27835067,15
2011-12-12,30.01757834,0.63919036,0.10345684,4.28932781,-0.31635234,33.99055382,33.99055382,0.00000000,0.92113391,-0.20975455,15
2011-12-13,30.01757834,0.47139235,0.20409441,4.76072016,-0.11225793,34.66604057,34.66604057,-0.00000000,1.02236550,-0.07443160,15
2011-12-14,30.01757834,0.92949378,0.05498419,5.69021395,-0.05727374,35.65051854,35.65051854,0.00000000,1.22197445,-0.03797484,15
2011-12-15,30.01757834,0.02386427,0.09715974,5.71407822,0.03988600,35.77154255,35.77154255,-0.00000000,1.22709931,0.02644605,15
2011-12-16,30.01757834,-0.05152805,-0.06736766,5.66255017,-0.02748166,35.65264685,35.65264685,0.00000000,1.21603365,-0.01822147,15
2011-12-19,30.01757834,0.09891129,0.25339774,5.76146146,0.22591608,36.00495588,36.00495588,0.00000000,1.23727487,0.14979161,15
2011-12-20,30.01757834,-0.71162784,-0.22093541,5.04983361,0.00498067,35.07239262,35.07239262,-0.00000000,1.08445266,0.00330239,15
2011-12-21,30.01757834,0.28470220,-0.12531283,5.33453581,-0.12033216,35.23178199,35.23178199,0.00000000,1.14559251,-0.07978515,15
2011-12-22,30.01757834,-0.50711275,-0.16696651,4.82742307,-0.28729868,34.55770273,34.55770273,0.00000000,1.03668996,-0.19049079,15
2011-12-23,30.01757834,-0.01363796,-0.03533700,4.81378510,-0.32263567,34.50872777,34.50872777,0.00000000,1.03376120,-0.21392066,15
2011-12-28,30.01757834,0.58418722,0.24880441,5.39797232,-0.07383126,35.34171940,35.34171940,0.00000000,1.15921551,-0.04895315,15
2011-12-29,30.01757834,-0.34469608,-0.07755076,5.05327624,-0.15138202,34.91947256,34.91947256,0.00000000,1.08519197,-0.10037248,15
2011-12-30,30.01757834,-0.13097201,0.01877418,4.92230423,-0.13260785,34.80727472,34.80727472,0.00000000,1.05706570,-0.08792443,15
2012-01-03,30.01757834,-0.10265245,-0.33067884,4.81965178,-0.46328669,34.37394343,34.37394343,0.00000000,1.03502107,-0.30717804,15
2012-01-04,30.01757834,0.27930454,-0.09032037,5.09895632,-0.55360706,34.56292760,34.56292760,0.00000000,1.09500177,-0.36706415,15
2012-01-05,30.01757834,0.56135268,-0.06014880,5.66030900,-0.61375586,35.06413148,35.06413148,0.00000000,1.21555236,-0.40694526,15
2012-01-06,30.01757834,0.13997261,0.08879852,5.80028161,-0.52495734,35.29290261,35.29290261,0.00000000,1.24561150,-0.34806821,15
2012-01-10,30.01757834,-0.36667868,-0.27590828,5.43360293,-0.80086562,34.65031565,34.65031565,-0.00000000,1.16686719,-0.53100670,15
2012-01-11,30.01757834,-0.09873001,-0.18930581,5.33487291,-0.99017143,34.36227982,34.36227982,0.00000000,1.14566490,-0.65652420,15
2012-01-12,30.01757834,-0.33126065,-0.00770128,5.00361226,-0.99787271,34.02331789,34.02331789,0.00000000,1.07452662,-0.66163046,15
2012-01-13,30.01757834,-0.07778942,0.03742442,4.92582284,-0.96044829,33.98295289,33.98295289,0.00000000,1.05782133,-0.63681654,15
2012-01-17,30.01757834,-0.12187488,0.13148994,4.80394796,-0.82895834,33.99256795,33.99256795,0.00000000,1.03164867,-0.54963332,15
2012-01-18,30.01757834,-0.33576953,-0.13325195,4.46817843,-0.96221030,33.52354647,33.52354647,0.00000000,0.95954211,-0.63798482,15
2012-01-19,30.01757834,-1.10021160,-0.08206439,3.36796683,-1.04427469,32.34127048,32.34127048,0.00000000,0.72327147,-0.69239687,15
2012-01-20,30.01757834,-0.37481675,-0.17789442,2.99315008,-1.22216911,31.78855931,31.78855931,0.00000000,0.64277951,-0.81034816,15
2012-01-26,30.01757834,-0.10142867,-0.12817411,2.89172141,-1.35034322,31.55895653,31.55895653,0.00000000,0.62099768,-0.89533284,15
2012-01-27,30.01757834,0.09967777,0.00403073,2.99139918,-1.34631248,31.66266504,31.66266504,0.00000000,0.64240350,-0.89266030,15
2012-01-30,30.01757834,0.71604074,0.09243581,3.70743992,-1.25387668,32.47114159,32.47114159,0.00000000,0.79617338,-0.83137157,15
2012-01-31,30.01757834,-0.20987083,-0.03596641,3.49756910,-1.28984308,32.22530435,32.22530435,0.00000000,0.75110358,-0.85521877,15
2012-02-01,30.01757834,-0.58945030,-0.12149720,2.90811880,-1.41134028,31.51435686,31.51435686,0.00000000,0.62451903,-0.93577639,15
2012-02-02,30.01757834,-0.29927210,-0.13286020,2.60884670,-1.54420048,31.08222457,31.08222457,0.00000000,0.56025029,-1.02386814,15
2012-02-03,30.01757834,-0.54952772,-0.09691347,2.05931898,-1.64111394,30.43578338,30.43578338,0.00000000,0.44223912,-1.08812573,15
2012-02-06,30.01757834,0.14473700,-0.04045170,2.20405598,-1.68156564,30.54006868,30.54006868,0.00000000,0.47332141,-1.11494687,15
2012-02-07,30.01757834,-0.12806401,0.00287710,2.07599197,-1.67868855,30.41488176,30.41488176,0.00000000,0.44581964,-1.11303923,15
2012-02-08,30.01757834,-0.13751559,-0.16353503,1.93847638,-1.84222358,30.11383114,30.11383114,0.00000000,0.41628815,-1.22146966,15
2012-02-09,30.01757834,-0.23335770,0.03628956,1.70511868,-1.80593401,29.91676301,29.91676301,0.00000000,0.36617454,-1.19740819,15
2012-02-10,30.01757834,0.57946503,0.17882427,2.28458371,-1.62710975,30.67505230,30.67505230,0.00000000,0.49061476,-1.07884038,15
2012-02-13,30.01757834,0.14968936,-0.06393832,2.43427307,-1.69104806,30.76080334,30.76080334,0.00000000,0.52276057,-1.12123410,15
2012-02-14,30.01757834,0.32374717,-0.00580447,2.75802024,-1.69685253,31.07874605,31.07874605,0.00000000,0.59228533,-1.12508270,15
2012-02-15,30.01757834,-0.31584170,-0.13312884,2.44217854,-1.82998138,30.62977550,30.62977550,0.00000000,0.52445827,-1.21335257,15
2012-02-16,30.01757834,-0.19292795,-0.01107984,2.24925058,-1.84106121,30.42576771,30.42576771,0.00000000,0.48302696,-1.22069896,15
2012-02-17,30.01757834,-0.40988294,-0.07930254,1.83936765,-1.92036375,29.93658224,29.93658224,0.00000000,0.39500453,-1.27327979,15
2012-02-21,30.01757834,-0.13015164,-0.04313041,1.70921600,-1.96349415,29.76330019,29.76330019,0.00000000,0.36705444,-1.30187701,15
2012-02-22,30.01757834,0.35549693,0.01920273,2.06471294,-1.94429142,30.13799985,30.13799985,0.00000000,0.44339747,-1.28914482,15
2012-02-23,30.01757834,0.01433397,0.00322347,2.07904690,-1.94106796,30.15555729,30.15555729,0.00000000,0.44647569,-1.28700753,15
2012-02-24,30.01757834,-0.28892236,0.02484499,1.79012455,-1.91622296,29.89147992,29.89147992,0.00000000,0.38442956,-1.27053428,15
2012-02-27,30.01757834,0.11027210,-0.08310646,1.90039665,-1.99932943,29.91864556,29.91864556,0.00000000,0.40811052,-1.32563727,15
2012-02-28,30.01757834,-0.12579366,-0.09133774,1.77460299,-2.09066716,29.70151417,29.70151417,0.00000000,0.38109631,-1.38619793,15
2012-02-29,30.01757834,0.01062968,0.01663381,1.78523268,-2.07403335,29.72877766,29.72877766,0.00000000,0.38337903,-1.37516903,15
2012-03-01,30.01757834,-0.28052332,-0.01971143,1.50470936,-2.09374478,29.42854292,29.42854292,-0.00000000,0.32313660,-1.38823851,15
2012-03-02,30.01757834,-0.08336538,-0.03040504,1.42134398,-2.12414982,29.31477250,29.31477250,0.00000000,0.30523387,-1.40839830,15
2012-03-05,30.01757834,0.17866080,0.10085400,1.60000478,-2.02329582,29.59428730,29.59428730,0.00000000,0.34360131,-1.34152797,15
2012-03-06,30.01757834,0.76165373,0.22393028,2.36165851,-1.79936554,30.57987131,30.57987131,0.00000000,0.50716658,-1.19305302,15
2012-03-07,30.01757834,-0.27092692,-0.01869094,2.09073159,-1.81805649,30.29025344,30.29025344,0.00000000,0.44898498,-1.20544588,15
2012-03-08,30.01757834,-0.38038390,-0.17633572,1.71034769,-1.99439220,29.73353383,29.73353383,0.00000000,0.36729747,-1.32236369,15
2012-03-09,30.01757834,-0.00939934,-0.12141038,1.70094835,-2.11580258,29.60272411,29.60272411,0.00000000,0.36527896,-1.40286374,15
2012-03-12,30.01757834,0.13972985,0.05142746,1.84067820,-2.06437512,29.79388142,29.79388142,0.00000000,0.39528597,-1.36876522,15
2012-03-13,30.01757834,-0.38828058,-0.26295742,1.45239762,-2.32733254,29.14264342,29.14264342,0.00000000,0.31190265,-1.54311676,15
2012-03-14,30.01757834,-0.12830863,-0.01326652,1.32408899,-2.34059906,29.00106827,29.00106827,0.00000000,0.28434834,-1.55191301,15
2012-03-15,30.01757834,-0.11767086,-0.08345872,1.20641813,-2.42405778,28.79993868,28.79993868,0.00000000,0.25907851,-1.60724956,15
2012-03-16,30.01757834,-0.12868890,-0.01671623,1.07772923,-2.44077401,28.65453356,28.65453356,0.00000000,0.23144254,-1.61833310,15
2012-03-20,30.01757834,0.10443557,-0.03505198,1.18216480,-2.47582600,28.72391714,28.72391714,0.00000000,0.25387010,-1.64157400,15
2012-03-21,30.01757834,0.13564505,0.06154118,1.31780985,-2.41428482,28.92110337,28.92110337,0.00000000,0.28299990,-1.60076968,15
2012-03-22,30.01757834,0.28920071,0.04013965,1.60701056,-2.37414516,29.25044374,29.25044374,0.00000000,0.34510580,-1.57415545,15
2012-03-23,30.01757834,-0.13682220,0.07013553,1.47018836,-2.30400963,29.18375707,29.18375707,0.00000000,0.31572321,-1.52765272,15
2012-03-26,30.01757834,-0.03568735,-0.02251557,1.43450101,-2.32652520,29.12555414,29.12555414,-0.00000000,0.30805935,-1.54258146,15
2012-03-27,30.01757834,0.05442509,-0.12769519,1.48892610,-2.45422039,29.05228405,29.05228405,0.00000000,0.31974714,-1.62724860,15
2012-03-28,30.01757834,0.21461560,0.05186318,1.70354170,-2.40235721,29.31876283,29.31876283,0.00000000,0.36583588,-1.59286119,15
2012-03-29,30.01757834,0.41002377,0.13888123,2.11356547,-2.26347598,29.86766783,29.86766783,-0.00000000,0.45388856,-1.50077725,15
2012-03-30,30.01757834,0.00364777,0.01686216,2.11721324,-2.24661383,29.88817775,29.88817775,0.00000000,0.45467192,-1.48959695,15
2012-04-02,30.01757834,0.03791122,0.25856102,2.15512446,-1.98805281,30.18464999,30.18464999,0.00000000,0.46281336,-1.31816041,15
2012-04-03,30.01757834,0.34839864,0.04283768,2.50352310,-1.94521513,30.57588631,30.57588631,0.00000000,0.53763203,-1.28975727,15
2012-04-05,30.01757834,0.60769051,0.24328970,3.11121361,-1.70192542,31.42686652,31.42686652,0.00000000,0.66813367,-1.12844624,15
2012-04-10,30.01757834,0.78428749,0.22734413,3.89550110,-1.47458129,32.43849815,32.43849815,0.00000000,0.83655955,-0.97770777,15
2012-04-11,30.01757834,-0.08933051,-0.02897241,3.80617059,-1.50355370,32.32019523,32.32019523,0.00000000,0.81737581,-0.99691766,15
2012-04-12,30.01757834,-0.21015376,-0.13408935,3.59601683,-1.63764305,31.97595212,31.97595212,0.00000000,0.77224525,-1.08582439,15
2012-04-13,30.01757834,0.64062818,-0.06058712,4.23664501,-1.69823017,32.55599318,32.55599318,0.00000000,0.90982027,-1.12599613,15
2012-04-16,30.01757834,0.44624809,0.09731165,4.68289310,-1.60091852,33.09955292,33.09955292,0.00000000,1.00565212,-1.06147452,15
2012-04-17,30.01757834,-0.84528714,0.01176220,3.83760596,-1.58915632,32.26602798,32.26602798,0.00000000,0.82412656,-1.05367570,15
2012-04-18,30.01757834,0.42451968,-0.09098983,4.26212564,-1.68014615,32.59955783,32.59955783,0.00000000,0.91529223,-1.11400569,15
2012-04-19,30.01757834,0.52786616,-0.04971164,4.78999180,-1.72985779,33.07771236,33.07771236,0.00000000,1.02865159,-1.14696654,15
2012-04-20,30.01757834,-0.30565164,0.10364099,4.48434016,-1.62621680,32.87570170,32.87570170,0.00000000,0.96301284,-1.07824832,15
2012-04-23,30.01757834,0.51737393,0.10692145,5.00171409,-1.51929535,33.49999709,33.49999709,0.00000000,1.07411899,-1.00735502,15
2012-04-24,30.01757834,-0.35665893,0.04421572,4.64505516,-1.47507963,33.18755388,33.18755388,0.00000000,0.99752642,-0.97803819,15
2012-04-25,30.01757834,-0.59956803,-0.01222170,4.04548713,-1.48730133,32.57576414,32.57576414,0.00000000,0.86876908,-0.98614167,15
2012-04-26,30.01757834,0.20164938,-0.08396582,4.24713651,-1.57126715,32.69344771,32.69344771,0.00000000,0.91207332,-1.04181445,15
2012-04-27,30.01757834,-0.19878588,0.08558935,4.04835063,-1.48567780,32.58025118,32.58025118,-0.00000000,0.86938401,-0.98506521,15
2012-04-30,30.01757834,0.21037856,-0.03837228,4.25872920,-1.52405008,32.75225745,32.75225745,0.00000000,0.91456285,-1.01050760,15
2012-05-02,30.01757834,0.10557721,0.06717346,4.36430641,-1.45687662,32.92500812,32.92500812,0.00000000,0.93723557,-0.96596885,15
2012-05-03,30.01757834,0.43725218,0.09732301,4.80155858,-1.35955362,33.45958331,33.45958331,0.00000000,1.03113556,-0.90143971,15
2012-05-04,30.01757834,0.10964553,0.10371471,4.91120411,-1.25583891,33.67294355,33.67294355,0.00000000,1.05468195,-0.83267261,15
2012-05-07,30.01757834,-0.38263177,0.15479233,4.52857234,-1.10104657,33.44510411,33.44510411,0.00000000,0.97251171,-0.73003896,15
2012-05-08,30.01757834,0.52600493,0.00187886,5.05457727,-1.09916771,33.97298789,33.97298789,0.00000000,1.08547136,-0.72879320,15
2012-05-09,30.01757834,0.34604337,0.17212312,5.40062064,-0.92704460,34.49115438,34.49115438,0.00000000,1.15978424,-0.61466852,15
2012-05-10,30.01757834,-0.36361378,0.03657578,5.03700685,-0.89046882,34.16411637,34.16411637,0.00000000,1.08169811,-0.59041728,15
2012-05-11,30.01757834,0.33083672,0.34572216,5.36784357,-0.54474666,34.84067525,34.84067525,0.00000000,1.15274536,-0.36118934,15
2012-05-14,30.01757834,0.55078465,0.17199708,5.91862822,-0.37274959,35.56345697,35.56345697,0.00000000,1.27102646,-0.24714824,15
2012-05-15,30.01757834,0.44952576,0.00729076,6.36815398,-0.36545882,36.02027349,36.02027349,0.00000000,1.36756219,-0.24231416,15
2012-05-16,30.01757834,0.09152603,0.26519474,6.45968000,-0.10026408,36.37699426,36.37699426,0.00000000,1.38721742,-0.06647919,15
2012-05-17,30.01757834,0.31131531,0.07490835,6.77099532,-0.02535574,36.76321792,36.76321792,0.00000000,1.45407244,-0.01681189,15
2012-05-18,30.01757834,0.05293941,0.19061900,6.82393473,0.16526326,37.00677633,37.00677633,0.00000000,1.46544119,0.10957631,15
2012-05-21,30.01757834,-0.08069804,0.09247147,6.74323668,0.25773474,37.01854976,37.01854976,0.00000000,1.44811127,0.17088868,15
2012-05-22,30.01757834,-0.55964193,-0.20293632,6.18359475,0.05479842,36.25597151,36.25597151,0.00000000,1.32792807,0.03633359,15
2012-05-23,30.01757834,0.47238627,0.01422699,6.65598102,0.06902540,36.74258477,36.74258477,0.00000000,1.42937310,0.04576667,15
2012-05-24,30.01757834,-0.21654285,0.04272531,6.43943817,0.11175072,36.56876723,36.56876723,0.00000000,1.38287049,0.07409530,15
2012-05-25,30.01757834,0.05328073,0.02709665,6.49271890,0.13884736,36.64914460,36.64914460,0.00000000,1.39431253,0.09206149,15
2012-05-29,30.01757834,0.02691210,-0.22087076,6.51963100,-0.08202339,36.45518595,36.45518595,0.00000000,1.40009191,-0.05438487,15
2012-05-30,30.01757834,0.53811742,0.25006522,7.05774842,0.16804183,37.24336859,37.24336859,0.00000000,1.51565272,0.11141861,15
2012-05-31,30.01757834,-0.28332851,-0.09408352,6.77441991,0.07395831,36.86595656,36.86595656,0.00000000,1.45480787,0.04903739,15
2012-06-01,30.01757834,0.18638579,0.22082057,6.96080570,0.29477888,37.27316292,37.27316292,0.00000000,1.49483426,0.19545046,15
2012-06-04,30.01757834,-0.26713390,0.23698577,6.69367180,0.53176464,37.24301479,37.24301479,0.00000000,1.43746720,0.35258173,15
2012-06-05,30.01757834,-0.48800626,-0.23430386,6.20566554,0.29746078,36.52070467,36.52070467,0.00000000,1.33266777,0.19722868,15
2012-06-06,30.01757834,-0.64688185,-0.16697584,5.55878369,0.13048494,35.70684697,35.70684697,0.00000000,1.19374978,0.08651686,15
2012-06-07,30.01757834,-0.09598007,-0.02718090,5.46280362,0.10330404,35.58368600,35.58368600,0.00000000,1.17313804,0.06849481,15
2012-06-08,30.01757834,0.12925599,0.06416417,5.59205961,0.16746821,35.77710616,35.77710616,0.00000000,1.20089579,0.11103828,15
2012-06-11,30.01757834,0.36261959,0.05284467,5.95467920,0.22031288,36.19257042,36.19257042,0.00000000,1.27876841,0.14607646,15
2012-06-12,30.01757834,-0.09668140,-0.08412603,5.85799780,0.13618685,36.01176299,36.01176299,0.00000000,1.25800606,0.09029746,15
2012-06-13,30.01757834,0.04539912,-0.06567599,5.90339691,0.07051086,35.99148611,35.99148611,0.00000000,1.26775553,0.04675158,15
2012-06-14,30.01757834,-0.16001141,-0.02693031,5.74338550,0.04358055,35.80454439,35.80454439,0.00000000,1.23339305,0.02889569,15
2012-06-15,30.01757834,-0.58076704,-0.19624553,5.16261846,-0.15266499,35.02753181,35.02753181,0.00000000,1.10867323,-0.10122314,15
2012-06-18,30.01757834,0.54280091,-0.01573111,5.70541936,-0.16839610,35.55460161,35.55460161,0.00000000,1.22523982,-0.11165351,15
2012-06-19,30.01757834,-0.41967532,-0.06533602,5.28574405,-0.23373211,35.06959027,35.06959027,0.00000000,1.13511447,-0.15497396,15
2012-06-20,30.01757834,-0.34385821,-0.15252511,4.94188584,-0.38625723,34.57320695,34.57320695,0.00000000,1.06127086,-0.25610435,15
2012-06-21,30.01757834,0.25749096,0.11793756,5.19937679,-0.26831966,34.94863547,34.94863547,0.00000000,1.11656709,-0.17790692,15
2012-06-22,30.01757834,-0.03886960,0.01213131,5.16050720,-0.25618835,34.92189719,34.92189719,0.00000000,1.10821983,-0.16986336,15
2012-06-25,30.01757834,0.80161780,0.18989260,5.96212500,-0.06629574,35.91340759,35.91340759,0.00000000,1.28036740,-0.04395679,15
2012-06-26,30.01757834,0.18023011,0.04396176,6.14235511,-0.02233399,36.13759946,36.13759946,0.00000000,1.31907185,-0.01480835,15
2012-06-27,30.01757834,-0.49204522,-0.17227120,5.65030989,-0.19460519,35.47328304,35.47328304,0.00000000,1.21340505,-0.12903121,15
2012-06-28,30.01757834,0.26299168,0.03462949,5.91330157,-0.15997570,35.77090421,35.77090421,0.00000000,1.26988256,-0.10607044,15
2012-06-29,30.01757834,-1.12828290,-0.20029422,4.78501868,-0.36026993,34.44232709,34.44232709,0.00000000,1.02758361,-0.23887371,15
2012-07-03,30.01757834,-0.33895064,-0.16632285,4.44606804,-0.52659278,33.93705360,33.93705360,0.00000000,0.95479390,-0.34915257,15
2012-07-05,30.01757834,0.24914728,0.14763800,4.69521532,-0.37895478,34.33383888,34.33383888,-0.00000000,1.00829832,-0.25126254,15
2012-07-06,30.01757834,0.57663204,0.11468397,5.27184736,-0.26427081,35.02515489,35.02515489,0.00000000,1.13213015,-0.17522237,15
2012-07-09,30.01757834,0.06907000,0.12489773,5.34091737,-0.13937308,35.21912263,35.21912263,0.00000000,1.14696295,-0.09241006,15
2012-07-10,30.01757834,-0.06626873,0.00883115,5.27464863,-0.13054193,35.16168504,35.16168504,0.00000000,1.13273173,-0.08655464,15
2012-07-11,30.01757834,-0.09007174,0.06166726,5.18457689,-0.06887466,35.13328057,35.13328057,0.00000000,1.11338880,-0.04566672,15
2012-07-12,30.01757834,0.26752525,0.20826594,5.45210214,0.13939127,35.60907175,35.60907175,0.00000000,1.17083990,0.09242212,15
2012-07-13,30.01757834,-0.19371064,-0.21495103,5.25839150,-0.07555975,35.20041008,35.20041008,0.00000000,1.12924050,-0.05009921,15
2012-07-16,30.01757834,0.03855967,0.05481673,5.29695116,-0.02074302,35.29378648,35.29378648,0.00000000,1.13752120,-0.01375347,15
2012-07-17,30.01757834,-0.06336103,-0.11801167,5.23359014,-0.13875469,35.11241379,35.11241379,0.00000000,1.12391441,-0.09200004,15
2012-07-18,30.01757834,-0.05823856,0.10524289,5.17535158,-0.03351179,35.15941812,35.15941812,0.00000000,1.11140767,-0.02221969,15
2012-07-19,30.01757834,0.04885247,-0.06776957,5.22420405,-0.10128136,35.14050103,35.14050103,0.00000000,1.12189874,-0.06715369,15
2012-07-20,30.01757834,0.69140490,0.17004633,5.91560894,0.06876497,36.00195225,36.00195225,0.00000000,1.27037807,0.04559399,15
2012-07-23,30.01757834,0.40989330,0.17284990,6.32550225,0.24161486,36.58469545,36.58469545,-0.00000000,1.35840273,0.16020055,15
2012-07-24,30.01757834,0.12822133,-0.01324443,6.45372358,0.22837043,36.69967235,36.69967235,0.00000000,1.38593828,0.15141895,15
2012-07-25,30.01757834,-0.07726177,-0.03906550,6.37646181,0.18930493,36.58334508,36.58334508,0.00000000,1.36934630,0.12551692,15
2012-07-26,30.01757834,-0.76364633,-0.21731472,5.61281548,-0.02800978,35.60238404,35.60238404,0.00000000,1.20535312,-0.01857163,15
2012-07-27,30.01757834,-0.73044191,-0.29890239,4.88237357,-0.32691217,34.57303974,34.57303974,0.00000000,1.04849059,-0.21675615,15
2012-07-30,30.01757834,-0.35344959,-0.03105515,4.52892398,-0.35796732,34.18853500,34.18853500,0.00000000,0.97258723,-0.23734699,15
2012-07-31,30.01757834,0.38027968,-0.06631721,4.90920367,-0.42428453,34.50249747,34.50249747,0.00000000,1.05425236,-0.28131802,15
2012-08-01,30.01757834,-0.09759115,0.09459546,4.81161252,-0.32968908,34.49950178,34.49950178,0.00000000,1.03329464,-0.21859736,15
2012-08-02,30.01757834,0.69800920,0.07166635,5.50962172,-0.25802273,35.26917733,35.26917733,-0.00000000,1.18319224,-0.17107963,15
2012-08-03,30.01757834,-1.09656633,-0.06551038,4.41305539,-0.32353311,34.10710063,34.10710063,0.00000000,0.94770443,-0.21451570,15
2012-08-06,30.01757834,-0.30033972,-0.22008557,4.11271568,-0.54361868,33.58667534,33.58667534,0.00000000,0.88320642,-0.36044144,15
2012-08-07,30.01757834,0.02788011,-0.18922634,4.14059578,-0.73284502,33.42532910,33.42532910,0.00000000,0.88919368,-0.48590625,15
2012-08-08,30.01757834,-0.17056741,0.08209557,3.97002837,-0.65074944,33.33685727,33.33685727,0.00000000,0.85256430,-0.43147352,15
2012-08-09,30.01757834,-0.14172381,0.03796417,3.82830457,-0.61278528,33.23309763,33.23309763,0.00000000,0.82212908,-0.40630173,15
2012-08-10,30.01757834,0.06224502,0.07114512,3.89054959,-0.54164016,33.36648777,33.36648777,0.00000000,0.83549621,-0.35912960,15
2012-08-13,30.01757834,-0.06058730,0.00299756,3.82996229,-0.53864260,33.30889803,33.30889803,0.00000000,0.82248508,-0.35714210,15
2012-08-14,30.01757834,-0.01478568,0.02993028,3.81517661,-0.50871232,33.32404263,33.32404263,0.00000000,0.81930985,-0.33729710,15
2012-08-15,30.01757834,-0.06599031,0.08547146,3.74918631,-0.42324086,33.34352378,33.34352378,-0.00000000,0.80513842,-0.28062602,15
2012-08-16,30.01757834,-0.23436410,-0.00351916,3.51482220,-0.42676003,33.10564052,33.10564052,-0.00000000,0.75480869,-0.28295937,15
2012-08-17,30.01757834,-0.22603930,-0.09575465,3.28878290,-0.52251468,32.78384656,32.78384656,-0.00000000,0.70626671,-0.34644862,15
2012-08-20,30.01757834,0.19763973,-0.05030194,3.48642263,-0.57281661,32.93118435,32.93118435,-0.00000000,0.74870988,-0.37980087,15
2012-08-21,30.01757834,-0.35787827,-0.08378281,3.12854436,-0.65659943,32.48952327,32.48952327,0.00000000,0.67185545,-0.43535230,15
2012-08-22,30.01757834,0.14513390,0.05271766,3.27367826,-0.60388176,32.68737484,32.68737484,0.00000000,0.70302298,-0.40039833,15
2012-08-23,30.01757834,0.20238821,0.00465579,3.47606647,-0.59922598,32.89441883,32.89441883,0.00000000,0.74648589,-0.39731136,15
2012-08-24,30.01757834,0.09277758,0.09481756,3.56884404,-0.50440842,33.08201397,33.08201397,0.00000000,0.76640989,-0.33444343,15
2012-08-27,30.01757834,-0.16578391,0.03773403,3.40306013,-0.46667439,32.95396408,32.95396408,-0.00000000,0.73080777,-0.30942423,15
2012-08-28,30.01757834,0.07125832,0.07103223,3.47431845,-0.39564216,33.09625463,33.09625463,-0.00000000,0.74611050,-0.26232695,15
2012-08-29,30.01757834,0.02068389,-0.04825288,3.49500234,-0.44389504,33.06868564,33.06868564,0.00000000,0.75055237,-0.29432058,15
2012-08-30,30.01757834,0.17351368,0.10542509,3.66851602,-0.33846994,33.34762441,33.34762441,-0.00000000,0.78781446,-0.22441943,15
2012-08-31,30.01757834,-0.19569912,0.06390134,3.47281690,-0.27456860,33.21582664,33.21582664,0.00000000,0.74578804,-0.18205022,15
2012-09-04,30.01757834,0.06791627,-0.01287752,3.54073317,-0.28744612,33.27086540,33.27086540,0.00000000,0.76037308,-0.19058854,15
2012-09-05,30.01757834,-0.20200902,0.11403890,3.33872415,-0.17340722,33.18289528,33.18289528,0.00000000,0.71699160,-0.11497608,15
2012-09-06,30.01757834,-0.70625953,-0.16524976,2.63246463,-0.33865698,32.31138599,32.31138599,0.00000000,0.56532224,-0.22454344,15
2012-09-07,30.01757834,-0.46047580,-0.30675058,2.17198883,-0.64540756,31.54415961,31.54415961,0.00000000,0.46643498,-0.42793163,15
2012-09-10,30.01757834,0.00662563,0.08087612,2.17861445,-0.56453144,31.63166136,31.63166136,0.00000000,0.46785784,-0.37430745,15
2012-09-11,30.01757834,-0.17764869,-0.02268444,2.00096577,-0.58721588,31.43132823,31.43132823,-0.00000000,0.42970775,-0.38934817,15
2012-09-12,30.01757834,-0.04699395,-0.11085317,1.95397181,-0.69806904,31.27348111,31.27348111,0.00000000,0.41961579,-0.46284836,15
2012-09-13,30.01757834,0.35815592,-0.25583629,2.31212774,-0.95390533,31.37580074,31.37580074,-0.00000000,0.49652984,-0.63247829,15
2012-09-14,30.01757834,-0.80531887,-0.08838742,1.50680887,-1.04229275,30.48209445,30.48209445,-0.00000000,0.32358747,-0.69108277,15
2012-09-17,30.01757834,-0.10404806,0.10753163,1.40276081,-0.93476112,30.48557803,30.48557803,0.00000000,0.30124313,-0.61978489,15
2012-09-18,30.01757834,0.57946655,-0.20602605,1.98222737,-1.14078717,30.85901854,30.85901854,0.00000000,0.42568368,-0.75638860,15
2012-09-19,30.01757834,0.01082777,-0.07033554,1.99305513,-1.21112271,30.79951077,30.79951077,0.00000000,0.42800894,-0.80302394,15
2012-09-20,30.01757834,0.35521204,0.07300768,2.34826718,-1.13811503,31.22773049,31.22773049,0.00000000,0.50429079,-0.75461686,15
2012-09-21,30.01757834,-0.35835446,0.13193753,1.98991272,-1.00617750,31.00131356,31.00131356,0.00000000,0.42733411,-0.66713688,15
2012-09-24,30.01757834,0.13238928,-0.00443370,2.12230200,-1.01061120,31.12926914,31.12926914,0.00000000,0.45576473,-0.67007660,15
2012-09-25,30.01757834,-0.05599565,0.06499049,2.06630635,-0.94562071,31.13826399,31.13826399,0.00000000,0.44373966,-0.62698525,15
2012-09-26,30.01757834,0.59005003,0.10718282,2.65635639,-0.83843789,31.83549684,31.83549684,0.00000000,0.57045300,-0.55591865,15
2012-09-27,30.01757834,-0.19555676,-0.11257405,2.46079963,-0.95101194,31.52736603,31.52736603,-0.00000000,0.52845716,-0.63055985,15
2012-09-28,30.01757834,0.28089185,0.03109086,2.74169149,-0.91992108,31.83934874,31.83934874,-0.00000000,0.58877873,-0.60994534,15
2012-10-03,30.01757834,-0.19714339,-0.01284877,2.54454810,-0.93276985,31.62935659,31.62935659,0.00000000,0.54644215,-0.61846460,15
2012-10-04,30.01757834,0.04577633,-0.24783785,2.59032443,-1.18060770,31.42729507,31.42729507,-0.00000000,0.55627263,-0.78279124,15
2012-10-05,30.01757834,-0.49041344,0.09861531,2.09991099,-1.08199239,31.03549694,31.03549694,-0.00000000,0.45095626,-0.71740525,15
2012-10-08,30.01757834,0.41750366,-0.04328566,2.51741465,-1.12527804,31.40971495,31.40971495,0.00000000,0.54061524,-0.74610541,15
2012-10-09,30.01757834,0.12083797,0.06665608,2.63825262,-1.05862196,31.59720900,31.59720900,0.00000000,0.56656522,-0.70190970,15
2012-10-10,30.01757834,0.09804467,-0.05974299,2.73629728,-1.11836495,31.63551068,31.63551068,-0.00000000,0.58762033,-0.74152175,15
2012-10-11,30.01757834,-0.84328770,0.07361251,1.89300958,-1.04475244,30.86583548,30.86583548,-0.00000000,0.40652414,-0.69271364,15
2012-10-12,30.01757834,0.04787870,0.02351906,1.94088828,-1.02123337,30.93723325,30.93723325,0.00000000,0.41680610,-0.67711954,15
2012-10-15,30.01757834,-0.43542963,-0.01340996,1.50545865,-1.03464334,30.48839366,30.48839366,-0.00000000,0.32329751,-0.68601089,15
2012-10-16,30.01757834,-0.90771180,0.18992242,0.59774685,-0.84472091,29.77060428,29.77060428,-0.00000000,0.12836624,-0.56008455,15
2012-10-17,30.01757834,0.00615603,-0.23766847,0.60390287,-1.08238938,29.53909184,29.53909184,0.00000000,0.12968825,-0.71766847,15
2012-10-18,30.01757834,-0.27038593,-0.00162155,0.33351695,-1.08401093,29.26708436,29.26708436,0.00000000,0.07162282,-0.71874363,15
2012-10-19,30.01757834,0.46325492,-0.04421610,0.79677187,-1.12822702,29.68612319,29.68612319,0.00000000,0.17110690,-0.74806071,15
2012-10-22,30.01757834,-0.11430683,-0.00155654,0.68246505,-1.12978356,29.57025982,29.57025982,0.00000000,0.14655949,-0.74909276,15
2012-10-24,30.01757834,0.43640289,0.06378199,1.11886793,-1.06600157,30.07044470,30.07044470,0.00000000,0.24027709,-0.70680269,15
2012-10-25,30.01757834,0.30591207,-0.09492878,1.42478000,-1.16093035,30.28142799,30.28142799,0.00000000,0.30597176,-0.76974435,15
2012-10-26,30.01757834,0.35858661,0.02351597,1.78336661,-1.13741438,30.66353057,30.66353057,0.00000000,0.38297829,-0.75415230,15
2012-10-31,30.01757834,0.18377379,-0.13997043,1.96714040,-1.27738481,30.70733393,30.70733393,0.00000000,0.42244375,-0.84695843,15
2012-11-01,30.01757834,-0.47281461,0.06289649,1.49432579,-1.21448832,30.29741581,30.29741581,-0.00000000,0.32090673,-0.80525548,15
2012-11-02,30.01757834,-0.07032642,-0.01956428,1.42399937,-1.23405260,30.20752511,30.20752511,0.00000000,0.30580412,-0.81822740,15
2012-11-05,30.01757834,0.42825437,-0.07720346,1.85225374,-1.31125606,30.55857602,30.55857602,0.00000000,0.39777182,-0.86941646,15
2012-11-06,30.01757834,-0.63817465,0.13560948,1.21407909,-1.17564658,30.05601085,30.05601085,-0.00000000,0.26072370,-0.77950182,15
2012-11-07,30.01757834,0.51052794,0.07543289,1.72460703,-1.10021369,30.64197168,30.64197168,0.00000000,0.37035967,-0.72948672,15
2012-11-08,30.01757834,-0.00802090,0.11657197,1.71658614,-0.98364172,30.75052276,30.75052276,0.00000000,0.36863718,-0.65219473,15
2012-11-09,30.01757834,0.11808950,0.01216582,1.83467564,-0.97147590,30.88077808,30.88077808,-0.00000000,0.39399692,-0.64412830,15
2012-11-12,30.01757834,-0.06224392,0.03635718,1.77243173,-0.93511872,30.85489134,30.85489134,-0.00000000,0.38063003,-0.62002200,15
2012-11-13,30.01757834,-0.13730853,0.10675924,1.63512319,-0.82835948,30.82434205,30.82434205,0.00000000,0.35114299,-0.54923625,15
2012-11-14,30.01757834,0.19144786,0.04459182,1.82657105,-0.78376766,31.06038173,31.06038173,0.00000000,0.39225646,-0.51967005,15
2012-11-15,30.01757834,-0.09677722,-0.06099452,1.72979383,-0.84476218,30.90260999,30.90260999,-0.00000000,0.37147353,-0.56011191,15
2012-11-16,30.01757834,0.19525500,-0.12955592,1.92504883,-0.97431810,30.96830907,30.96830907,0.00000000,0.41340458,-0.64601279,15
2012-11-19,30.01757834,-0.14880546,-0.23900238,1.77624337,-1.21332049,30.58050123,30.58050123,-0.00000000,0.38144858,-0.80448116,15
2012-11-20,30.01757834,-0.12099355,0.04023460,1.65524983,-1.17308589,30.49974228,30.49974228,0.00000000,0.35546519,-0.77780397,15
2012-11-21,30.01757834,-0.09639273,-0.06544311,1.55885710,-1.23852900,30.33790644,30.33790644,0.00000000,0.33476484,-0.82119544,15
2012-11-23,30.01757834,-0.21328466,-0.08497990,1.34557244,-1.32350891,30.03964187,30.03964187,0.00000000,0.28896192,-0.87754059,15
2012-11-26,30.01757834,0.14910122,-0.03142267,1.49467366,-1.35493158,30.15732042,30.15732042,0.00000000,0.32098143,-0.89837511,15
2012-11-27,30.01757834,-0.07656828,0.02888154,1.41810538,-1.32605003,30.10963369,30.10963369,0.00000000,0.30453838,-0.87922546,15
2012-11-28,30.01757834,-0.00192581,0.07799579,1.41617957,-1.24805424,30.18570367,30.18570367,0.00000000,0.30412481,-0.82751106,15
2012-11-29,30.01757834,-0.28690713,-0.03719709,1.12927244,-1.28525134,29.86159944,29.86159944,-0.00000000,0.24251146,-0.85217426,15
2012-11-30,30.01757834,0.06283183,-0.02539469,1.19210427,-1.31064603,29.89903658,29.89903658,0.00000000,0.25600460,-0.86901198,15
2012-12-03,30.01757834,-0.13026809,0.13044179,1.06183618,-1.18020424,29.89921028,29.89921028,0.00000000,0.22802951,-0.78252373,15
2012-12-04,30.01757834,-0.32298839,0.12271111,0.73884779,-1.05749313,29.69893300,29.69893300,0.00000000,0.15866769,-0.70116124,15
2012-12-05,30.01757834,-0.13133905,-0.15482164,0.60750874,-1.21231476,29.41277231,29.41277231,0.00000000,0.13046261,-0.80381432,15
2012-12-06,30.01757834,-0.28082116,0.01579972,0.32668758,-1.19651504,29.14775088,29.14775088,0.00000000,0.07015622,-0.79333846,15
2012-12-07,30.01757834,-0.07062025,-0.11679563,0.25606733,-1.31331068,28.96033499,28.96033499,0.00000000,0.05499050,-0.87077875,15
2012-12-10,30.01757834,0.41948443,-0.07785623,0.67555176,-1.39116690,29.30196320,29.30196320,-0.00000000,0.14507486,-0.92240061,15
2012-12-11,30.01757834,0.07137658,-0.06741092,0.74692834,-1.45857782,29.30592886,29.30592886,-0.00000000,0.16040299,-0.96709681,15
2012-12-12,30.01757834,-0.11687215,-0.04469757,0.63005619,-1.50327539,29.14435914,29.14435914,0.00000000,0.13530468,-0.99673313,15
2012-12-13,30.01757834,-0.13983899,0.03609344,0.49021721,-1.46718195,29.04061360,29.04061360,-0.00000000,0.10527423,-0.97280170,15
2012-12-14,30.01757834,-0.01948922,-0.12322024,0.47072799,-1.59040218,28.89790414,28.89790414,0.00000000,0.10108892,-1.05450176,15
2012-12-17,30.01757834,-0.05982429,-0.17768985,0.41090370,-1.76809203,28.66039000,28.66039000,0.00000000,0.08824164,-1.17231741,15
2012-12-18,30.01757834,-0.36866970,-0.08321831,0.04223399,-1.85131034,28.20850199,28.20850199,0.00000000,0.00906976,-1.22749455,15
2012-12-19,30.01757834,-0.40155341,-0.05617599,-0.35931941,-1.90748633,27.75077259,27.75077259,0.00000000,-0.07716391,-1.26474154,15
2012-12-20,30.01757834,-0.17814351,-0.03021328,-0.53746292,-1.93769962,27.54241580,27.54241580,0.00000000,-0.11542026,-1.28477418,15
2012-12-21,30.01757834,0.45748652,0.00892789,-0.07997640,-1.92877173,28.00883022,28.00883022,0.00000000,-0.01717495,-1.27885462,15
2012-12-27,30.01757834,-0.10433176,-0.03884130,-0.18430815,-1.96761303,27.86565716,27.86565716,0.00000000,-0.03958021,-1.30460800,15
2012-12-28,30.01757834,0.37210012,-0.11394952,0.18779196,-2.08156255,28.12380775,28.12380775,0.00000000,0.04032836,-1.38016119,15
2013-01-02,30.01757834,-1.66102326,0.34565469,-1.47323130,-1.73590786,26.80843919,26.80843919,-0.00000000,-0.31637668,-1.15097798,15
2013-01-03,30.01757834,0.02932964,-0.03168857,-1.44390166,-1.76759643,26.80608025,26.80608025,-0.00000000,-0.31007814,-1.17198880,15
2013-01-04,30.01757834,-0.09650710,-0.18116688,-1.54040876,-1.94876331,26.52840627,26.52840627,0.00000000,-0.33080305,-1.29210986,15
2013-01-07,30.01757834,-0.45037645,0.18391788,-1.99078521,-1.76484543,26.26194769,26.26194769,0.00000000,-0.42752148,-1.17016478,15
2013-01-08,30.01757834,-0.15509712,0.16426365,-2.14588233,-1.60058178,26.27111423,26.27111423,0.00000000,-0.46082861,-1.06125125,15
2013-01-09,30.01757834,-0.56711619,0.12576759,-2.71299852,-1.47481419,25.82976563,25.82976563,0.00000000,-0.58261691,-0.97786219,15
2013-01-10,30.01757834,-0.32189769,-0.04056443,-3.03489621,-1.51537863,25.46730350,25.46730350,0.00000000,-0.65174450,-1.00475807,15
2013-01-11,30.01757834,-0.07772225,0.01287895,-3.11261846,-1.50249967,25.40246021,25.40246021,0.00000000,-0.66843536,-0.99621880,15
2013-01-14,30.01757834,-0.34773015,0.10152682,-3.46034860,-1.40097285,25.15625688,25.15625688,-0.00000000,-0.74311047,-0.92890236,15
2013-01-15,30.01757834,0.02104245,-0.02454166,-3.43930615,-1.42551452,25.15275767,25.15275767,0.00000000,-0.73859161,-0.94517449,15
2013-01-16,30.01757834,0.30415328,-0.02600585,-3.13515288,-1.45152037,25.43090509,25.43090509,0.00000000,-0.67327463,-0.96241743,15
2013-01-17,30.01757834,-0.31253302,0.09160042,-3.44768589,-1.35991995,25.20997249,25.20997249,0.00000000,-0.74039116,-0.90168261,15
2013-01-18,30.01757834,-0.18505247,-0.14752726,-3.63273836,-1.50744721,24.87739277,24.87739277,0.00000000,-0.78013121,-0.99949922,15
2013-01-22,30.01757834,-0.07302801,0.05873936,-3.70576637,-1.44870786,24.86310411,24.86310411,0.00000000,-0.79581398,-0.96055262,15
2013-01-23,30.01757834,0.39687854,-0.01678721,-3.30888783,-1.46549507,25.24319544,25.24319544,0.00000000,-0.71058425,-0.97168323,15
2013-01-24,30.01757834,-0.28383490,-0.02175689,-3.59272272,-1.48725196,24.93760366,24.93760366,0.00000000,-0.77153784,-0.98610894,15
2013-01-25,30.01757834,-0.29265836,0.01777118,-3.88538109,-1.46948078,24.66271648,24.66271648,0.00000000,-0.83438628,-0.97432592,15
2013-01-28,30.01757834,-0.26622100,0.08263576,-4.15160208,-1.38684502,24.47913124,24.47913124,0.00000000,-0.89155728,-0.91953503,15
2013-01-29,30.01757834,0.23774951,-0.17658807,-3.91385257,-1.56343309,24.54029268,24.54029268,0.00000000,-0.84050053,-1.03662015,15
2013-01-30,30.01757834,0.28195827,-0.10546976,-3.63189431,-1.66890284,24.71678119,24.71678119,-0.00000000,-0.77994994,-1.10655091,15
2013-01-31,30.01757834,0.07361377,-0.13343257,-3.55828054,-1.80233541,24.65696239,24.65696239,0.00000000,-0.76414137,-1.19502217,15
2013-02-01,30.01757834,-0.39984714,0.06031506,-3.95812767,-1.74202035,24.31743032,24.31743032,0.00000000,-0.85000862,-1.15503081,15
2013-02-04,30.01757834,0.80276110,-0.23415718,-3.15536657,-1.97617753,24.88603424,24.88603424,-0.00000000,-0.67761553,-1.31028661,15
2013-02-05,30.01757834,-0.27401655,0.12649302,-3.42938312,-1.84968451,24.73851071,24.73851071,-0.00000000,-0.73646063,-1.22641656,15
2013-02-06,30.01757834,0.48795806,-0.18302307,-2.94142506,-2.03270757,25.04344570,25.04344570,0.00000000,-0.63167155,-1.34776834,15
2013-02-07,30.01757834,0.24929418,-0.01651342,-2.69213088,-2.04922099,25.27622647,25.27622647,0.00000000,-0.57813558,-1.35871742,15
2013-02-08,30.01757834,-0.77830521,0.26100162,-3.47043609,-1.78821937,24.75892287,24.75892287,0.00000000,-0.74527676,-1.18566266,15
2013-02-14,30.01757834,-0.11158489,-0.09199445,-3.58202098,-1.88021383,24.55534353,24.55534353,0.00000000,-0.76923964,-1.24665875,15
2013-02-15,30.01757834,0.37722954,0.00215100,-3.20479144,-1.87806282,24.93472408,24.93472408,0.00000000,-0.68822953,-1.24523254,15
2013-02-19,30.01757834,-0.36053150,0.00457150,-3.56532294,-1.87349132,24.57876408,24.57876408,0.00000000,-0.76565373,-1.24220145,15
2013-02-20,30.01757834,-0.13665520,0.14227358,-3.70197814,-1.73121774,24.58438246,24.58438246,0.00000000,-0.79500046,-1.14786824,15
2013-02-21,30.01757834,0.76849519,0.00341216,-2.93348294,-1.72780559,25.35628981,25.35628981,0.00000000,-0.62996598,-1.14560584,15
2013-02-22,30.01757834,-0.18238837,0.02119019,-3.11587131,-1.70661539,25.19509163,25.19509163,0.00000000,-0.66913392,-1.13155588,15
2013-02-25,30.01757834,-0.17510004,0.12980255,-3.29097136,-1.57681284,25.14979414,25.14979414,0.00000000,-0.70673668,-1.04549147,15
2013-02-26,30.01757834,0.88335544,-0.11542466,-2.40761591,-1.69223750,25.91772493,25.91772493,0.00000000,-0.51703594,-1.12202274,15
2013-02-27,30.01757834,-0.34463604,0.02319613,-2.75225195,-1.66904136,25.59628502,25.59628502,0.00000000,-0.59104659,-1.10664276,15
2013-02-28,30.01757834,-0.16588188,-0.04746458,-2.91813383,-1.71650594,25.38293857,25.38293857,0.00000000,-0.62666976,-1.13811372,15
2013-03-01,30.01757834,0.35253827,-0.10339315,-2.56559556,-1.81989909,25.63208369,25.63208369,0.00000000,-0.55096210,-1.20666761,15
2013-03-04,30.01757834,-0.06754683,0.00392567,-2.63314239,-1.81597342,25.56846252,25.56846252,0.00000000,-0.56546779,-1.20406473,15
2013-03-05,30.01757834,-0.53706623,0.10342828,-3.17020862,-1.71254515,25.13482457,25.13482457,0.00000000,-0.68080286,-1.13548755,15
2013-03-06,30.01757834,0.08733091,-0.15766084,-3.08287771,-1.87020598,25.06449464,25.06449464,0.00000000,-0.66204853,-1.24002314,15
2013-03-07,30.01757834,0.07676253,-0.01163150,-3.00611518,-1.88183749,25.12962568,25.12962568,0.00000000,-0.64556377,-1.24773530,15
2013-03-08,30.01757834,-0.42387089,-0.04579702,-3.42998607,-1.92763450,24.65995776,24.65995776,0.00000000,-0.73659012,-1.27810060,15
2013-03-11,30.01757834,-0.00383414,-0.17771345,-3.43382021,-2.10534796,24.47841017,24.47841017,0.00000000,-0.73741350,-1.39593189,15
2013-03-12,30.01757834,0.12526644,0.04666828,-3.30855377,-2.05867967,24.65034490,24.65034490,-0.00000000,-0.71051251,-1.36498891,15
2013-03-13,30.01757834,0.10290541,0.01965082,-3.20564836,-2.03902885,24.77290113,24.77290113,0.00000000,-0.68841355,-1.35195961,15
2013-03-14,30.01757834,-0.20989675,-0.04474581,-3.41554511,-2.08377466,24.51825857,24.51825857,0.00000000,-0.73348892,-1.38162791,15
2013-03-15,30.01757834,0.13812703,-0.00193101,-3.27741808,-2.08570566,24.65445459,24.65445459,-0.00000000,-0.70382611,-1.38290825,15
2013-03-18,30.01757834,0.58655549,0.05645226,-2.69086259,-2.02925340,25.29746235,25.29746235,0.00000000,-0.57786322,-1.34547809,15
2013-03-19,30.01757834,0.84522373,-0.18097048,-1.84563886,-2.21022388,25.96171560,25.96171560,0.00000000,-0.39635127,-1.46546892,15
2013-03-20,30.01757834,-0.37208235,-0.01054931,-2.21772121,-2.22077319,25.57908394,25.57908394,0.00000000,-0.47625602,-1.47246355,15
2013-03-21,30.01757834,0.14608994,0.00025390,-2.07163127,-2.22051929,25.72542778,25.72542778,0.00000000,-0.44488318,-1.47229520,15
2013-03-22,30.01757834,0.29496627,-0.00342012,-1.77666500,-2.22393942,26.01697392,26.01697392,0.00000000,-0.38153912,-1.47456289,15
2013-03-25,30.01757834,0.92889964,-0.29488283,-0.84776536,-2.51882225,26.65099073,26.65099073,0.00000000,-0.18205776,-1.67008228,15
2013-03-26,30.01757834,0.01846521,-0.00404515,-0.82930016,-2.52286740,26.66541079,26.66541079,0.00000000,-0.17809236,-1.67276438,15
2013-03-27,30.01757834,-0.09930041,0.06958774,-0.92860056,-2.45327966,26.63569811,26.63569811,0.00000000,-0.19941714,-1.62662486,15
2013-03-28,30.01757834,-0.27068236,0.12970074,-1.19928293,-2.32357892,26.49471650,26.49471650,0.00000000,-0.25754622,-1.54062795,15
2013-04-02,30.01757834,-0.15582316,0.39481859,-1.35510609,-1.92876033,26.73371192,26.73371192,0.00000000,-0.29100927,-1.27884707,15
2013-04-03,30.01757834,0.52418027,-0.02793310,-0.83092582,-1.95669343,27.22995909,27.22995909,0.00000000,-0.17844147,-1.29736786,15
2013-04-05,30.01757834,0.19049985,-0.27435663,-0.64042597,-2.23105006,27.14610231,27.14610231,0.00000000,-0.13753159,-1.47927754,15
2013-04-08,30.01757834,0.24823747,-0.23835613,-0.39218850,-2.46940620,27.15598364,27.15598364,0.00000000,-0.08422255,-1.63731741,15
2013-04-09,30.01757834,-0.21494288,0.06815907,-0.60713137,-2.40124713,27.00919984,27.00919984,0.00000000,-0.13038157,-1.59212516,15
2013-04-10,30.01757834,-1.09819447,0.07364743,-1.70532584,-2.32759970,25.98465279,25.98465279,-0.00000000,-0.36621903,-1.54329390,15
2013-04-11,30.01757834,-0.23348755,-0.01135858,-1.93881340,-2.33895829,25.73980666,25.73980666,0.00000000,-0.41636052,-1.55082510,15
2013-04-12,30.01757834,0.51662249,-0.09907983,-1.42219091,-2.43803812,26.15734931,26.15734931,0.00000000,-0.30541575,-1.61651909,15
2013-04-15,30.01757834,0.31479532,0.04612771,-1.10739559,-2.39191041,26.51827234,26.51827234,0.00000000,-0.23781340,-1.58593453,15
2013-04-16,30.01757834,-0.03043054,0.03913167,-1.13782613,-2.35277874,26.52697347,26.52697347,0.00000000,-0.24434836,-1.55998863,15
2013-04-17,30.01757834,0.65775138,-0.04581971,-0.48007476,-2.39859846,27.13890513,27.13890513,0.00000000,-0.10309614,-1.59036898,15
2013-04-18,30.01757834,0.32397469,0.00297897,-0.15610007,-2.39561949,27.46585878,27.46585878,0.00000000,-0.03352252,-1.58839380,15
2013-04-19,30.01757834,-0.31581906,-0.03671025,-0.47191914,-2.43232974,27.11332946,27.11332946,0.00000000,-0.10134472,-1.61273420,15
2013-04-22,30.01757834,-0.16356965,0.01682616,-0.63548879,-2.41550359,26.96658597,26.96658597,0.00000000,-0.13647133,-1.60157777,15
2013-04-23,30.01757834,-1.14989654,0.25398490,-1.78538533,-2.16151869,26.07067432,26.07067432,0.00000000,-0.38341182,-1.43317539,15
2013-04-24,30.01757834,-0.16566577,-0.06867156,-1.95105110,-2.23019024,25.83633700,25.83633700,0.00000000,-0.41898857,-1.47870744,15
2013-04-25,30.01757834,-0.15006455,-0.05242388,-2.10111565,-2.28261412,25.63384857,25.63384857,0.00000000,-0.45121496,-1.51346662,15
2013-04-26,30.01757834,0.00906332,-0.00546356,-2.09205232,-2.28807768,25.63744833,25.63744833,0.00000000,-0.44926861,-1.51708918,15
2013-04-29,30.01757834,-0.34922609,0.05217359,-2.44127841,-2.23590409,25.34039584,25.34039584,0.00000000,-0.52426497,-1.48249595,15
2013-04-30,30.01757834,0.08291431,-0.08294990,-2.35836411,-2.31885399,25.34036025,25.34036025,0.00000000,-0.50645911,-1.53749513,15
2013-05-02,30.01757834,-0.13631010,0.12479281,-2.49467420,-2.19406118,25.32884296,25.32884296,0.00000000,-0.53573173,-1.45475239,15
2013-05-03,30.01757834,-0.39322898,0.06965404,-2.88790318,-2.12440714,25.00526802,25.00526802,0.00000000,-0.62017772,-1.40856891,15
2013-05-06,30.01757834,-0.08508138,-0.05306120,-2.97298457,-2.17746834,24.86712543,24.86712543,0.00000000,-0.63844896,-1.44375066,15
2013-05-07,30.01757834,-0.19067402,-0.13662130,-3.16365859,-2.31408964,24.53983011,24.53983011,0.00000000,-0.67939624,-1.53433617,15
2013-05-08,30.01757834,0.02164975,-0.09060092,-3.14200884,-2.40469056,24.47087895,24.47087895,0.00000000,-0.67474695,-1.59440829,15
2013-05-09,30.01757834,0.08704494,0.05631324,-3.05496390,-2.34837732,24.61423712,24.61423712,-0.00000000,-0.65605404,-1.55707031,15
2013-05-10,30.01757834,0.19226566,-0.15446457,-2.86269824,-2.50284189,24.65203821,24.65203821,0.00000000,-0.61476495,-1.65948665,15
2013-05-13,30.01757834,0.18575847,-0.18797574,-2.67693976,-2.69081763,24.64982095,24.64982095,0.00000000,-0.57487329,-1.78412226,15
2013-05-14,30.01757834,-0.31079367,0.08229802,-2.98773343,-2.60851961,24.42132530,24.42132530,-0.00000000,-0.64161628,-1.72955530,15
2013-05-15,30.01757834,-0.51076674,-0.00717467,-3.49850017,-2.61569428,23.90338389,23.90338389,0.00000000,-0.75130353,-1.73431240,15
2013-05-16,30.01757834,-0.09670509,0.13699018,-3.59520525,-2.47870410,23.94366898,23.94366898,0.00000000,-0.77207096,-1.64348230,15
2013-05-20,30.01757834,-0.50742033,0.02309029,-4.10262559,-2.45561381,23.45933894,23.45933894,0.00000000,-0.88103957,-1.62817250,15
2013-05-21,30.01757834,0.22523033,-0.00397657,-3.87739525,-2.45959038,23.68059270,23.68059270,0.00000000,-0.83267132,-1.63080913,15
2013-05-22,30.01757834,-0.17314785,0.03299500,-4.05054310,-2.42659538,23.54043986,23.54043986,0.00000000,-0.86985485,-1.60893209,15
2013-05-23,30.01757834,0.64666077,0.14430571,-3.40388233,-2.28228967,24.33140634,24.33140634,0.00000000,-0.73098433,-1.51325150,15
2013-05-24,30.01757834,0.24246386,-0.03743926,-3.16141847,-2.31972893,24.53643094,24.53643094,0.00000000,-0.67891518,-1.53807526,15
2013-05-28,30.01757834,-0.56218786,0.05520234,-3.72360633,-2.26452659,24.02944542,24.02944542,0.00000000,-0.79964512,-1.50147385,15
2013-05-29,30.01757834,0.18521582,-0.03716374,-3.53839051,-2.30169033,24.17749750,24.17749750,0.00000000,-0.75986999,-1.52611492,15
2013-05-30,30.01757834,-0.16696673,0.06608238,-3.70535725,-2.23560795,24.07661314,24.07661314,0.00000000,-0.79572612,-1.48229960,15
2013-05-31,30.01757834,0.19729432,0.00902067,-3.50806292,-2.22658728,24.28292814,24.28292814,0.00000000,-0.75335713,-1.47631853,15
2013-06-03,30.01757834,0.16097148,0.10901946,-3.34709145,-2.11756782,24.55291908,24.55291908,0.00000000,-0.71878848,-1.40403416,15
2013-06-04,30.01757834,-0.07969188,-0.12392495,-3.42678333,-2.24149277,24.34930225,24.34930225,0.00000000,-0.73590233,-1.48620147,15
2013-06-05,30.01757834,0.39376846,0.08151806,-3.03301487,-2.15997470,24.82458877,24.82458877,0.00000000,-0.65134048,-1.43215166,15
2013-06-06,30.01757834,0.40054341,-0.08914743,-2.63247147,-2.24912213,25.13598474,25.13598474,0.00000000,-0.56532371,-1.49126006,15
2013-06-07,30.01757834,-0.44156646,0.15149611,-3.07403793,-2.09762602,24.84591438,24.84591438,-0.00000000,-0.66015019,-1.39081194,15
2013-06-10,30.01757834,0.15704448,-0.18749541,-2.91699345,-2.28512144,24.81546345,24.81546345,0.00000000,-0.62642486,-1.51512907,15
2013-06-11,30.01757834,0.28477334,0.03584380,-2.63222012,-2.24927764,25.13608059,25.13608059,0.00000000,-0.56526974,-1.49136316,15
2013-06-13,30.01757834,0.27789519,0.15946517,-2.35432493,-2.08981247,25.57344095,25.57344095,0.00000000,-0.50559169,-1.38563123,15
2013-06-14,30.01757834,-0.06615002,0.15033211,-2.42047494,-1.93948036,25.65762304,25.65762304,0.00000000,-0.51979742,-1.28595488,15
2013-06-17,30.01757834,-0.18987550,-0.05361027,-2.61035044,-1.99309063,25.41413727,25.41413727,0.00000000,-0.56057322,-1.32150069,15
2013-06-18,30.01757834,-0.11644514,0.02943464,-2.72679558,-1.96365599,25.32712676,25.32712676,-0.00000000,-0.58557983,-1.30198432,15
2013-06-19,30.01757834,0.22543394,-0.02221542,-2.50136164,-1.98587141,25.53034529,25.53034529,0.00000000,-0.53716786,-1.31671405,15
2013-06-20,30.01757834,0.76243889,0.09829007,-1.73892275,-1.88758134,26.39107425,26.39107425,0.00000000,-0.37343397,-1.25154371,15
2013-06-21,30.01757834,0.41887599,-0.08051432,-1.32004675,-1.96809566,26.72943592,26.72943592,0.00000000,-0.28348027,-1.30492800,15
2013-06-24,30.01757834,0.39521712,0.10404223,-0.92482964,-1.86405344,27.22869527,27.22869527,-0.00000000,-0.19860733,-1.23594375,15
2013-06-25,30.01757834,-0.29870417,-0.00958674,-1.22353381,-1.87364017,26.92040435,26.92040435,0.00000000,-0.26275410,-1.24230015,15
2013-06-26,30.01757834,-0.58926538,-0.06963165,-1.81279920,-1.94327183,26.26150732,26.26150732,0.00000000,-0.38929895,-1.28846878,15
2013-06-27,30.01757834,-0.17744672,-0.03014140,-1.99024591,-1.97341323,26.05391919,26.05391919,0.00000000,-0.42740566,-1.30845377,15
2013-06-28,30.01757834,0.39072582,-0.20151493,-1.59952009,-2.17492816,26.24313008,26.24313008,0.00000000,-0.34349722,-1.44206642,15
2013-07-02,30.01757834,0.04856822,0.06288290,-1.55095187,-2.11204526,26.35458121,26.35458121,0.00000000,-0.33306719,-1.40037248,15
2013-07-03,30.01757834,0.37671636,0.02631211,-1.17423551,-2.08573314,26.75760969,26.75760969,0.00000000,-0.25216728,-1.38292647,15
2013-07-05,30.01757834,-0.78820502,-0.04181185,-1.96244053,-2.12754499,25.92759282,25.92759282,0.00000000,-0.42143445,-1.41064943,15
2013-07-08,30.01757834,-0.39496033,0.13002909,-2.35740086,-1.99751590,25.66266158,25.66266158,0.00000000,-0.50625225,-1.32443483,15
2013-07-09,30.01757834,0.10482576,-0.11694027,-2.25257510,-2.11445617,25.65054707,25.65054707,0.00000000,-0.48374090,-1.40197101,15
2013-07-10,30.01757834,0.03503183,-0.05549270,-2.21754327,-2.16994887,25.63008620,25.63008620,0.00000000,-0.47621781,-1.43876494,15
2013-07-11,30.01757834,-0.11751536,-0.08780699,-2.33505863,-2.25775586,25.42476385,25.42476385,0.00000000,-0.50145425,-1.49698457,15
2013-07-12,30.01757834,0.04656587,-0.00847973,-2.28849276,-2.26623560,25.46284998,25.46284998,0.00000000,-0.49145423,-1.50260698,15
2013-07-15,30.01757834,-0.18632602,-0.00486172,-2.47481878,-2.27109731,25.27166225,25.27166225,-0.00000000,-0.53146777,-1.50583050,15
2013-07-16,30.01757834,0.24007742,-0.05957241,-2.23474136,-2.33066972,25.45216726,25.45216726,0.00000000,-0.47991110,-1.54532945,15
2013-07-17,30.01757834,-0.11341559,-0.00101695,-2.34815696,-2.33168667,25.33773472,25.33773472,0.00000000,-0.50426712,-1.54600372,15
2013-07-18,30.01757834,-0.74307635,0.11499789,-3.09123331,-2.21668878,24.70965625,24.70965625,0.00000000,-0.66384290,-1.46975542,15
2013-07-19,30.01757834,-0.17461745,0.06796988,-3.26585076,-2.14871890,24.60300868,24.60300868,0.00000000,-0.70134203,-1.42468860,15
2013-07-22,30.01757834,-0.17300911,0.02494956,-3.43885987,-2.12376934,24.45494913,24.45494913,0.00000000,-0.73849577,-1.40814602,15
2013-07-23,30.01757834,0.06899553,-0.16016409,-3.36986434,-2.28393343,24.36378057,24.36378057,0.00000000,-0.72367896,-1.51434137,15
2013-07-24,30.01757834,-0.25884103,0.03621592,-3.62870537,-2.24771751,24.14115546,24.14115546,-0.00000000,-0.77926512,-1.49032873,15
2013-07-25,30.01757834,-0.07810234,0.04384051,-3.70680771,-2.20387699,24.10689364,24.10689364,0.00000000,-0.79603761,-1.46126068,15
2013-07-26,30.01757834,0.14325063,0.06279091,-3.56355708,-2.14108608,24.31293518,24.31293518,0.00000000,-0.76527451,-1.41962773,15
2013-07-29,30.01757834,0.18325173,0.09475692,-3.38030535,-2.04632916,24.59094383,24.59094383,-0.00000000,-0.72592117,-1.35680002,15
2013-07-30,30.01757834,0.01204667,-0.02027097,-3.36825868,-2.06660013,24.58271952,24.58271952,-0.00000000,-0.72333415,-1.37024050,15
2013-07-31,30.01757834,-0.05599258,0.01070528,-3.42425126,-2.05589486,24.53743222,24.53743222,0.00000000,-0.73535856,-1.36314246,15
2013-08-01,30.01757834,-0.91451672,0.07529913,-4.33876798,-1.98059573,23.69821463,23.69821463,-0.00000000,-0.93175119,-1.31321606,15
2013-08-02,30.01757834,-0.13661580,-0.01586195,-4.47538378,-1.99645768,23.54573688,23.54573688,0.00000000,-0.96108946,-1.32373318,15
2013-08-05,30.01757834,-0.20601075,0.11261462,-4.68139453,-1.88384305,23.45234076,23.45234076,-0.00000000,-1.00533030,-1.24906507,15
2013-08-06,30.01757834,0.16855272,0.05963933,-4.51284180,-1.82420372,23.68053281,23.68053281,0.00000000,-0.96913358,-1.20952175,15
2013-08-07,30.01757834,-0.25051940,0.24164478,-4.76336120,-1.58255894,23.67165820,23.67165820,0.00000000,-1.02293266,-1.04930137,15
2013-08-08,30.01757834,-0.21733068,0.06887401,-4.98069188,-1.51368493,23.52320153,23.52320153,0.00000000,-1.06960446,-1.00363508,15
2013-08-09,30.01757834,-0.10764254,0.02945194,-5.08833442,-1.48423299,23.44501093,23.44501093,-0.00000000,-1.09272072,-0.98410724,15
2013-08-12,30.01757834,-0.06656867,-0.02219685,-5.15490309,-1.50642984,23.35624541,23.35624541,0.00000000,-1.10701635,-0.99882466,15
2013-08-13,30.01757834,-0.00726759,-0.14489399,-5.16217068,-1.65132384,23.20408382,23.20408382,-0.00000000,-1.10857707,-1.09489531,15
2013-08-14,30.01757834,-0.08690985,0.02140281,-5.24908053,-1.62992103,23.13857678,23.13857678,0.00000000,-1.12724097,-1.08070438,15
2013-08-15,30.01757834,0.21032116,0.01247840,-5.03875938,-1.61744263,23.36137633,23.36137633,-0.00000000,-1.08207447,-1.07243069,15
2013-08-16,30.01757834,-0.25239343,0.08568797,-5.29115281,-1.53175466,23.19467087,23.19467087,0.00000000,-1.13627600,-1.01561605,15
2013-08-19,30.01757834,0.41099830,-0.03114918,-4.88015451,-1.56290384,23.57451999,23.57451999,0.00000000,-1.04801404,-1.03626924,15
2013-08-20,30.01757834,0.28836662,0.02464108,-4.59178789,-1.53826276,23.88752769,23.88752769,-0.00000000,-0.98608726,-1.01993119,15
2013-08-21,30.01757834,0.11818264,0.05166630,-4.47360525,-1.48659646,24.05737663,24.05737663,-0.00000000,-0.96070752,-0.98567431,15
2013-08-22,30.01757834,-0.36427777,-0.01517376,-4.83788302,-1.50177022,23.67792510,23.67792510,-0.00000000,-1.03893623,-0.99573514,15
2013-08-23,30.01757834,-0.07907934,-0.02714557,-4.91696236,-1.52891579,23.57170019,23.57170019,0.00000000,-1.05591854,-1.01373377,15
2013-08-26,30.01757834,0.21111955,-0.03906993,-4.70584281,-1.56798572,23.74374980,23.74374980,0.00000000,-1.01058058,-1.03963873,15
2013-08-27,30.01757834,0.71539815,-0.03637410,-3.99044467,-1.60435982,24.42277385,24.42277385,0.00000000,-0.85694870,-1.06375625,15
2013-08-28,30.01757834,-0.09314341,0.12982119,-4.08358808,-1.47453863,24.45945163,24.45945163,-0.00000000,-0.87695126,-0.97767948,15
2013-08-29,30.01757834,-0.18869375,0.02181658,-4.27228183,-1.45272205,24.29257446,24.29257446,0.00000000,-0.91747328,-0.96321420,15
2013-08-30,30.01757834,0.36439062,-0.04814121,-3.90789121,-1.50086326,24.60882387,24.60882387,-0.00000000,-0.83922033,-0.99513379,15
2013-09-03,30.01757834,-0.45814165,-0.18906693,-4.36603286,-1.68993019,23.96161529,23.96161529,0.00000000,-0.93760633,-1.12049290,15
2013-09-04,30.01757834,-0.00247821,-0.08054422,-4.36851107,-1.77047441,23.87859286,23.87859286,-0.00000000,-0.93813853,-1.17389702,15
2013-09-05,30.01757834,-0.02316819,-0.05150344,-4.39167926,-1.82197785,23.80392123,23.80392123,0.00000000,-0.94311390,-1.20804591,15
2013-09-06,30.01757834,-0.16446494,0.03982013,-4.55614420,-1.78215771,23.67927642,23.67927642,0.00000000,-0.97843277,-1.18164353,15
2013-09-09,30.01757834,-0.20565905,-0.07296157,-4.76180326,-1.85511928,23.40065580,23.40065580,0.00000000,-1.02259809,-1.23002004,15
2013-09-10,30.01757834,-0.48162098,-0.04082017,-5.24342423,-1.89593946,22.87821465,22.87821465,0.00000000,-1.12602628,-1.25708548,15
2013-09-11,30.01757834,-0.08007019,0.06504345,-5.32349442,-1.83089601,22.86318791,22.86318791,0.00000000,-1.14322137,-1.21395901,15
2013-09-12,30.01757834,0.09801581,0.00462787,-5.22547861,-1.82626814,22.96583159,22.96583159,0.00000000,-1.12217246,-1.21089054,15
2013-09-13,30.01757834,0.05676841,0.00225207,-5.16871020,-1.82401606,23.02485208,23.02485208,0.00000000,-1.10998143,-1.20939733,15
2013-09-16,30.01757834,-0.25768439,-0.02579797,-5.42639458,-1.84981403,22.74136972,22.74136972,0.00000000,-1.16531920,-1.22650244,15
2013-09-17,30.01757834,0.04921284,-0.01819554,-5.37718174,-1.86800958,22.77238702,22.77238702,0.00000000,-1.15475073,-1.23856683,15
2013-09-18,30.01757834,-0.15497429,-0.01839418,-5.53215604,-1.88640376,22.59901854,22.59901854,0.00000000,-1.18803149,-1.25076293,15
2013-09-19,30.01757834,-0.07115264,-0.03613151,-5.60330868,-1.92253527,22.49173439,22.49173439,0.00000000,-1.20331153,-1.27471960,15
2013-09-23,30.01757834,0.34615245,0.00515315,-5.25715623,-1.91738212,22.84303999,22.84303999,0.00000000,-1.12897523,-1.27130285,15
2013-09-24,30.01757834,-0.15600740,0.14717508,-5.41316363,-1.77020705,22.83420767,22.83420767,0.00000000,-1.16247785,-1.17371975,15
2013-09-25,30.01757834,-0.00213070,-0.07375464,-5.41529433,-1.84396169,22.75832232,22.75832232,-0.00000000,-1.16293542,-1.22262210,15
2013-09-26,30.01757834,0.13794061,-0.01625754,-5.27735372,-1.86021923,22.88000539,22.88000539,-0.00000000,-1.13331265,-1.23340151,15
2013-09-27,30.01757834,-0.01403694,0.04759713,-5.29139066,-1.81262210,22.91356558,22.91356558,-0.00000000,-1.13632708,-1.20184267,15
2013-09-30,30.01757834,0.11696452,0.17557035,-5.17442614,-1.63705176,23.20610045,23.20610045,0.00000000,-1.11120893,-1.08543234,15
2013-10-02,30.01757834,-0.44844812,0.11839649,-5.62287426,-1.51865526,22.87604882,22.87604882,0.00000000,-1.20751324,-1.00693062,15
2013-10-03,30.01757834,0.19730691,-0.06521742,-5.42556735,-1.58387268,23.00813831,23.00813831,-0.00000000,-1.16514155,-1.05017243,15
2013-10-04,30.01757834,-0.20344399,0.02134592,-5.62901133,-1.56252676,22.82604024,22.82604024,0.00000000,-1.20883118,-1.03601922,15
2013-10-07,30.01757834,0.02070917,0.09870256,-5.60830216,-1.46382420,22.94545198,22.94545198,-0.00000000,-1.20438388,-0.97057538,15
2013-10-08,30.01757834,0.04990988,0.01689721,-5.55839228,-1.44692699,23.01225906,23.01225906,0.00000000,-1.19366573,-0.95937184,15
2013-10-09,30.01757834,-0.24256768,0.00744881,-5.80095996,-1.43947818,22.77714020,22.77714020,0.00000000,-1.24575718,-0.95443297,15
2013-10-10,30.01757834,-0.50034512,0.03582864,-6.30130509,-1.40364954,22.31262371,22.31262371,0.00000000,-1.35320638,-0.93067712,15
2013-10-11,30.01757834,-0.06500987,-0.07470946,-6.36631496,-1.47835901,22.17290437,22.17290437,0.00000000,-1.36716726,-0.98021255,15
2013-10-15,30.01757834,-0.14165345,0.03136755,-6.50796841,-1.44699146,22.06261846,22.06261846,0.00000000,-1.39758737,-0.95941458,15
2013-10-16,30.01757834,-0.16157939,-0.03229140,-6.66954780,-1.47928287,21.86874767,21.86874767,0.00000000,-1.43228657,-0.98082511,15
2013-10-17,30.01757834,-0.02882373,0.01166492,-6.69837154,-1.46761795,21.85158885,21.85158885,-0.00000000,-1.43847647,-0.97309079,15
2013-10-18,30.01757834,-0.01607732,-0.02366026,-6.71444885,-1.49127821,21.81185128,21.81185128,0.00000000,-1.44192908,-0.98877851,15
2013-10-21,30.01757834,0.06395242,0.00673710,-6.65049644,-1.48454111,21.88254079,21.88254079,0.00000000,-1.42819529,-0.98431154,15
2013-10-22,30.01757834,-0.01583279,0.01795210,-6.66632922,-1.46658901,21.88466010,21.88466010,0.00000000,-1.43159538,-0.97240856,15
2013-10-23,30.01757834,0.34134626,0.06200002,-6.32498296,-1.40458899,22.28800638,22.28800638,0.00000000,-1.35829121,-0.93130001,15
2013-10-24,30.01757834,-0.28379490,0.12140312,-6.60877786,-1.28318587,22.12561461,22.12561461,0.00000000,-1.41923622,-0.85080477,15
2013-10-25,30.01757834,0.28830243,-0.00742371,-6.32047543,-1.29060958,22.40649333,22.40649333,-0.00000000,-1.35732322,-0.85572699,15
2013-10-28,30.01757834,0.24624598,-0.13842832,-6.07422945,-1.42903790,22.51431098,22.51431098,-0.00000000,-1.30444185,-0.94751064,15
2013-10-29,30.01757834,-0.19598023,-0.00799720,-6.27020968,-1.43703510,22.31033356,22.31033356,-0.00000000,-1.34652864,-0.95281311,15
2013-10-30,30.01757834,0.09719268,-0.11214563,-6.17301700,-1.54918073,22.29538061,22.29538061,-0.00000000,-1.32565649,-1.02717025,15
2013-10-31,30.01757834,-0.25914644,0.15115267,-6.43216344,-1.39802806,22.18738684,22.18738684,-0.00000000,-1.38130824,-0.92694984,15
2013-11-01,30.01757834,0.01232050,-0.01748329,-6.41984294,-1.41551136,22.18222405,22.18222405,0.00000000,-1.37866241,-0.93854198,15
2013-11-04,30.01757834,0.08738670,-0.02073419,-6.33245624,-1.43624555,22.24887655,22.24887655,0.00000000,-1.35989610,-0.95228960,15
2013-11-05,30.01757834,0.16822406,0.02699835,-6.16423218,-1.40924720,22.44409896,22.44409896,0.00000000,-1.32376995,-0.93438859,15
2013-11-06,30.01757834,-0.06345690,0.00219554,-6.22768907,-1.40705166,22.38283761,22.38283761,0.00000000,-1.33739733,-0.93293286,15
2013-11-07,30.01757834,-0.30195208,0.17398636,-6.52964115,-1.23306530,22.25487189,22.25487189,0.00000000,-1.40224159,-0.81757278,15
2013-11-08,30.01757834,0.04291156,-0.06314446,-6.48672959,-1.29620976,22.23463899,22.23463899,0.00000000,-1.39302633,-0.85944014,15
2013-11-11,30.01757834,-0.06584448,-0.09460982,-6.55257407,-1.39081959,22.07418469,22.07418469,0.00000000,-1.40716644,-0.92217033,15
2013-11-12,30.01757834,0.11988082,-0.04209031,-6.43269324,-1.43290990,22.15197520,22.15197520,0.00000000,-1.38142201,-0.95007793,15
2013-11-13,30.01757834,0.12228757,0.00757893,-6.31040567,-1.42533097,22.28184171,22.28184171,0.00000000,-1.35516073,-0.94505279,15
2013-11-14,30.01757834,-0.09569953,-0.07646785,-6.40610520,-1.50179882,22.10967432,22.10967432,0.00000000,-1.37571223,-0.99575410,15
2013-11-15,30.01757834,0.00063431,-0.16288597,-6.40547089,-1.66468479,21.94742266,21.94742266,-0.00000000,-1.37557601,-1.10375417,15
2013-11-18,30.01757834,-0.18387762,-0.10711997,-6.58934851,-1.77180476,21.65642507,21.65642507,0.00000000,-1.41506376,-1.17477910,15
2013-11-19,30.01757834,0.20760858,-0.04890716,-6.38173993,-1.82071191,21.81512649,21.81512649,0.00000000,-1.37047978,-1.20720654,15
2013-11-20,30.01757834,0.05113125,0.00341661,-6.33060868,-1.81729530,21.86967436,21.86967436,-0.00000000,-1.35949933,-1.20494119,15
2013-11-21,30.01757834,-0.08734329,-0.03085652,-6.41795197,-1.84815182,21.75147454,21.75147454,0.00000000,-1.37825632,-1.22540032,15
2013-11-22,30.01757834,-0.07531187,-0.02466983,-6.49326384,-1.87282165,21.65149285,21.65149285,0.00000000,-1.39442956,-1.24175743,15
2013-11-25,30.01757834,-0.09397035,-0.01238107,-6.58723420,-1.88520272,21.54514142,21.54514142,-0.00000000,-1.41460971,-1.24996659,15
2013-11-26,30.01757834,0.04986468,0.00721639,-6.53736952,-1.87798633,21.60222249,21.60222249,0.00000000,-1.40390126,-1.24518182,15
2013-11-27,30.01757834,-0.09131301,0.02531428,-6.62868253,-1.85267204,21.53622377,21.53622377,-0.00000000,-1.42351075,-1.22839742,15
2013-11-29,30.01757834,-0.28054355,0.07329994,-6.90922609,-1.77937210,21.32898015,21.32898015,0.00000000,-1.48375752,-1.17979656,15
2013-12-02,30.01757834,0.02006957,-0.01455599,-6.88915652,-1.79392809,21.33449373,21.33449373,-0.00000000,-1.47944758,-1.18944777,15
2013-12-03,30.01757834,0.25689648,0.00208957,-6.63226004,-1.79183852,21.59347978,21.59347978,-0.00000000,-1.42427902,-1.18806230,15
2013-12-04,30.01757834,0.26943118,-0.01995761,-6.36282886,-1.81179613,21.84295335,21.84295335,0.00000000,-1.36641862,-1.20129501,15
2013-12-05,30.01757834,0.24742103,0.02902280,-6.11540783,-1.78277333,22.11939718,22.11939718,0.00000000,-1.31328491,-1.18205171,15
2013-12-06,30.01757834,-0.27958216,0.00937645,-6.39498999,-1.77339688,21.84919147,21.84919147,0.00000000,-1.37332523,-1.17583474,15
2013-12-09,30.01757834,-0.04122918,-0.04888048,-6.43621916,-1.82227736,21.75908182,21.75908182,0.00000000,-1.38217920,-1.20824449,15
2013-12-10,30.01757834,0.12334530,-0.03918168,-6.31287387,-1.86145904,21.84324544,21.84324544,0.00000000,-1.35569078,-1.23422355,15
2013-12-11,30.01757834,0.08290727,0.13408896,-6.22996660,-1.72737008,22.06024166,22.06024166,0.00000000,-1.33788643,-1.14531709,15
2013-12-12,30.01757834,0.13147227,-0.00641337,-6.09849433,-1.73378345,22.18530056,22.18530056,0.00000000,-1.30965274,-1.14956941,15
2013-12-13,30.01757834,0.05026090,-0.02679826,-6.04823343,-1.76058171,22.20876321,22.20876321,0.00000000,-1.29885920,-1.16733775,15
2013-12-16,30.01757834,-0.17653619,0.07390101,-6.22476962,-1.68668070,22.10612802,22.10612802,0.00000000,-1.33677038,-1.11833836,15
2013-12-17,30.01757834,0.21588237,-0.00878723,-6.00888724,-1.69546793,22.31322316,22.31322316,0.00000000,-1.29040960,-1.12416466,15
2013-12-18,30.01757834,-0.33129119,-0.06352402,-6.34017843,-1.75899196,21.91840795,21.91840795,0.00000000,-1.36155444,-1.16628369,15
2013-12-19,30.01757834,-0.19479792,0.06886965,-6.53497636,-1.69012231,21.79247967,21.79247967,0.00000000,-1.40338733,-1.12062029,15
2013-12-20,30.01757834,-0.04139405,0.01512046,-6.57637040,-1.67500185,21.76620609,21.76620609,0.00000000,-1.41227671,-1.11059480,15
2013-12-23,30.01757834,-0.14290032,0.00961028,-6.71927073,-1.66539157,21.63291604,21.63291604,0.00000000,-1.44296458,-1.10422279,15
2013-12-24,30.01757834,-0.01319879,-0.04792049,-6.73246951,-1.71331206,21.57179677,21.57179677,-0.00000000,-1.44579902,-1.13599604,15
2013-12-27,30.01757834,-0.11381578,-0.05120980,-6.84628529,-1.76452186,21.40677118,21.40677118,-0.00000000,-1.47024098,-1.16995024,15
2013-12-30,30.01757834,-0.08310626,0.00937718,-6.92939156,-1.75514468,21.33304210,21.33304210,-0.00000000,-1.48808806,-1.16373278,15
2013-12-31,30.01757834,-0.43252669,0.13944767,-7.36191825,-1.61569701,21.03996308,21.03996308,-0.00000000,-1.58097325,-1.07127327,15
2014-01-02,30.01757834,0.14843635,0.00823273,-7.21348190,-1.60746428,21.19663216,21.19663216,0.00000000,-1.54909651,-1.06581463,15
2014-01-03,30.01757834,0.04365260,0.02895343,-7.16982930,-1.57851084,21.26923820,21.26923820,0.00000000,-1.53972211,-1.04661732,15
2014-01-06,30.01757834,-0.10861095,0.09388071,-7.27844025,-1.48463013,21.25450796,21.25450796,-0.00000000,-1.56304633,-0.98437056,15
2014-01-07,30.01757834,-0.51267042,0.18927239,-7.79111067,-1.29535775,20.93110993,20.93110993,0.00000000,-1.67314239,-0.85887522,15
2014-01-08,30.01757834,-0.17164016,-0.09865413,-7.96275083,-1.39401187,20.66081564,20.66081564,0.00000000,-1.71000215,-0.92428695,15
2014-01-09,30.01757834,0.13272885,0.05538618,-7.83002197,-1.33862569,20.84893067,20.84893067,-0.00000000,-1.68149860,-0.88756364,15
2014-01-10,30.01757834,-0.00025647,-0.01279510,-7.83027844,-1.35142079,20.83587910,20.83587910,-0.00000000,-1.68155368,-0.89604732,15
2014-01-13,30.01757834,-0.19582112,0.09757133,-8.02609957,-1.25384947,20.73762931,20.73762931,0.00000000,-1.72360630,-0.83135353,15
2014-01-14,30.01757834,-0.02158592,0.09020601,-8.04768548,-1.16364346,20.80624940,20.80624940,0.00000000,-1.72824188,-0.77154325,15
2014-01-15,30.01757834,-0.41043155,-0.00531776,-8.45811703,-1.16896121,20.39050009,20.39050009,0.00000000,-1.81638213,-0.77506914,15
2014-01-16,30.01757834,0.18359846,0.02800643,-8.27451857,-1.14095478,20.60210499,20.60210499,-0.00000000,-1.77695433,-0.75649973,15
2014-01-17,30.01757834,0.13408949,-0.00899335,-8.14042908,-1.14994813,20.72720113,20.72720113,-0.00000000,-1.74815859,-0.76246269,15
2014-01-21,30.01757834,0.04873537,-0.00883122,-8.09169371,-1.15877934,20.76710529,20.76710529,-0.00000000,-1.73769266,-0.76831815,15
2014-01-22,30.01757834,0.01593464,-0.05234290,-8.07575907,-1.21112224,20.73069703,20.73069703,0.00000000,-1.73427069,-0.80302363,15
2014-01-23,30.01757834,0.06086688,0.17262548,-8.01489219,-1.03849675,20.96418940,20.96418940,-0.00000000,-1.72119952,-0.68856587,15
2014-01-24,30.01757834,0.38294434,0.06737430,-7.63194785,-0.97112245,21.41450804,21.41450804,0.00000000,-1.63896215,-0.64389394,15
2014-01-27,30.01757834,0.06236532,0.14176390,-7.56958252,-0.82935855,21.61863727,21.61863727,0.00000000,-1.62556919,-0.54989867,15
2014-01-28,30.01757834,-0.23230336,0.02352543,-7.80188589,-0.80583312,21.40985933,21.40985933,0.00000000,-1.67545637,-0.53430035,15
2014-01-29,30.01757834,0.13249916,-0.15476499,-7.66938673,-0.96059811,21.38759350,21.38759350,0.00000000,-1.64700216,-0.63691588,15
2014-01-30,30.01757834,0.01543468,0.06819991,-7.65395204,-0.89239820,21.47122810,21.47122810,0.00000000,-1.64368756,-0.59169654,15
2014-02-04,30.01757834,0.37578320,0.28469769,-7.27816884,-0.60770051,22.13170899,22.13170899,0.00000000,-1.56298805,-0.40293032,15
2014-02-05,30.01757834,-0.14120043,0.01850949,-7.41936927,-0.58919102,22.00901805,22.00901805,0.00000000,-1.59331086,-0.39065777,15
2014-02-06,30.01757834,-0.26716690,0.00255365,-7.68653618,-0.58663737,21.74440480,21.74440480,0.00000000,-1.65068500,-0.38896459,15
2014-02-07,30.01757834,-0.12177254,-0.10531787,-7.80830872,-0.69195524,21.51731439,21.51731439,0.00000000,-1.67683568,-0.45879465,15
2014-02-10,30.01757834,0.04806911,0.02857551,-7.76023960,-0.66337973,21.59395901,21.59395901,-0.00000000,-1.66651283,-0.43984792,15
2014-02-11,30.01757834,-0.19513843,-0.08261747,-7.95537804,-0.74599719,21.31620311,21.31620311,0.00000000,-1.70841884,-0.49462668,15
2014-02-12,30.01757834,-0.25337899,-0.02131349,-8.20875702,-0.76731068,21.04151064,21.04151064,0.00000000,-1.76283202,-0.50875840,15
2014-02-13,30.01757834,0.03912036,0.07047768,-8.16963666,-0.69683300,21.15110868,21.15110868,0.00000000,-1.75443092,-0.46202881,15
2014-02-14,30.01757834,-0.03860308,0.06029582,-8.20823974,-0.63653718,21.17280142,21.17280142,0.00000000,-1.76272094,-0.42205021,15
2014-02-18,30.01757834,-0.10545234,-0.12755842,-8.31369207,-0.76409559,20.93979067,20.93979067,-0.00000000,-1.78536684,-0.50662666,15
2014-02-19,30.01757834,-0.04805986,0.10595692,-8.36175193,-0.65813868,20.99768773,20.99768773,-0.00000000,-1.79568771,-0.43637289,15
2014-02-20,30.01757834,-0.06400870,0.15059274,-8.42576063,-0.50754594,21.08427177,21.08427177,0.00000000,-1.80943359,-0.33652374,15
2014-02-21,30.01757834,-0.00159013,-0.03219406,-8.42735076,-0.53974000,21.05048758,21.05048758,-0.00000000,-1.80977507,-0.35786972,15
2014-02-24,30.01757834,-0.13414624,0.04930869,-8.56149700,-0.49043131,20.96565003,20.96565003,-0.00000000,-1.83858300,-0.32517604,15
2014-02-25,30.01757834,0.05264708,-0.01532078,-8.50884992,-0.50575208,21.00297634,21.00297634,-0.00000000,-1.82727703,-0.33533434,15
2014-02-26,30.01757834,0.00332025,0.05330769,-8.50552967,-0.45244440,21.05960427,21.05960427,-0.00000000,-1.82656400,-0.29998916,15
2014-02-27,30.01757834,-0.10540547,-0.00316557,-8.61093515,-0.45560996,20.95103323,20.95103323,0.00000000,-1.84919985,-0.30208806,15
2014-02-28,30.01757834,-0.01114507,0.04674494,-8.62208022,-0.40886502,20.98663310,20.98663310,-0.00000000,-1.85159325,-0.27109425,15
2014-03-03,30.01757834,0.45243805,-0.01091646,-8.16964217,-0.41978148,21.42815469,21.42815469,-0.00000000,-1.75443210,-0.27833231,15
2014-03-04,30.01757834,-0.39093079,0.03095192,-8.56057296,-0.38882956,21.06817582,21.06817582,-0.00000000,-1.83838456,-0.25780992,15
2014-03-05,30.01757834,-0.10607410,0.01375324,-8.66664706,-0.37507632,20.97585496,20.97585496,-0.00000000,-1.86116399,-0.24869096,15
2014-03-06,30.01757834,-0.10470491,-0.04547089,-8.77135197,-0.42054721,20.82567916,20.82567916,-0.00000000,-1.88364939,-0.27884002,15
2014-03-07,30.01757834,0.18833263,-0.09787726,-8.58301934,-0.51842447,20.91613454,20.91613454,0.00000000,-1.84320492,-0.34373665,15
2014-03-10,30.01757834,-0.02959458,0.08467032,-8.61261392,-0.43375414,20.97121028,20.97121028,-0.00000000,-1.84956036,-0.28759676,15
2014-03-11,30.01757834,0.05378018,0.06087612,-8.55883374,-0.37287802,21.08586658,21.08586658,-0.00000000,-1.83801106,-0.24723340,15
2014-03-12,30.01757834,0.20171508,0.05437816,-8.35711866,-0.31849986,21.34195981,21.34195981,-0.00000000,-1.79469271,-0.21117845,15
2014-03-13,30.01757834,0.22302125,0.00529088,-8.13409741,-0.31320898,21.57027195,21.57027195,-0.00000000,-1.74679886,-0.20767038,15
2014-03-14,30.01757834,0.27419905,0.07641376,-7.85989836,-0.23679522,21.92088476,21.92088476,0.00000000,-1.68791456,-0.15700492,15
2014-03-17,30.01757834,-0.23430435,0.00865651,-8.09420271,-0.22813871,21.69523691,21.69523691,-0.00000000,-1.73823146,-0.15126531,15
2014-03-18,30.01757834,-0.15410270,0.02194934,-8.24830541,-0.20618937,21.56308356,21.56308356,-0.00000000,-1.77132505,-0.13671199,15
2014-03-19,30.01757834,-0.04558630,0.02779720,-8.29389172,-0.17839217,21.54529445,21.54529445,0.00000000,-1.78111471,-0.11828131,15
2014-03-20,30.01757834,-0.01206485,0.04012228,-8.30595657,-0.13826989,21.57335189,21.57335189,-0.00000000,-1.78370564,-0.09167860,15
2014-03-21,30.01757834,0.17093474,-0.13075338,-8.13502183,-0.26902327,21.61353324,21.61353324,-0.00000000,-1.74699738,-0.17837344,15
2014-03-24,30.01757834,0.10355862,-0.07424043,-8.03146321,-0.34326370,21.64285143,21.64285143,-0.00000000,-1.72475814,-0.22759789,15
2014-03-25,30.01757834,-0.14544641,0.01861426,-8.17690962,-0.32464944,21.51601928,21.51601928,-0.00000000,-1.75599279,-0.21525587,15
2014-03-26,30.01757834,-0.01286698,-0.04041600,-8.18977660,-0.36506544,21.46273630,21.46273630,0.00000000,-1.75875597,-0.24205333,15
2014-03-27,30.01757834,0.11435221,0.02246367,-8.07542439,-0.34260177,21.59955218,21.59955218,0.00000000,-1.73419882,-0.22715900,15
2014-03-28,30.01757834,-0.14292856,-0.08625779,-8.21835295,-0.42885956,21.37036583,21.37036583,0.00000000,-1.76489275,-0.28435145,15
2014-03-31,30.01757834,0.10947195,0.08825813,-8.10888100,-0.34060144,21.56809590,21.56809590,-0.00000000,-1.74138363,-0.22583270,15
2014-04-01,30.01757834,-0.38513996,0.07988562,-8.49402096,-0.26071581,21.26284156,21.26284156,-0.00000000,-1.82409250,-0.17286526,15
2014-04-02,30.01757834,-0.02210752,-0.01145124,-8.51612849,-0.27216705,21.22928280,21.22928280,-0.00000000,-1.82884010,-0.18045790,15
2014-04-03,30.01757834,-0.05714898,-0.01029469,-8.57327747,-0.28246174,21.16183914,21.16183914,-0.00000000,-1.84111285,-0.18728370,15
2014-04-04,30.01757834,-0.05015709,0.03243269,-8.62343456,-0.25002904,21.14411474,21.14411474,-0.00000000,-1.85188410,-0.16577949,15
2014-04-07,30.01757834,0.27743665,0.02603017,-8.34599791,-0.22399887,21.44758156,21.44758156,0.00000000,-1.79230453,-0.14852042,15
2014-04-08,30.01757834,0.16645101,-0.04398521,-8.17954690,-0.26798408,21.57004736,21.57004736,-0.00000000,-1.75655914,-0.17768442,15
2014-04-09,30.01757834,-0.07047529,0.07644421,-8.25002219,-0.19153988,21.57601627,21.57601627,-0.00000000,-1.77169372,-0.12699878,15
2014-04-10,30.01757834,0.20510897,0.06774195,-8.04491322,-0.12379793,21.84886719,21.84886719,-0.00000000,-1.72764654,-0.08208309,15
2014-04-11,30.01757834,0.24416680,0.12514752,-7.80074643,0.00134959,22.21818151,22.21818151,-0.00000000,-1.67521168,0.00089484,15
2014-04-14,30.01757834,0.03731124,-0.09940198,-7.76343518,-0.09805238,22.15609077,22.15609077,-0.00000000,-1.66719908,-0.06501275,15
2014-04-15,30.01757834,0.19361936,-0.05490026,-7.56981582,-0.15295264,22.29480987,22.29480987,-0.00000000,-1.62561929,-0.10141386,15
2014-04-16,30.01757834,-0.25830336,-0.04899265,-7.82811918,-0.20194529,21.98751387,21.98751387,-0.00000000,-1.68108998,-0.13389800,15
2014-04-17,30.01757834,-0.14990758,0.01381349,-7.97802676,-0.18813181,21.85141977,21.85141977,-0.00000000,-1.71328266,-0.12473909,15
2014-04-22,30.01757834,-0.14197408,0.10353222,-8.12000084,-0.08459959,21.81297791,21.81297791,0.00000000,-1.74377162,-0.05609299,15
2014-04-23,30.01757834,0.07795721,-0.05410966,-8.04204363,-0.13870925,21.83682546,21.83682546,-0.00000000,-1.72703029,-0.09196991,15
2014-04-24,30.01757834,-0.08204644,0.04322044,-8.12409007,-0.09548881,21.79799946,21.79799946,-0.00000000,-1.74464978,-0.06331299,15
2014-04-25,30.01757834,0.21271041,0.05869762,-7.91137965,-0.03679120,22.06940749,22.06940749,0.00000000,-1.69897018,-0.02439407,15
2014-04-28,30.01757834,0.07483120,0.03316519,-7.83654845,-0.00362600,22.17740388,22.17740388,0.00000000,-1.68290017,-0.00240419,15
2014-04-29,30.01757834,-0.27270376,-0.03613195,-8.10925221,-0.03975795,21.86856818,21.86856818,-0.00000000,-1.74146335,-0.02636115,15
2014-04-30,30.01757834,0.17621916,0.01348645,-7.93303305,-0.02627150,22.05827379,22.05827379,-0.00000000,-1.70362025,-0.01741908,15
2014-05-02,30.01757834,0.02108594,-0.06999086,-7.91194711,-0.09626236,22.00936887,22.00936887,0.00000000,-1.69909204,-0.06382588,15
2014-05-05,30.01757834,0.11812392,0.02269658,-7.79382319,-0.07356577,22.15018938,22.15018938,0.00000000,-1.67372491,-0.04877712,15
2014-05-07,30.01757834,-0.17479662,0.21805747,-7.96861981,0.14449170,22.19345023,22.19345023,0.00000000,-1.71126252,0.09580391,15
2014-05-08,30.01757834,-0.25799723,-0.04123730,-8.22661705,0.10325440,21.89421569,21.89421569,-0.00000000,-1.76666747,0.06846190,15
2014-05-09,30.01757834,0.16627284,-0.04824152,-8.06034421,0.05501288,22.01224701,22.01224701,-0.00000000,-1.73096034,0.03647579,15
2014-05-12,30.01757834,-0.08774730,-0.07950312,-8.14809151,-0.02449023,21.84499660,21.84499660,-0.00000000,-1.74980409,-0.01623803,15
2014-05-13,30.01757834,-0.00998619,-0.05449931,-8.15807770,-0.07898954,21.78051110,21.78051110,-0.00000000,-1.75194863,-0.05237330,15
2014-05-14,30.01757834,0.16001360,-0.07420646,-7.99806409,-0.15319600,21.86631825,21.86631825,-0.00000000,-1.71758568,-0.10157522,15
2014-05-15,30.01757834,0.35024391,-0.08990626,-7.64782018,-0.24310227,22.12665590,22.12665590,-0.00000000,-1.64237074,-0.16118676,15
2014-05-16,30.01757834,-0.06261952,0.11419159,-7.71043970,-0.12891067,22.17822797,22.17822797,0.00000000,-1.65581829,-0.08547305,15
2014-05-19,30.01757834,0.14418842,-0.01084915,-7.56625127,-0.13975982,22.31156725,22.31156725,-0.00000000,-1.62485380,-0.09266648,15
2014-05-20,30.01757834,0.06197869,0.03576317,-7.50427258,-0.10399665,22.40930911,22.40930911,-0.00000000,-1.61154386,-0.06895404,15
2014-05-21,30.01757834,-0.14017136,-0.03143937,-7.64444394,-0.13543602,22.23769838,22.23769838,-0.00000000,-1.64164569,-0.08979963,15
2014-05-22,30.01757834,-0.08016234,-0.09360632,-7.72460629,-0.22904234,22.06392971,22.06392971,-0.00000000,-1.65886057,-0.15186445,15
2014-05-23,30.01757834,-0.20870823,-0.02198450,-7.93331452,-0.25102684,21.83323699,21.83323699,-0.00000000,-1.70368070,-0.16644107,15
2014-05-27,30.01757834,-0.14503140,-0.01566236,-8.07834592,-0.26668919,21.67254323,21.67254323,-0.00000000,-1.73482622,-0.17682585,15
2014-05-28,30.01757834,-0.12920628,0.00836281,-8.20755220,-0.25832639,21.55169975,21.55169975,0.00000000,-1.76257329,-0.17128097,15
2014-05-29,30.01757834,0.03122644,-0.01873284,-8.17632575,-0.27705923,21.56419336,21.56419336,0.00000000,-1.75586740,-0.18370161,15
2014-05-30,30.01757834,0.31586226,-0.08175179,-7.86046349,-0.35881102,21.79830383,21.79830383,-0.00000000,-1.68803593,-0.23790640,15
2014-06-03,30.01757834,0.00770671,-0.16240194,-7.85275678,-0.52121296,21.64360860,21.64360860,-0.00000000,-1.68638091,-0.34558553,15
2014-06-04,30.01757834,-0.09981587,0.01444085,-7.95257264,-0.50677211,21.55823358,21.55823358,-0.00000000,-1.70781638,-0.33601066,15
2014-06-05,30.01757834,-0.10648735,-0.01740140,-8.05905999,-0.52417352,21.43434483,21.43434483,-0.00000000,-1.73068456,-0.34754850,15
2014-06-06,30.01757834,-0.24726979,0.04793420,-8.30632978,-0.47623932,21.23500924,21.23500924,-0.00000000,-1.78378579,-0.31576617,15
2014-06-09,30.01757834,-0.05523355,-0.03146243,-8.36156333,-0.50770175,21.14831326,21.14831326,-0.00000000,-1.79564720,-0.33662705,15
2014-06-10,30.01757834,0.04394871,-0.08365852,-8.31761462,-0.59136027,21.10860345,21.10860345,-0.00000000,-1.78620921,-0.39209607,15
2014-06-11,30.01757834,0.19978278,-0.04750027,-8.11783184,-0.63886054,21.26088596,21.26088596,-0.00000000,-1.74330582,-0.42359069,15
2014-06-12,30.01757834,0.00639216,0.07405967,-8.11143967,-0.56480087,21.34133779,21.34133779,-0.00000000,-1.74193310,-0.37448610,15
2014-06-13,30.01757834,0.05814706,-0.04892230,-8.05329262,-0.61372317,21.35056255,21.35056255,-0.00000000,-1.72944601,-0.40692359,15
2014-06-16,30.01757834,0.14752222,-0.01054673,-7.90577040,-0.62426990,21.48753804,21.48753804,-0.00000000,-1.69776559,-0.41391650,15
2014-06-17,30.01757834,-0.02724645,-0.00903924,-7.93301685,-0.63330915,21.45125235,21.45125235,-0.00000000,-1.70361677,-0.41990989,15
2014-06-18,30.01757834,0.06612013,-0.07152412,-7.86689672,-0.70483327,21.44584835,21.44584835,-0.00000000,-1.68941746,-0.46733332,15
2014-06-19,30.01757834,-0.03311388,0.01224869,-7.90001060,-0.69258458,21.42498316,21.42498316,-0.00000000,-1.69652867,-0.45921193,15
2014-06-20,30.01757834,0.20400754,-0.06681550,-7.69600306,-0.75940008,21.56217520,21.56217520,-0.00000000,-1.65271802,-0.50351334,15
2014-06-23,30.01757834,0.05588315,0.04318081,-7.64011992,-0.71621927,21.66123916,21.66123916,-0.00000000,-1.64071710,-0.47488270,15
2014-06-24,30.01757834,0.13085884,0.00629041,-7.50926107,-0.70992886,21.79838841,21.79838841,-0.00000000,-1.61261514,-0.47071190,15
2014-06-25,30.01757834,0.19824080,-0.01520903,-7.31102027,-0.72513789,21.98142018,21.98142018,-0.00000000,-1.57004290,-0.48079611,15
2014-06-26,30.01757834,0.21285992,-0.10307629,-7.09816035,-0.82821418,22.09120381,22.09120381,-0.00000000,-1.52433119,-0.54913991,15
2014-06-27,30.01757834,0.03274413,0.00169631,-7.06541622,-0.82651786,22.12564425,22.12564425,-0.00000000,-1.51729938,-0.54801518,15
2014-06-30,30.01757834,0.25711732,0.12884613,-6.80829890,-0.69767173,22.51160771,22.51160771,-0.00000000,-1.46208339,-0.46258492,15
2014-07-02,30.01757834,-0.36389575,0.02688785,-7.17219464,-0.67078388,22.17459982,22.17459982,-0.00000000,-1.54023007,-0.44475717,15
2014-07-03,30.01757834,-0.16076436,0.05538654,-7.33295901,-0.61539734,22.06922200,22.06922200,-0.00000000,-1.57475424,-0.40803363,15
2014-07-07,30.01757834,0.36702182,-0.04627955,-6.96593718,-0.66167688,22.38996428,22.38996428,-0.00000000,-1.49593624,-0.43871886,15
2014-07-08,30.01757834,0.31725414,-0.03843217,-6.64868305,-0.70010906,22.66878624,22.66878624,-0.00000000,-1.42780586,-0.46420097,15
2014-07-09,30.01757834,0.02037708,0.10131867,-6.62830597,-0.59879039,22.79048198,22.79048198,-0.00000000,-1.42342988,-0.39702254,15
2014-07-10,30.01757834,0.25632381,0.01287809,-6.37198216,-0.58591230,23.05968389,23.05968389,-0.00000000,-1.36838430,-0.38848384,15
2014-07-11,30.01757834,0.02457560,-0.00928582,-6.34740656,-0.59519812,23.07497366,23.07497366,-0.00000000,-1.36310668,-0.39464072,15
2014-07-14,30.01757834,-0.19962134,-0.01786075,-6.54702790,-0.61305887,22.85749158,22.85749158,-0.00000000,-1.40597540,-0.40648313,15
2014-07-15,30.01757834,0.09318641,-0.11814342,-6.45384148,-0.73120228,22.83253457,22.83253457,-0.00000000,-1.38596360,-0.48481705,15
2014-07-16,30.01757834,-0.44163669,0.10333276,-6.89547818,-0.62786953,22.49423063,22.49423063,-0.00000000,-1.48080516,-0.41630320,15
2014-07-17,30.01757834,0.21204791,-0.01205435,-6.68343027,-0.63992388,22.69422419,22.69422419,-0.00000000,-1.43526783,-0.42429573,15
2014-07-18,30.01757834,-0.10735556,0.02686070,-6.79078583,-0.61306317,22.61372933,22.61372933,-0.00000000,-1.45832246,-0.40648598,15
2014-07-21,30.01757834,0.17156348,-0.02949563,-6.61922236,-0.64255881,22.75579718,22.75579718,-0.00000000,-1.42147917,-0.42604280,15
2014-07-22,30.01757834,-0.12839631,-0.02684810,-6.74761867,-0.66940691,22.60055276,22.60055276,-0.00000000,-1.44905230,-0.44384419,15
2014-07-23,30.01757834,-0.10833635,-0.03904063,-6.85595501,-0.70844753,22.45317579,22.45317579,-0.00000000,-1.47231755,-0.46972972,15
2014-07-24,30.01757834,-0.33386734,0.04825759,-7.18982236,-0.66018994,22.16756604,22.16756604,-0.00000000,-1.54401562,-0.43773296,15
2014-07-25,30.01757834,0.04908533,-0.02709689,-7.14073702,-0.68728683,22.18955448,22.18955448,-0.00000000,-1.53347454,-0.45569931,15
2014-07-28,30.01757834,-0.05252608,-0.09559838,-7.19326310,-0.78288521,22.04143003,22.04143003,-0.00000000,-1.54475452,-0.51908495,15
2014-07-29,30.01757834,-0.04848880,0.01854831,-7.24175190,-0.76433690,22.01148954,22.01148954,-0.00000000,-1.55516750,-0.50678666,15
2014-07-30,30.01757834,0.06678788,-0.07681375,-7.17496402,-0.84115064,22.00146367,22.00146367,-0.00000000,-1.54082479,-0.55771731,15
2014-07-31,30.01757834,0.39922580,-0.08077780,-6.77573823,-0.92192844,22.31991167,22.31991167,-0.00000000,-1.45509098,-0.61127630,15
2014-08-01,30.01757834,0.10191826,0.06631435,-6.67381997,-0.85561409,22.48814428,22.48814428,-0.00000000,-1.43320402,-0.56730717,15
2014-08-04,30.01757834,-0.13885039,0.05378159,-6.81267036,-0.80183250,22.40307548,22.40307548,-0.00000000,-1.46302217,-0.53164777,15
2014-08-05,30.01757834,-0.01282669,0.11648777,-6.82549705,-0.68534473,22.50673656,22.50673656,-0.00000000,-1.46577670,-0.45441161,15
2014-08-06,30.01757834,0.06415276,0.05281817,-6.76134429,-0.63252655,22.62370750,22.62370750,-0.00000000,-1.45199988,-0.41939100,15
2014-08-07,30.01757834,0.19174376,-0.00979724,-6.56960053,-0.64232380,22.80565401,22.80565401,-0.00000000,-1.41082288,-0.42588698,15
2014-08-08,30.01757834,-0.03735102,0.09998079,-6.60695156,-0.54234301,22.86828377,22.86828377,-0.00000000,-1.41884402,-0.35959562,15
2014-08-11,30.01757834,-0.04074308,-0.09160608,-6.64769464,-0.63394909,22.73593461,22.73593461,-0.00000000,-1.42759360,-0.42033420,15
2014-08-12,30.01757834,0.00790281,-0.03160054,-6.63979183,-0.66554963,22.71223688,22.71223688,-0.00000000,-1.42589647,-0.44128665,15
2014-08-13,30.01757834,-0.16550115,-0.03569989,-6.80529298,-0.70124952,22.51103584,22.51103584,-0.00000000,-1.46143787,-0.46495714,15
2014-08-14,30.01757834,-0.01276599,0.01869040,-6.81805897,-0.68255912,22.51696025,22.51696025,0.00000000,-1.46417937,-0.45256464,15
2014-08-15,30.01757834,0.12304942,-0.00891162,-6.69500955,-0.69147073,22.63109806,22.63109806,-0.00000000,-1.43775449,-0.45847341,15
2014-08-18,30.01757834,-0.18400891,0.02256752,-6.87901846,-0.66890321,22.46965667,22.46965667,-0.00000000,-1.47727043,-0.44351022,15
2014-08-19,30.01757834,-0.07896445,-0.00133985,-6.95798290,-0.67024307,22.38935237,22.38935237,0.00000000,-1.49422806,-0.44439860,15
2014-08-20,30.01757834,0.03106204,0.00747075,-6.92692086,-0.66277232,22.42788516,22.42788516,-0.00000000,-1.48755748,-0.43944518,15
2014-08-21,30.01757834,-0.21829561,-0.04014213,-7.14521647,-0.70291445,22.16944742,22.16944742,-0.00000000,-1.53443650,-0.46606106,15
2014-08-22,30.01757834,0.01270817,-0.02723679,-7.13250830,-0.73015125,22.15491879,22.15491879,-0.00000000,-1.53170742,-0.48412017,15
2014-08-25,30.01757834,-0.26294737,-0.02269057,-7.39545568,-0.75284182,21.86928084,21.86928084,-0.00000000,-1.58817541,-0.49916495,15
2014-08-26,30.01757834,-0.18716163,0.04566281,-7.58261730,-0.70717901,21.72778203,21.72778203,-0.00000000,-1.62836841,-0.46888864,15
2014-08-27,30.01757834,-0.12502440,0.07630523,-7.70764170,-0.63087378,21.67906286,21.67906286,-0.00000000,-1.65521742,-0.41829515,15
2014-08-28,30.01757834,0.17031630,0.02655162,-7.53732540,-0.60432216,21.87593078,21.87593078,-0.00000000,-1.61864196,-0.40069034,15
2014-08-29,30.01757834,-0.04330708,-0.00490495,-7.58063248,-0.60922711,21.82771875,21.82771875,-0.00000000,-1.62794217,-0.40394252,15
2014-09-02,30.01757834,-0.03618062,-0.00616552,-7.61681310,-0.61539262,21.78537262,21.78537262,-0.00000000,-1.63571196,-0.40803051,15
2014-09-03,30.01757834,-0.25065112,-0.11232898,-7.86746422,-0.72772160,21.42239252,21.42239252,-0.00000000,-1.68953933,-0.48250922,15
2014-09-04,30.01757834,-0.29778951,0.05142829,-8.16525373,-0.67629332,21.17603129,21.17603129,-0.00000000,-1.75348968,-0.44841016,15
2014-09-05,30.01757834,-0.08159575,0.03248174,-8.24684948,-0.64381158,21.12691728,21.12691728,-0.00000000,-1.77101239,-0.42687344,15
2014-09-08,30.01757834,0.00008205,-0.01236145,-8.24676743,-0.65617303,21.11463788,21.11463788,-0.00000000,-1.77099477,-0.43506958,15
2014-09-10,30.01757834,-0.00104288,0.11228126,-8.24781031,-0.54389177,21.22587625,21.22587625,-0.00000000,-1.77121872,-0.36062251,15
2014-09-11,30.01757834,-0.00220424,-0.05082987,-8.25001455,-0.59472164,21.17284215,21.17284215,-0.00000000,-1.77169208,-0.39432479,15
2014-09-12,30.01757834,-0.05006983,-0.01245484,-8.30008438,-0.60717648,21.11031748,21.11031748,-0.00000000,-1.78244459,-0.40258287,15
2014-09-15,30.01757834,0.09631886,0.00742315,-8.20376552,-0.59975334,21.21405948,21.21405948,0.00000000,-1.76176010,-0.39766102,15
2014-09-16,30.01757834,0.06814388,0.02436312,-8.13562164,-0.57539022,21.30656649,21.30656649,-0.00000000,-1.74712619,-0.38150727,15
2014-09-17,30.01757834,-0.10687237,-0.03086310,-8.24249401,-0.60625332,21.16883102,21.16883102,-0.00000000,-1.77007705,-0.40197077,15
2014-09-18,30.01757834,-0.16664408,-0.03524623,-8.40913809,-0.64149955,20.96694070,20.96694070,-0.00000000,-1.80586389,-0.42534047,15
2014-09-19,30.01757834,0.05269248,-0.02189429,-8.35644561,-0.66339385,20.99773888,20.99773888,0.00000000,-1.79454817,-0.43985728,15
2014-09-22,30.01757834,0.11153221,0.01524908,-8.24491340,-0.64814476,21.12452018,21.12452018,-0.00000000,-1.77059661,-0.42974651,15
2014-09-23,30.01757834,0.19632434,-0.02895151,-8.04858905,-0.67709627,21.29189301,21.29189301,-0.00000000,-1.72843592,-0.44894255,15
2014-09-24,30.01757834,-0.12354075,-0.02556958,-8.17212980,-0.70266586,21.14278268,21.14278268,-0.00000000,-1.75496632,-0.46589623,15
2014-09-25,30.01757834,0.17670252,0.02604796,-7.99542729,-0.67661789,21.34553316,21.34553316,-0.00000000,-1.71701942,-0.44862537,15
2014-09-26,30.01757834,-0.08088436,0.06620617,-8.07631165,-0.61041172,21.33085497,21.33085497,-0.00000000,-1.73438936,-0.40472796,15
2014-09-29,30.01757834,0.18745736,0.04848482,-7.88885429,-0.56192690,21.56679716,21.56679716,-0.00000000,-1.69413285,-0.37258054,15
2014-09-30,30.01757834,-0.08880638,0.13700766,-7.97766066,-0.42491924,21.61499844,21.61499844,-0.00000000,-1.71320404,-0.28173885,15
2014-10-03,30.01757834,0.28777140,-0.02231953,-7.68988926,-0.44723877,21.88045031,21.88045031,-0.00000000,-1.65140508,-0.29653761,15
2014-10-06,30.01757834,-0.02909336,-0.07029600,-7.71898262,-0.51753477,21.78106095,21.78106095,-0.00000000,-1.65765288,-0.34314674,15
2014-10-07,30.01757834,0.25155236,-0.00165833,-7.46743026,-0.51919309,22.03095498,22.03095498,0.00000000,-1.60363197,-0.34424628,15
2014-10-08,30.01757834,0.13653719,-0.04711363,-7.33089308,-0.56630672,22.12037855,22.12037855,-0.00000000,-1.57431059,-0.37548454,15
2014-10-09,30.01757834,0.29507777,-0.02005067,-7.03581531,-0.58635739,22.39540564,22.39540564,-0.00000000,-1.51094258,-0.38877896,15
2014-10-10,30.01757834,0.08819943,0.14917007,-6.94761588,-0.43718732,22.63277514,22.63277514,0.00000000,-1.49200174,-0.28987309,15
2014-10-13,30.01757834,-0.01272869,0.01364901,-6.96034457,-0.42353831,22.63369546,22.63369546,-0.00000000,-1.49473523,-0.28082324,15
2014-10-14,30.01757834,0.00938922,0.03358558,-6.95095535,-0.38995273,22.67667026,22.67667026,-0.00000000,-1.49271889,-0.25855463,15
2014-10-15,30.01757834,0.68620682,-0.09490486,-6.26474853,-0.48485759,23.26797222,23.26797222,-0.00000000,-1.34535586,-0.32148043,15
2014-10-16,30.01757834,0.24559322,0.10267522,-6.01915532,-0.38218237,23.61624065,23.61624065,-0.00000000,-1.29261467,-0.25340256,15
2014-10-17,30.01757834,-0.57986232,0.11647240,-6.59901764,-0.26570997,23.15285073,23.15285073,-0.00000000,-1.41714021,-0.17617659,15
2014-10-20,30.01757834,-0.03607869,-0.12959180,-6.63509633,-0.39530176,22.98718025,22.98718025,-0.00000000,-1.42488811,-0.26210125,15
2014-10-21,30.01757834,-0.43216086,0.06137433,-7.06725719,-0.33392744,22.61639371,22.61639371,-0.00000000,-1.51769473,-0.22140756,15
2014-10-22,30.01757834,-0.08163128,-0.05090667,-7.14888848,-0.38483410,22.48385576,22.48385576,-0.00000000,-1.53522507,-0.25516077,15
2014-10-23,30.01757834,-0.22386470,-0.01586339,-7.37275318,-0.40069750,22.24412767,22.24412767,-0.00000000,-1.58330005,-0.26567884,15
2014-10-24,30.01757834,-0.14898055,0.00603956,-7.52173373,-0.39465793,22.10118668,22.10118668,-0.00000000,-1.61529365,-0.26167437,15
2014-10-27,30.01757834,0.18835887,-0.03024528,-7.33337486,-0.42490321,22.25930027,22.25930027,-0.00000000,-1.57484355,-0.28172822,15
2014-10-28,30.01757834,0.01504979,-0.20860242,-7.31832508,-0.63350563,22.06574763,22.06574763,-0.00000000,-1.57161160,-0.42004017,15
2014-10-29,30.01757834,0.26988205,-0.13253759,-7.04844303,-0.76604322,22.20309209,22.20309209,-0.00000000,-1.51365439,-0.50791802,15
2014-10-30,30.01757834,0.01038666,-0.04499563,-7.03805636,-0.81103885,22.16848312,22.16848312,-0.00000000,-1.51142385,-0.53775197,15
2014-10-31,30.01757834,-0.32054714,-0.13667315,-7.35860350,-0.94771200,21.71126283,21.71126283,-0.00000000,-1.58026140,-0.62837186,15
2014-11-03,30.01757834,0.05687644,0.01072353,-7.30172706,-0.93698848,21.77886280,21.77886280,-0.00000000,-1.56804718,-0.62126172,15
2014-11-04,30.01757834,0.18121689,-0.05260098,-7.12051017,-0.98958946,21.90747872,21.90747872,-0.00000000,-1.52913082,-0.65613833,15
2014-11-05,30.01757834,-0.13958988,0.01957610,-7.26010004,-0.97001335,21.78746494,21.78746494,0.00000000,-1.55910777,-0.64315857,15
2014-11-06,30.01757834,0.33309002,-0.03736739,-6.92701002,-1.00738075,22.08318757,22.08318757,-0.00000000,-1.48757663,-0.66793468,15
2014-11-07,30.01757834,0.30683782,-0.09099876,-6.62017221,-1.09837950,22.29902663,22.29902663,-0.00000000,-1.42168315,-0.72827058,15
2014-11-10,30.01757834,0.11823843,-0.08365582,-6.50193378,-1.18203532,22.33360924,22.33360924,-0.00000000,-1.39629143,-0.78373781,15
2014-11-11,30.01757834,0.02059541,-0.05149631,-6.48133837,-1.23353163,22.30270834,22.30270834,-0.00000000,-1.39186856,-0.81788197,15
2014-11-12,30.01757834,0.38631941,-0.06926865,-6.09501895,-1.30280028,22.61975910,22.61975910,-0.00000000,-1.30890640,-0.86380993,15
2014-11-13,30.01757834,-0.21607616,0.01831536,-6.31109511,-1.28448492,22.42199831,22.42199831,-0.00000000,-1.35530879,-0.85166609,15
2014-11-14,30.01757834,-0.08898104,0.00611221,-6.40007614,-1.27837271,22.33912949,22.33912949,-0.00000000,-1.37441748,-0.84761344,15
2014-11-17,30.01757834,-0.05099576,-0.01061748,-6.45107191,-1.28899018,22.27751625,22.27751625,-0.00000000,-1.38536883,-0.85465327,15
2014-11-18,30.01757834,-0.10693007,0.00775671,-6.55800198,-1.28123347,22.17834289,22.17834289,-0.00000000,-1.40833209,-0.84951025,15
2014-11-19,30.01757834,-0.04800353,0.02845215,-6.60600551,-1.25278132,22.15879151,22.15879151,-0.00000000,-1.41864085,-0.83064531,15
2014-11-20,30.01757834,0.22686174,-0.03713563,-6.37914377,-1.28991696,22.34851761,22.34851761,-0.00000000,-1.36992225,-0.85526775,15
2014-11-21,30.01757834,-0.45981441,0.07705783,-6.83895818,-1.21285913,21.96576103,21.96576103,-0.00000000,-1.46866748,-0.80417526,15
2014-11-24,30.01757834,-0.18095547,-0.06136655,-7.01991365,-1.27422568,21.72343901,21.72343901,-0.00000000,-1.50752770,-0.84486379,15
2014-11-25,30.01757834,-0.23645595,0.03974390,-7.25636960,-1.23448178,21.52672696,21.52672696,-0.00000000,-1.55830666,-0.81851196,15
2014-11-26,30.01757834,0.08784965,-0.08123613,-7.16851995,-1.31571791,21.53334048,21.53334048,-0.00000000,-1.53944093,-0.87237484,15
2014-11-28,30.01757834,-0.23612497,-0.04155235,-7.40464492,-1.35727026,21.25566316,21.25566316,-0.00000000,-1.59014881,-0.89992575,15
2014-12-01,30.01757834,0.25527831,0.01771806,-7.14936661,-1.33955220,21.52865953,21.52865953,0.00000000,-1.53532774,-0.88817795,15
2014-12-02,30.01757834,-0.08929372,-0.10733342,-7.23866033,-1.44688562,21.33203239,21.33203239,-0.00000000,-1.55450359,-0.95934441,15
2014-12-03,30.01757834,-0.19924641,0.06493984,-7.43790674,-1.38194578,21.19772583,21.19772583,-0.00000000,-1.59729179,-0.91628663,15
2014-12-04,30.01757834,0.22177073,-0.12870023,-7.21613601,-1.51064601,21.29079632,21.29079632,0.00000000,-1.54966648,-1.00162015,15
2014-12-05,30.01757834,-0.40028831,-0.05300444,-7.61642432,-1.56365045,20.83750357,20.83750357,-0.00000000,-1.63562847,-1.03676427,15
2014-12-08,30.01757834,0.11923518,-0.15222459,-7.49718913,-1.71587505,20.80451416,20.80451416,-0.00000000,-1.61002269,-1.13769541,15
2014-12-09,30.01757834,0.47704348,0.04011905,-7.02014566,-1.67575599,21.32167669,21.32167669,-0.00000000,-1.50757752,-1.11109483,15
2014-12-10,30.01757834,0.14803015,0.09520913,-6.87211551,-1.58054687,21.56491596,21.56491596,-0.00000000,-1.47578802,-1.04796728,15
2014-12-11,30.01757834,0.08946261,0.02278602,-6.78265290,-1.55776085,21.67716459,21.67716459,-0.00000000,-1.45657591,-1.03285922,15
2014-12-12,30.01757834,0.39277023,-0.01895184,-6.38988267,-1.57671269,22.05098298,22.05098298,-0.00000000,-1.37222843,-1.04542506,15
2014-12-15,30.01757834,0.40474905,-0.01046290,-5.98513362,-1.58717558,22.44526914,22.44526914,-0.00000000,-1.28530850,-1.05236239,15
2014-12-16,30.01757834,-0.20769544,0.19882265,-6.19282906,-1.38835293,22.43639635,22.43639635,-0.00000000,-1.32991114,-0.92053484,15
2014-12-17,30.01757834,0.09673849,-0.14151434,-6.09609057,-1.52986727,22.39162050,22.39162050,-0.00000000,-1.30913653,-1.01436464,15
2014-12-18,30.01757834,-0.46830412,-0.01421354,-6.56439469,-1.54408081,21.90910284,21.90910284,0.00000000,-1.40970492,-1.02378880,15
2014-12-19,30.01757834,0.03646708,-0.11565988,-6.52792761,-1.65974069,21.82991004,21.82991004,-0.00000000,-1.40187361,-1.10047603,15
2014-12-22,30.01757834,-0.12066424,-0.05256411,-6.64859185,-1.71230480,21.65668169,21.65668169,-0.00000000,-1.42778628,-1.13532819,15
2014-12-23,30.01757834,-0.23524055,0.06506672,-6.88383240,-1.64723808,21.48650786,21.48650786,-0.00000000,-1.47830423,-1.09218629,15
2014-12-24,30.01757834,0.00150986,0.00664561,-6.88232254,-1.64059247,21.49466333,21.49466333,-0.00000000,-1.47797998,-1.08777997,15
2014-12-29,30.01757834,-0.03172004,-0.07751446,-6.91404258,-1.71810693,21.38542882,21.38542882,-0.00000000,-1.48479187,-1.13917524,15
2014-12-30,30.01757834,0.16650873,0.02839929,-6.74753386,-1.68970764,21.58033684,21.58033684,-0.00000000,-1.44903409,-1.12034534,15
2014-12-31,30.01757834,-1.00079131,0.17532798,-7.74832516,-1.51437966,20.75487351,20.75487351,-0.00000000,-1.66395420,-1.00409572,15
2015-01-02,30.01757834,-0.09907158,-0.02510640,-7.84739674,-1.53948606,20.63069554,20.63069554,-0.00000000,-1.68522984,-1.02074229,15
2015-01-05,30.01757834,0.58892873,-0.00160219,-7.25846801,-1.54108824,21.21802208,21.21802208,-0.00000000,-1.55875729,-1.02180460,15
2015-01-06,30.01757834,0.31261328,0.14535201,-6.94585473,-1.39573623,21.67598737,21.67598737,-0.00000000,-1.49162353,-0.92543027,15
2015-01-07,30.01757834,0.11846373,0.00040826,-6.82739100,-1.39532797,21.79485937,21.79485937,-0.00000000,-1.46618342,-0.92515957,15
2015-01-08,30.01757834,-0.34689436,0.00935128,-7.17428536,-1.38597670,21.45731629,21.45731629,-0.00000000,-1.54067905,-0.91895929,15
2015-01-09,30.01757834,0.35796973,-0.04915887,-6.81631563,-1.43513556,21.76612715,21.76612715,0.00000000,-1.46380499,-0.95155363,15
2015-01-12,30.01757834,0.09561352,0.00293029,-6.72070211,-1.43220527,21.86467096,21.86467096,-0.00000000,-1.44327197,-0.94961073,15
2015-01-13,30.01757834,-0.32343154,0.09675903,-7.04413365,-1.33544624,21.63799845,21.63799845,-0.00000000,-1.51272895,-0.88545553,15
2015-01-14,30.01757834,0.33638122,0.06219828,-6.70775243,-1.27324796,22.03657795,22.03657795,-0.00000000,-1.44049102,-0.84421552,15
2015-01-15,30.01757834,-0.21581598,0.09217920,-6.92356842,-1.18106876,21.91294116,21.91294116,-0.00000000,-1.48683754,-0.78309694,15
2015-01-16,30.01757834,-0.12887103,0.05414072,-7.05243945,-1.12692804,21.83821085,21.83821085,-0.00000000,-1.51451262,-0.74719943,15
2015-01-20,30.01757834,-0.30889548,0.10179006,-7.36133492,-1.02513799,21.63110543,21.63110543,-0.00000000,-1.58084798,-0.67970846,15
2015-01-21,30.01757834,-0.19926797,-0.01135951,-7.56060289,-1.03649749,21.42047796,21.42047796,-0.00000000,-1.62364081,-0.68724027,15
2015-01-22,30.01757834,-0.40215254,0.00394811,-7.96275544,-1.03254938,21.02227352,21.02227352,-0.00000000,-1.71000314,-0.68462252,15
2015-01-23,30.01757834,0.14814720,-0.07052194,-7.81460824,-1.10307133,21.09989877,21.09989877,-0.00000000,-1.67818850,-0.73138145,15
2015-01-26,30.01757834,0.02309907,-0.02365790,-7.79150917,-1.12672923,21.09933994,21.09933994,-0.00000000,-1.67322797,-0.74706761,15
2015-01-27,30.01757834,0.15195193,-0.01974855,-7.63955725,-1.14647778,21.23154331,21.23154331,-0.00000000,-1.64059627,-0.76016171,15
2015-01-28,30.01757834,0.37096134,-0.00857220,-7.26859591,-1.15504998,21.59393245,21.59393245,-0.00000000,-1.56093226,-0.76584543,15
2015-01-29,30.01757834,0.03387844,0.02824802,-7.23471747,-1.12680196,21.65605891,21.65605891,-0.00000000,-1.55365686,-0.74711584,15
2015-01-30,30.01757834,0.21468400,0.01813658,-7.02003347,-1.10866539,21.88887948,21.88887948,-0.00000000,-1.50755343,-0.73509054,15
2015-02-02,30.01757834,-0.08543129,0.02026527,-7.10546476,-1.08840012,21.82371346,21.82371346,-0.00000000,-1.52589981,-0.72165384,15
2015-02-03,30.01757834,-0.44847176,0.03215328,-7.55393652,-1.05624684,21.40739498,21.40739498,-0.00000000,-1.62220920,-0.70033490,15
2015-02-04,30.01757834,0.03418242,-0.13328388,-7.51975410,-1.18953072,21.30829352,21.30829352,-0.00000000,-1.61486852,-0.78870757,15
2015-02-05,30.01757834,0.05466921,-0.03426244,-7.46508489,-1.22379315,21.32870030,21.32870030,-0.00000000,-1.60312830,-0.81142497,15
2015-02-06,30.01757834,-0.13802847,-0.03176120,-7.60311336,-1.25555435,21.15891063,21.15891063,-0.00000000,-1.63276994,-0.83248394,15
2015-02-09,30.01757834,0.18848568,-0.00554284,-7.41462768,-1.26109719,21.34185347,21.34185347,-0.00000000,-1.59229261,-0.83615907,15
2015-02-10,30.01757834,-0.07871691,-0.05219724,-7.49334459,-1.31329444,21.21093932,21.21093932,-0.00000000,-1.60919708,-0.87076798,15
2015-02-11,30.01757834,0.08581829,-0.00319955,-7.40752629,-1.31649398,21.29355806,21.29355806,-0.00000000,-1.59076758,-0.87288941,15
2015-02-12,30.01757834,-0.43324230,-0.06079469,-7.84076859,-1.37728867,20.79952108,20.79952108,-0.00000000,-1.68380644,-0.91319878,15
2015-02-13,30.01757834,-0.49276677,0.08450531,-8.33353536,-1.29278336,20.39125962,20.39125962,-0.00000000,-1.78962819,-0.85716829,15
2015-02-17,30.01757834,-0.08160866,-0.08487898,-8.41514402,-1.37766233,20.22477199,20.22477199,-0.00000000,-1.80715367,-0.91344653,15
2015-02-18,30.01757834,-0.54258218,0.11950997,-8.95772620,-1.25815236,19.80169978,19.80169978,-0.00000000,-1.92367329,-0.83420653,15
2015-02-23,30.01757834,0.06217399,-0.10232953,-8.89555221,-1.36048188,19.76154424,19.76154424,0.00000000,-1.91032141,-0.90205519,15
2015-02-24,30.01757834,-0.11580448,-0.00053758,-9.01135669,-1.36101946,19.64520218,19.64520218,-0.00000000,-1.93519044,-0.90241163,15
2015-02-25,30.01757834,0.22807197,-0.09610956,-8.78328473,-1.45712902,19.77716459,19.77716459,-0.00000000,-1.88621195,-0.96613620,15
2015-02-26,30.01757834,-0.22612419,-0.03266667,-9.00940892,-1.48979569,19.51837373,19.51837373,-0.00000000,-1.93477216,-0.98779554,15
2015-02-27,30.01757834,-0.03718409,0.06209182,-9.04659301,-1.42770387,19.54328146,19.54328146,-0.00000000,-1.94275745,-0.94662612,15
2015-03-02,30.01757834,-0.09167923,-0.01023699,-9.13827223,-1.43794086,19.44136524,19.44136524,-0.00000000,-1.96244558,-0.95341366,15
2015-03-03,30.01757834,0.20542951,0.05804814,-8.93284272,-1.37989272,19.70484290,19.70484290,-0.00000000,-1.91832956,-0.91492537,15
2015-03-04,30.01757834,-0.22917854,0.17394384,-9.16202127,-1.20594888,19.64960820,19.64960820,-0.00000000,-1.96754569,-0.79959348,15
2015-03-05,30.01757834,-0.01687776,0.00801624,-9.17889903,-1.19793264,19.64074668,19.64074668,-0.00000000,-1.97117019,-0.79427838,15
2015-03-06,30.01757834,-0.11629438,0.02396471,-9.29519341,-1.17396793,19.54841700,19.54841700,-0.00000000,-1.99614443,-0.77838880,15
2015-03-09,30.01757834,-0.00418484,-0.04478251,-9.29937826,-1.21875044,19.49944964,19.49944964,-0.00000000,-1.99704313,-0.80808144,15
2015-03-10,30.01757834,0.28957337,0.11619586,-9.00980488,-1.10255457,19.90521888,19.90521888,-0.00000000,-1.93485719,-0.73103882,15
2015-03-11,30.01757834,-0.25001859,0.07257189,-9.25982348,-1.02998268,19.72777218,19.72777218,-0.00000000,-1.98854873,-0.68292069,15
2015-03-12,30.01757834,0.04371615,-0.24720823,-9.21610733,-1.27719091,19.52428010,19.52428010,-0.00000000,-1.97916068,-0.84682986,15
2015-03-13,30.01757834,0.03266778,-0.08807217,-9.18343955,-1.36526308,19.46887571,19.46887571,-0.00000000,-1.97214527,-0.90522532,15
2015-03-16,30.01757834,-0.14855109,-0.03938706,-9.33199064,-1.40465014,19.28093756,19.28093756,-0.00000000,-2.00404664,-0.93134055,15
2015-03-17,30.01757834,0.01750060,0.01790474,-9.31449004,-1.38674540,19.31634290,19.31634290,-0.00000000,-2.00028838,-0.91946897,15
2015-03-18,30.01757834,-0.12299465,-0.00360169,-9.43748469,-1.39034709,19.18974656,19.18974656,-0.00000000,-2.02670151,-0.92185705,15
2015-03-19,30.01757834,-0.07468609,0.08953739,-9.51217077,-1.30080970,19.20459787,19.20459787,-0.00000000,-2.04274036,-0.86249009,15
2015-03-20,30.01757834,-0.20096531,0.00856819,-9.71313609,-1.29224151,19.01220074,19.01220074,-0.00000000,-2.08589769,-0.85680903,15
2015-03-23,30.01757834,-0.18511654,0.10572222,-9.89825263,-1.18651930,18.93280642,18.93280642,-0.00000000,-2.12565150,-0.78671087,15
2015-03-24,30.01757834,-0.10343640,0.08315511,-10.00168903,-1.10336418,18.91252513,18.91252513,-0.00000000,-2.14786449,-0.73157563,15
2015-03-25,30.01757834,0.13228625,0.02781265,-9.86940278,-1.07555153,19.07262403,19.07262403,-0.00000000,-2.11945599,-0.71313470,15
2015-03-26,30.01757834,0.09203405,0.02466098,-9.77736872,-1.05089054,19.18931907,19.18931907,-0.00000000,-2.09969166,-0.69678346,15
2015-03-27,30.01757834,-0.10039507,0.08687777,-9.87776380,-0.96401277,19.17580177,19.17580177,-0.00000000,-2.12125152,-0.63917994,15
2015-03-30,30.01757834,-0.23058856,-0.09053263,-10.10835235,-1.05454540,18.85468058,18.85468058,-0.00000000,-2.17077046,-0.69920678,15
2015-03-31,30.01757834,0.69651336,0.18439707,-9.41183899,-0.87014833,19.73559101,19.73559101,-0.00000000,-2.02119409,-0.57694397,15
2015-04-01,30.01757834,-0.16655806,-0.00021714,-9.57839706,-0.87036547,19.56881581,19.56881581,-0.00000000,-2.05696246,-0.57708794,15
2015-04-02,30.01757834,-0.04390374,-0.12329206,-9.62230080,-0.99365753,19.40162001,19.40162001,-0.00000000,-2.06639080,-0.65883563,15
2015-04-08,30.01757834,-0.10874725,-0.16868640,-9.73104805,-1.16234393,19.12418636,19.12418636,-0.00000000,-2.08974429,-0.77068162,15
2015-04-09,30.01757834,-0.08590168,-0.02827378,-9.81694973,-1.19061771,19.01001090,19.01001090,-0.00000000,-2.10819169,-0.78942829,15
2015-04-10,30.01757834,0.05536858,-0.02639724,-9.76158115,-1.21701495,19.03898224,19.03898224,-0.00000000,-2.09630128,-0.80693074,15
2015-04-13,30.01757834,-0.02615119,-0.18177416,-9.78773234,-1.39878911,18.83105688,18.83105688,-0.00000000,-2.10191725,-0.92745445,15
2015-04-14,30.01757834,0.14148322,-0.04738920,-9.64624912,-1.44617831,18.92515090,18.92515090,-0.00000000,-2.07153371,-0.95887543,15
2015-04-15,30.01757834,-0.12378428,-0.13224550,-9.77003340,-1.57842381,18.66912113,18.66912113,-0.00000000,-2.09811640,-1.04655961,15
2015-04-16,30.01757834,0.18957416,-0.11405904,-9.58045924,-1.69248285,18.74463625,18.74463625,-0.00000000,-2.05740532,-1.12218542,15
2015-04-17,30.01757834,0.26043724,-0.00033146,-9.32002200,-1.69281431,19.00474203,19.00474203,-0.00000000,-2.00147637,-1.12240520,15
2015-04-20,30.01757834,-0.16273690,0.05752913,-9.48275889,-1.63528518,18.89953427,18.89953427,-0.00000000,-2.03642415,-1.08426103,15
2015-04-21,30.01757834,0.06337630,-0.14500982,-9.41938260,-1.78029500,18.81790074,18.81790074,-0.00000000,-2.02281408,-1.18040848,15
2015-04-22,30.01757834,-0.24247125,-0.06795511,-9.66185384,-1.84825011,18.50747438,18.50747438,-0.00000000,-2.07488482,-1.22546550,15
2015-04-23,30.01757834,-0.00367604,0.08787186,-9.66552988,-1.76037825,18.59167020,18.59167020,-0.00000000,-2.07567425,-1.16720286,15
2015-04-24,30.01757834,-0.19791460,0.07934648,-9.86344448,-1.68103178,18.47310208,18.47310208,-0.00000000,-2.11817645,-1.11459289,15
2015-04-27,30.01757834,-0.17285959,0.07332051,-10.03630407,-1.60771127,18.37356300,18.37356300,-0.00000000,-2.15529808,-1.06597840,15
2015-04-28,30.01757834,0.12391959,-0.10593170,-9.91238448,-1.71364297,18.39155089,18.39155089,-0.00000000,-2.12868632,-1.13621545,15
2015-04-29,30.01757834,0.14031894,-0.03569348,-9.77206554,-1.74933645,18.49617635,18.49617635,-0.00000000,-2.09855280,-1.15988169,15
2015-04-30,30.01757834,0.12474877,0.05479747,-9.64731677,-1.69453898,18.67572258,18.67572258,-0.00000000,-2.07176298,-1.12354872,15
2015-05-04,30.01757834,-0.07982914,-0.03296296,-9.72714591,-1.72750195,18.56293048,18.56293048,-0.00000000,-2.08890631,-1.14540452,15
2015-05-05,30.01757834,0.31693483,0.02744702,-9.41021108,-1.70005492,18.90731233,18.90731233,-0.00000000,-2.02084450,-1.12720602,15
2015-05-06,30.01757834,-0.04527181,0.03413603,-9.45548290,-1.66591889,18.89617655,18.89617655,-0.00000000,-2.03056662,-1.10457243,15
2015-05-07,30.01757834,0.00073451,0.05208178,-9.45474838,-1.61383712,18.94899284,18.94899284,-0.00000000,-2.03040889,-1.07004008,15
2015-05-08,30.01757834,-0.25718327,-0.13764689,-9.71193165,-1.75148401,18.55416268,18.55416268,-0.00000000,-2.08563904,-1.16130561,15
2015-05-11,30.01757834,0.05313345,0.00091124,-9.65879820,-1.75057277,18.60820737,18.60820737,-0.00000000,-2.07422862,-1.16070142,15
2015-05-12,30.01757834,0.12672565,0.03682183,-9.53207254,-1.71375094,18.77175486,18.77175486,-0.00000000,-2.04701427,-1.13628703,15
2015-05-13,30.01757834,-0.10005346,0.03297835,-9.63212600,-1.68077259,18.70467975,18.70467975,-0.00000000,-2.06850076,-1.11442104,15
2015-05-14,30.01757834,-0.14258391,0.05822206,-9.77470992,-1.62255052,18.62031790,18.62031790,-0.00000000,-2.09912068,-1.07581743,15
2015-05-15,30.01757834,0.00214627,-0.09611109,-9.77256365,-1.71866161,18.52635308,18.52635308,-0.00000000,-2.09865977,-1.13954302,15
2015-05-18,30.01757834,0.10662997,-0.13641515,-9.66593368,-1.85507676,18.49656790,18.49656790,-0.00000000,-2.07576097,-1.22999184,15
2015-05-19,30.01757834,-0.11449312,-0.02443419,-9.78042679,-1.87951096,18.35764059,18.35764059,0.00000000,-2.10034838,-1.24619271,15
2015-05-20,30.01757834,-0.02395100,0.04201876,-9.80437780,-1.83749220,18.37570834,18.37570834,-0.00000000,-2.10549187,-1.21833256,15
2015-05-21,30.01757834,0.03243709,-0.00642969,-9.77194071,-1.84392189,18.40171574,18.40171574,-0.00000000,-2.09852600,-1.22259571,15
2015-05-22,30.01757834,-0.06211251,-0.01903147,-9.83405322,-1.86295336,18.32057176,18.32057176,0.00000000,-2.11186467,-1.23521435,15
2015-05-26,30.01757834,0.21465725,-0.07124624,-9.61939597,-1.93419961,18.46398277,18.46398277,-0.00000000,-2.06576699,-1.28245353,15
2015-05-27,30.01757834,-0.23943957,0.04316669,-9.85883554,-1.89103292,18.26770988,18.26770988,-0.00000000,-2.11718668,-1.25383225,15
2015-05-28,30.01757834,0.16105996,0.00440224,-9.69777559,-1.88663067,18.43317208,18.43317208,-0.00000000,-2.08259902,-1.25091338,15
2015-05-29,30.01757834,0.23968925,-0.04942574,-9.45808634,-1.93605641,18.62343559,18.62343559,-0.00000000,-2.03112571,-1.28368467,15
2015-06-01,30.01757834,0.05373467,-0.10006233,-9.40435167,-2.03611874,18.57710793,18.57710793,-0.00000000,-2.01958619,-1.35003009,15
2015-06-02,30.01757834,-0.14760770,0.08949313,-9.55195937,-1.94662561,18.51899336,18.51899336,-0.00000000,-2.05128497,-1.29069248,15
2015-06-03,30.01757834,-0.15797529,0.00350043,-9.70993467,-1.94312518,18.36451850,18.36451850,-0.00000000,-2.08521019,-1.28837155,15
2015-06-04,30.01757834,0.10972531,-0.07201586,-9.60020936,-2.01514103,18.40222795,18.40222795,-0.00000000,-2.06164666,-1.33612101,15
2015-06-05,30.01757834,0.17417603,0.00741821,-9.42603333,-2.00772283,18.58382218,18.58382218,-0.00000000,-2.02424233,-1.33120243,15
2015-06-08,30.01757834,0.16625701,-0.07366200,-9.25977632,-2.08138482,18.67641719,18.67641719,-0.00000000,-1.98853860,-1.38004335,15
2015-06-09,30.01757834,-0.03505671,0.07761687,-9.29483304,-2.00376796,18.71897734,18.71897734,-0.00000000,-1.99606704,-1.32858019,15
2015-06-10,30.01757834,-0.31375261,0.11703712,-9.60858565,-1.88673084,18.52226185,18.52226185,-0.00000000,-2.06344547,-1.25097979,15
2015-06-11,30.01757834,-0.00442918,-0.08741406,-9.61301483,-1.97414490,18.43041860,18.43041860,-0.00000000,-2.06439664,-1.30893890,15
2015-06-12,30.01757834,0.09591735,-0.03529914,-9.51709748,-2.00944404,18.49103682,18.49103682,-0.00000000,-2.04379837,-1.33234367,15
2015-06-15,30.01757834,0.29392159,0.00738972,-9.22317589,-2.00205432,18.79234813,18.79234813,-0.00000000,-1.98067865,-1.32744398,15
2015-06-16,30.01757834,0.04159680,0.05404714,-9.18157909,-1.94800718,18.88799207,18.88799207,-0.00000000,-1.97174573,-1.29160852,15
2015-06-17,30.01757834,0.07864976,-0.01375701,-9.10292933,-1.96176419,18.95288482,18.95288482,-0.00000000,-1.95485568,-1.30072998,15
2015-06-18,30.01757834,-0.05109250,0.05938103,-9.15402183,-1.90238316,18.96117336,18.96117336,-0.00000000,-1.96582781,-1.26135792,15
2015-06-19,30.01757834,-0.08748729,0.03528687,-9.24150912,-1.86709629,18.90897294,18.90897294,-0.00000000,-1.98461572,-1.23796128,15
2015-06-22,30.01757834,-0.50201457,-0.04589442,-9.74352368,-1.91299071,18.36106395,18.36106395,-0.00000000,-2.09242343,-1.26839116,15
2015-06-23,30.01757834,-0.16904871,-0.05636650,-9.91257239,-1.96935721,18.13564874,18.13564874,-0.00000000,-2.12872667,-1.30576446,15
2015-06-24,30.01757834,0.04988166,0.00503595,-9.86269073,-1.96432126,18.19056635,18.19056635,-0.00000000,-2.11801458,-1.30242542,15
2015-06-25,30.01757834,0.01386170,0.07781468,-9.84882903,-1.88650658,18.28224273,18.28224273,-0.00000000,-2.11503778,-1.25083110,15
2015-06-26,30.01757834,-0.05580965,0.02368418,-9.90463868,-1.86282240,18.25011726,18.25011726,-0.00000000,-2.12702291,-1.23512752,15
2015-06-29,30.01757834,0.58024712,0.12174140,-9.32439156,-1.74108100,18.95210578,18.95210578,-0.00000000,-2.00241474,-1.15440798,15
2015-06-30,30.01757834,-0.02842181,0.03811145,-9.35281337,-1.70296954,18.96179543,18.96179543,-0.00000000,-2.00851833,-1.12913853,15
2015-07-02,30.01757834,-0.17414362,0.02861443,-9.52695698,-1.67435511,18.81626625,18.81626625,-0.00000000,-2.04591570,-1.11016599,15
2015-07-06,30.01757834,0.47176479,0.04462586,-9.05519219,-1.62972925,19.33265690,19.33265690,-0.00000000,-1.94460412,-1.08057722,15
2015-07-07,30.01757834,0.32477055,-0.00023893,-8.73042164,-1.62996818,19.65718852,19.65718852,-0.00000000,-1.87485959,-1.08073564,15
2015-07-08,30.01757834,0.07536782,0.31901560,-8.65505382,-1.31095258,20.05157195,20.05157195,-0.00000000,-1.85867434,-0.86921523,15
2015-07-09,30.01757834,-0.35808343,0.07994007,-9.01313724,-1.23101250,19.77342859,19.77342859,-0.00000000,-1.93557282,-0.81621169,15
2015-07-10,30.01757834,-0.38593746,-0.09448767,-9.39907471,-1.32550017,19.29300346,19.29300346,-0.00000000,-2.01845296,-0.87886088,15
2015-07-13,30.01757834,-0.29198877,-0.05827913,-9.69106348,-1.38377931,18.94273555,18.94273555,-0.00000000,-2.08115760,-0.91750234,15
2015-07-14,30.01757834,-0.10264602,-0.00583073,-9.79370950,-1.38961003,18.83425881,18.83425881,-0.00000000,-2.10320085,-0.92136834,15
2015-07-15,30.01757834,-0.02560887,0.03043967,-9.81931837,-1.35917036,18.83908961,18.83908961,-0.00000000,-2.10870036,-0.90118560,15
2015-07-16,30.01757834,-0.17393532,-0.02762147,-9.99325369,-1.38679183,18.63753282,18.63753282,-0.00000000,-2.14605300,-0.91949976,15
2015-07-17,30.01757834,0.04680016,-0.05621334,-9.94645353,-1.44300517,18.62811964,18.62811964,0.00000000,-2.13600266,-0.95677151,15
2015-07-20,30.01757834,-0.08931812,0.04161683,-10.03577165,-1.40138834,18.58041835,18.58041835,-0.00000000,-2.15518374,-0.92917784,15
2015-07-21,30.01757834,0.04427729,-0.03067948,-9.99149436,-1.43206781,18.59401617,18.59401617,-0.00000000,-2.14567518,-0.94951959,15
2015-07-22,30.01757834,0.06683554,0.01405645,-9.92465882,-1.41801136,18.67490815,18.67490815,-0.00000000,-2.13132224,-0.94019959,15
2015-07-23,30.01757834,-0.00214754,-0.02526860,-9.92680637,-1.44327996,18.64749201,18.64749201,-0.00000000,-2.13178342,-0.95695370,15
2015-07-24,30.01757834,0.09342147,0.05325431,-9.83338489,-1.39002565,18.79416780,18.79416780,-0.00000000,-2.11172115,-0.92164391,15
2015-07-27,30.01757834,0.20137757,0.08946432,-9.63200733,-1.30056133,19.08500968,19.08500968,0.00000000,-2.06847528,-0.86232541,15
2015-07-28,30.01757834,-0.13921042,0.05931694,-9.77121775,-1.24124439,19.00511620,19.00511620,-0.00000000,-2.09837074,-0.82299585,15
2015-07-29,30.01757834,0.02716223,-0.05103493,-9.74405551,-1.29227932,18.98124351,18.98124351,-0.00000000,-2.09253765,-0.85683410,15
2015-07-30,30.01757834,-0.11608069,0.00981251,-9.86013620,-1.28246681,18.87497532,18.87497532,0.00000000,-2.11746599,-0.85032801,15
2015-07-31,30.01757834,-0.10941184,-0.00142524,-9.96954804,-1.28389205,18.76413825,18.76413825,0.00000000,-2.14096221,-0.85127300,15
2015-08-03,30.01757834,-0.00862579,0.04533961,-9.97817383,-1.23855244,18.80085207,18.80085207,-0.00000000,-2.14281460,-0.82121098,15
2015-08-04,30.01757834,0.52253483,-0.20391350,-9.45563900,-1.44246594,19.11947340,19.11947340,-0.00000000,-2.03060015,-0.95641398,15
2015-08-05,30.01757834,-0.14363311,-0.00010046,-9.59927211,-1.44256640,18.97573982,18.97573982,-0.00000000,-2.06144538,-0.95648059,15
2015-08-06,30.01757834,-0.02385558,0.02530551,-9.62312770,-1.41726089,18.97718975,18.97718975,-0.00000000,-2.06656838,-0.93970200,15
2015-08-07,30.01757834,0.10677801,-0.08623833,-9.51634969,-1.50349922,18.99772942,18.99772942,0.00000000,-2.04363778,-0.99688154,15
2015-08-10,30.01757834,0.00582672,-0.00997669,-9.51052297,-1.51347591,18.99357946,18.99357946,-0.00000000,-2.04238649,-1.00349649,15
2015-08-11,30.01757834,0.12054535,0.02689170,-9.38997762,-1.48658421,19.14101650,19.14101650,0.00000000,-2.01649936,-0.98566620,15
2015-08-12,30.01757834,0.34259718,0.03662221,-9.04738044,-1.44996201,19.52023589,19.52023589,-0.00000000,-1.94292655,-0.96138418,15
2015-08-13,30.01757834,-0.06548032,0.02291340,-9.11286076,-1.42704861,19.47766897,19.47766897,-0.00000000,-1.95698846,-0.94619165,15
2015-08-14,30.01757834,0.09159217,-0.03757079,-9.02126859,-1.46461940,19.53169035,19.53169035,0.00000000,-1.93731903,-0.97110263,15
2015-08-17,30.01757834,-0.12924602,0.04748775,-9.15051461,-1.41713165,19.44993207,19.44993207,0.00000000,-1.96507463,-0.93961631,15
2015-08-18,30.01757834,-0.00726037,0.01365905,-9.15777498,-1.40347260,19.45633076,19.45633076,0.00000000,-1.96663380,-0.93055980,15
2015-08-19,30.01757834,0.17869395,0.01847486,-8.97908103,-1.38499774,19.65349957,19.65349957,-0.00000000,-1.92825924,-0.91831021,15
2015-08-20,30.01757834,0.37835302,0.05357568,-8.60072801,-1.33142206,20.08542827,20.08542827,0.00000000,-1.84700786,-0.88278734,15
2015-08-21,30.01757834,0.51708511,0.14079485,-8.08364290,-1.19062721,20.74330823,20.74330823,-0.00000000,-1.73596374,-0.78943459,15
2015-08-24,30.01757834,0.77203669,0.34315846,-7.31160621,-0.84746875,21.85850338,21.85850338,-0.00000000,-1.57016873,-0.56190648,15
2015-08-25,30.01757834,-0.41453696,0.17106461,-7.72614317,-0.67640414,21.61503102,21.61503102,0.00000000,-1.65919061,-0.44848364,15
2015-08-26,30.01757834,0.11788839,-0.22550033,-7.60825478,-0.90190447,21.50741908,21.50741908,-0.00000000,-1.63387406,-0.59799959,15
2015-08-27,30.01757834,-0.51965142,-0.08188479,-8.12790620,-0.98378927,20.90588287,20.90588287,0.00000000,-1.74546930,-0.65229256,15
2015-08-28,30.01757834,-0.05392677,0.10437741,-8.18183297,-0.87941185,20.95633352,20.95633352,0.00000000,-1.75705008,-0.58308606,15
2015-08-31,30.01757834,0.08919903,-0.02000499,-8.09263395,-0.89941684,21.02552756,21.02552756,0.00000000,-1.73789457,-0.59635019,15
2015-09-01,30.01757834,0.54381279,0.12677448,-7.54882115,-0.77264235,21.69611483,21.69611483,-0.00000000,-1.62111068,-0.51229351,15
2015-09-02,30.01757834,-0.03065492,0.06328067,-7.57947607,-0.70936168,21.72874059,21.72874059,0.00000000,-1.62769383,-0.47033584,15
2015-09-04,30.01757834,0.15653599,0.16992453,-7.42294008,-0.53943716,22.05520110,22.05520110,0.00000000,-1.59407770,-0.35766892,15
2015-09-08,30.01757834,-0.16057452,-0.10845370,-7.58351461,-0.64789085,21.78617288,21.78617288,-0.00000000,-1.62856110,-0.42957816,15
2015-09-09,30.01757834,-0.26785856,-0.27092259,-7.85137317,-0.91881344,21.24739173,21.24739173,0.00000000,-1.68608378,-0.60921093,15
2015-09-10,30.01757834,0.28065142,0.06403458,-7.57072175,-0.85477886,21.59207773,21.59207773,-0.00000000,-1.62581384,-0.56675338,15
2015-09-11,30.01757834,0.07514217,-0.10214235,-7.49557958,-0.95692122,21.56507754,21.56507754,0.00000000,-1.60967704,-0.63447795,15
2015-09-14,30.01757834,0.29529174,-0.03647014,-7.20028784,-0.99339135,21.82389914,21.82389914,-0.00000000,-1.54626309,-0.65865914,15
2015-09-15,30.01757834,-0.21143003,0.02412575,-7.41171787,-0.96926560,21.63659487,21.63659487,-0.00000000,-1.59166772,-0.64266278,15
2015-09-16,30.01757834,-0.11757732,-0.10319032,-7.52929519,-1.07245592,21.41582722,21.41582722,0.00000000,-1.61691747,-0.71108219,15
2015-09-17,30.01757834,0.01474282,0.06084472,-7.51455238,-1.01161120,21.49141476,21.49141476,-0.00000000,-1.61375145,-0.67073964,15
2015-09-18,30.01757834,0.49957294,0.06914921,-7.01497943,-0.94246199,22.06013691,22.06013691,0.00000000,-1.50646807,-0.62489089,15
2015-09-21,30.01757834,0.00771055,-0.05025313,-7.00726888,-0.99271512,22.01759434,22.01759434,-0.00000000,-1.50481223,-0.65821077,15
2015-09-22,30.01757834,0.46214971,-0.03128591,-6.54511917,-1.02400103,22.44845814,22.44845814,-0.00000000,-1.40556550,-0.67895461,15
2015-09-23,30.01757834,0.25952812,0.04752190,-6.28559105,-0.97647913,22.75550816,22.75550816,-0.00000000,-1.34983179,-0.64744564,15
2015-09-24,30.01757834,0.22090834,0.07845891,-6.06468271,-0.89802022,23.05487541,23.05487541,-0.00000000,-1.30239168,-0.59542417,15
2015-09-25,30.01757834,-0.34941562,-0.11289812,-6.41409832,-1.01091834,22.59256167,22.59256167,0.00000000,-1.37742875,-0.67028025,15
2015-09-29,30.01757834,0.68168641,0.16008332,-5.73241192,-0.85083502,23.43433140,23.43433140,-0.00000000,-1.23103647,-0.56413846,15
2015-09-30,30.01757834,-0.39618279,-0.02339499,-6.12859471,-0.87423001,23.01475361,23.01475361,0.00000000,-1.31611680,-0.57965029,15
2015-10-02,30.01757834,-0.17159142,-0.09800819,-6.30018613,-0.97223821,22.74515400,22.74515400,-0.00000000,-1.35296609,-0.64463374,15
2015-10-05,30.01757834,-0.54407280,0.02630140,-6.84425893,-0.94593680,22.22738260,22.22738260,-0.00000000,-1.46980582,-0.62719483,15
2015-10-06,30.01757834,-0.26800905,0.06047972,-7.11226799,-0.88545708,22.01985327,22.01985327,-0.00000000,-1.52736081,-0.58709430,15
2015-10-07,30.01757834,-0.27453730,-0.12345824,-7.38680529,-1.00891533,21.62185772,21.62185772,0.00000000,-1.58631774,-0.66895217,15
2015-10-08,30.01757834,0.02145208,0.03220047,-7.36535321,-0.97671486,21.67551027,21.67551027,-0.00000000,-1.58171090,-0.64760194,15
2015-10-09,30.01757834,-0.24044783,0.01980633,-7.60580104,-0.95690853,21.45486877,21.45486877,0.00000000,-1.63334712,-0.63446953,15
2015-10-12,30.01757834,0.12721130,-0.10392097,-7.47858974,-1.06082950,21.47815910,21.47815910,-0.00000000,-1.60602847,-0.70337339,15
2015-10-13,30.01757834,0.28690641,0.00765544,-7.19168333,-1.05317406,21.77272094,21.77272094,0.00000000,-1.54441527,-0.69829752,15
2015-10-14,30.01757834,0.15134023,0.13294123,-7.04034310,-0.92023283,22.05700241,22.05700241,0.00000000,-1.51191493,-0.61015204,15
2015-10-15,30.01757834,-0.22402964,-0.14741685,-7.26437274,-1.06764968,21.68555591,21.68555591,-0.00000000,-1.56002533,-0.70789545,15
2015-10-16,30.01757834,-0.18038063,-0.05685333,-7.44475337,-1.12450301,21.44832196,21.44832196,0.00000000,-1.59876210,-0.74559154,15
2015-10-19,30.01757834,0.04747275,0.01553880,-7.39728061,-1.10896421,21.51133352,21.51133352,-0.00000000,-1.58856732,-0.73528867,15
2015-10-20,30.01757834,0.10943298,-0.06630714,-7.28784764,-1.17527135,21.55445936,21.55445936,-0.00000000,-1.56506657,-0.77925302,15
2015-10-22,30.01757834,-0.16755655,-0.03117505,-7.45540419,-1.20644639,21.35572776,21.35572776,0.00000000,-1.60104937,-0.79992335,15
2015-10-23,30.01757834,-0.27783999,-0.06219706,-7.73324418,-1.26864346,21.01569071,21.01569071,0.00000000,-1.66071556,-0.84116255,15
2015-10-26,30.01757834,-0.02890688,0.01959364,-7.76215105,-1.24904982,21.00637747,21.00637747,-0.00000000,-1.66692331,-0.82817117,15
2015-10-27,30.01757834,0.13558301,0.00531430,-7.62656804,-1.24373552,21.14727478,21.14727478,-0.00000000,-1.63780684,-0.82464757,15
2015-10-28,30.01757834,-0.19091872,0.04207909,-7.81748676,-1.20165643,20.99843515,20.99843515,-0.00000000,-1.67880667,-0.79674741,15
2015-10-29,30.01757834,0.31017422,-0.01893907,-7.50731255,-1.22059551,21.28967029,21.28967029,-0.00000000,-1.61219670,-0.80930479,15
2015-10-30,30.01757834,-0.10423464,0.05417803,-7.61154719,-1.16641748,21.23961368,21.23961368,-0.00000000,-1.63458110,-0.77338254,15
2015-11-02,30.01757834,-0.05812186,0.12099010,-7.66966905,-1.04542738,21.30248191,21.30248191,-0.00000000,-1.64706278,-0.69316115,15
2015-11-03,30.01757834,0.19077967,-0.11325084,-7.47888937,-1.15867822,21.38001075,21.38001075,-0.00000000,-1.60609282,-0.76825110,15
2015-11-04,30.01757834,-0.06267867,-0.10777734,-7.54156805,-1.26645556,21.20955473,21.20955473,-0.00000000,-1.61955307,-0.83971189,15
2015-11-05,30.01757834,0.61279726,-0.31607032,-6.92877079,-1.58252588,21.50628167,21.50628167,-0.00000000,-1.48795475,-1.04927945,15
2015-11-06,30.01757834,-0.21755273,-0.02211910,-7.14632351,-1.60464498,21.26660985,21.26660985,-0.00000000,-1.53467424,-1.06394532,15
2015-11-09,30.01757834,0.03965618,-0.05992336,-7.10666733,-1.66456834,21.24634267,21.24634267,0.00000000,-1.52615807,-1.10367696,15
2015-11-10,30.01757834,0.09938205,-0.00750067,-7.00728528,-1.67206902,21.33822404,21.33822404,-0.00000000,-1.50481575,-1.10865022,15
2015-11-11,30.01757834,-0.17737100,0.09703097,-7.18465629,-1.57503804,21.25788401,21.25788401,-0.00000000,-1.54290621,-1.04431471,15
2015-11-12,30.01757834,0.24341011,-0.04821926,-6.94124618,-1.62325731,21.45307485,21.45307485,-0.00000000,-1.49063384,-1.07628605,15
2015-11-13,30.01757834,0.10580211,0.04196739,-6.83544407,-1.58128992,21.60084435,21.60084435,0.00000000,-1.46791282,-1.04845996,15
2015-11-16,30.01757834,0.13211136,0.02417267,-6.70333271,-1.55711725,21.75712837,21.75712837,0.00000000,-1.43954189,-1.03243249,15
2015-11-17,30.01757834,-0.22541961,0.01870464,-6.92875232,-1.53841262,21.55041340,21.55041340,-0.00000000,-1.48795079,-1.02003055,15
2015-11-18,30.01757834,-0.12403522,-0.00380861,-7.05278754,-1.54222123,21.42256957,21.42256957,-0.00000000,-1.51458737,-1.02255581,15
2015-11-19,30.01757834,-0.15000386,-0.05597753,-7.20279140,-1.59819875,21.21658818,21.21658818,0.00000000,-1.54680073,-1.05967121,15
2015-11-20,30.01757834,0.18243913,-0.03795322,-7.02035227,-1.63615198,21.36107409,21.36107409,-0.00000000,-1.50762189,-1.08483575,15
2015-11-23,30.01757834,0.05414004,0.02502567,-6.96621222,-1.61112631,21.44023981,21.44023981,-0.00000000,-1.49599531,-1.06824270,15
2015-11-24,30.01757834,0.15919239,0.01805444,-6.80701983,-1.59307186,21.61748665,21.61748665,-0.00000000,-1.46180871,-1.05627187,15
2015-11-25,30.01757834,-0.06720377,0.10661864,-6.87422359,-1.48645322,21.65690153,21.65690153,-0.00000000,-1.47624073,-0.98557934,15
2015-11-27,30.01757834,-0.15437809,0.06262583,-7.02860169,-1.42382739,21.56514927,21.56514927,-0.00000000,-1.50939346,-0.94405585,15
2015-11-30,30.01757834,-0.00063836,0.05943122,-7.02924005,-1.36439617,21.62394213,21.62394213,-0.00000000,-1.50953054,-0.90465052,15
2015-12-01,30.01757834,-0.05265990,-0.13042303,-7.08189995,-1.49481920,21.44085920,21.44085920,-0.00000000,-1.52083927,-0.99112633,15
2015-12-02,30.01757834,0.19036504,-0.06330835,-6.89153490,-1.55812755,21.56791589,21.56791589,-0.00000000,-1.47995834,-1.03310236,15
2015-12-03,30.01757834,0.31006231,-0.03469022,-6.58147259,-1.59281777,21.84328798,21.84328798,-0.00000000,-1.41337240,-1.05610339,15
2015-12-04,30.01757834,0.05188182,-0.00602102,-6.52959077,-1.59883879,21.88914878,21.88914878,-0.00000000,-1.40223077,-1.06009558,15
2015-12-07,30.01757834,0.09427308,0.00568611,-6.43531769,-1.59315268,21.98910797,21.98910797,-0.00000000,-1.38198561,-1.05632546,15
2015-12-08,30.01757834,0.33221461,0.01982792,-6.10310308,-1.57332476,22.34115050,22.34115050,-0.00000000,-1.31064247,-1.04317873,15
2015-12-09,30.01757834,0.17162478,0.07070120,-5.93147830,-1.50262356,22.58347649,22.58347649,-0.00000000,-1.27378601,-0.99630094,15
2015-12-10,30.01757834,0.12706865,-0.02389667,-5.80440964,-1.52652022,22.68664847,22.68664847,-0.00000000,-1.24649800,-1.01214541,15
2015-12-11,30.01757834,0.38645329,-0.00808316,-5.41795635,-1.53460339,23.06501860,23.06501860,-0.00000000,-1.16350709,-1.01750487,15
2015-12-14,30.01757834,0.33114846,-0.04742006,-5.08680790,-1.58202345,23.34874699,23.34874699,-0.00000000,-1.09239290,-1.04894632,15
2015-12-15,30.01757834,-0.44958942,0.06905483,-5.53639731,-1.51296862,22.96821241,22.96821241,-0.00000000,-1.18894230,-1.00316014,15
2015-12-16,30.01757834,-0.36853134,-0.07751365,-5.90492865,-1.59048227,22.52216742,22.52216742,-0.00000000,-1.26808447,-1.05455486,15
2015-12-17,30.01757834,-0.40272888,0.13889204,-6.30765754,-1.45159023,22.25833057,22.25833057,0.00000000,-1.35457057,-0.96246376,15
2015-12-18,30.01757834,0.12507371,0.12137995,-6.18258382,-1.33021028,22.50478424,22.50478424,-0.00000000,-1.32771097,-0.88198388,15
2015-12-21,30.01757834,0.15295664,-0.09002235,-6.02962719,-1.42023263,22.56771852,22.56771852,-0.00000000,-1.29486350,-0.94167238,15
2015-12-22,30.01757834,-0.24379515,0.05579567,-6.27342233,-1.36443696,22.37971905,22.37971905,-0.00000000,-1.34721856,-0.90467757,15
2015-12-23,30.01757834,-0.36949802,0.03237067,-6.64292036,-1.33206629,22.04259169,22.04259169,0.00000000,-1.42656832,-0.88321449,15
2015-12-24,30.01757834,-0.02477488,0.02658085,-6.66769524,-1.30548544,22.04439766,22.04439766,-0.00000000,-1.43188873,-0.86559029,15
2015-12-28,30.01757834,0.19882383,0.01788494,-6.46887141,-1.28760050,22.26110643,22.26110643,-0.00000000,-1.38919128,-0.85373185,15
2015-12-29,30.01757834,-0.13748425,-0.03595083,-6.60635566,-1.32355133,22.08767135,22.08767135,-0.00000000,-1.41871605,-0.87756872,15
2015-12-30,30.01757834,0.14434222,0.03610629,-6.46201344,-1.28744504,22.26811986,22.26811986,-0.00000000,-1.38771853,-0.85362877,15
2015-12-31,30.01757834,-0.32476664,0.18546579,-6.78678008,-1.10197925,22.12881901,22.12881901,-0.00000000,-1.45746222,-0.73065736,15
2016-01-04,30.01757834,0.44068100,0.03334638,-6.34609908,-1.06863287,22.60284639,22.60284639,-0.00000000,-1.36282590,-0.70854734,15
2016-01-05,30.01757834,0.02192084,0.01820330,-6.32417825,-1.05042957,22.64297052,22.64297052,-0.00000000,-1.35811840,-0.69647781,15
2016-01-06,30.01757834,0.39534532,0.01086262,-5.92883292,-1.03956696,23.04917846,23.04917846,0.00000000,-1.27321792,-0.68927545,15
2016-01-07,30.01757834,0.44168444,0.15312102,-5.48714848,-0.88644594,23.64398392,23.64398392,-0.00000000,-1.17836611,-0.58774995,15
2016-01-08,30.01757834,0.27014681,0.04840871,-5.21700167,-0.83803722,23.96253945,23.96253945,-0.00000000,-1.12035203,-0.55565299,15
2016-01-11,30.01757834,-0.03114935,0.11678988,-5.24815102,-0.72124734,24.04817997,24.04817997,-0.00000000,-1.12704136,-0.47821652,15
2016-01-12,30.01757834,-0.17201129,0.17223093,-5.42016232,-0.54901641,24.04839961,24.04839961,0.00000000,-1.16398082,-0.36402036,15
2016-01-13,30.01757834,0.02480181,0.01557923,-5.39536051,-0.53343718,24.08878065,24.08878065,0.00000000,-1.15865462,-0.35369069,15
2016-01-14,30.01757834,0.24025890,0.03927096,-5.15510160,-0.49416623,24.36831051,24.36831051,0.00000000,-1.10705898,-0.32765244,15
2016-01-15,30.01757834,0.73505892,0.07425957,-4.42004268,-0.41990665,25.17762900,25.17762900,-0.00000000,-0.94920495,-0.27841530,15
2016-01-19,30.01757834,0.45023506,-0.01342506,-3.96980762,-0.43333171,25.61443901,25.61443901,0.00000000,-0.85251689,-0.28731667,15
2016-01-20,30.01757834,0.82401864,0.09525319,-3.14578898,-0.33807852,26.53371084,26.53371084,0.00000000,-0.67555874,-0.22415990,15
2016-01-21,30.01757834,-0.22538061,0.31556983,-3.37116959,-0.02250869,26.62390006,26.62390006,-0.00000000,-0.72395927,-0.01492418,15
2016-01-22,30.01757834,-0.53727611,-0.19734542,-3.90844570,-0.21985411,25.88927852,25.88927852,-0.00000000,-0.83933941,-0.14577228,15
2016-01-25,30.01757834,0.47342980,-0.05809514,-3.43501590,-0.27794925,26.30461319,26.30461319,0.00000000,-0.73767027,-0.18429173,15
2016-01-26,30.01757834,-0.27249091,0.21785285,-3.70750681,-0.06009640,26.24997513,26.24997513,-0.00000000,-0.79618774,-0.03984638,15
2016-01-27,30.01757834,0.08632336,-0.22120579,-3.62118344,-0.28130219,26.11509271,26.11509271,-0.00000000,-0.77764979,-0.18651487,15
2016-01-28,30.01757834,0.46109455,-0.14678659,-3.16008889,-0.42808878,26.42940067,26.42940067,-0.00000000,-0.67862965,-0.28384039,15
2016-01-29,30.01757834,-0.49485576,-0.02646602,-3.65494465,-0.45455480,25.90807889,25.90807889,-0.00000000,-0.78490001,-0.30138844,15
2016-02-01,30.01757834,0.29076263,0.13419817,-3.36418202,-0.32035663,26.33303969,26.33303969,-0.00000000,-0.72245868,-0.21240956,15
2016-02-02,30.01757834,1.04069882,-0.06868004,-2.32348319,-0.38903668,27.30505847,27.30505847,-0.00000000,-0.49896843,-0.25794724,15
2016-02-03,30.01757834,0.68395929,0.02001497,-1.63952391,-0.36902170,28.00903273,28.00903273,-0.00000000,-0.35208805,-0.24467650,15
2016-02-04,30.01757834,-0.66241584,0.03865661,-2.30193975,-0.33036510,27.38527350,27.38527350,-0.00000000,-0.49434197,-0.21904559,15
2016-02-05,30.01757834,-0.16153725,0.16232427,-2.46347699,-0.16804083,27.38606051,27.38606051,-0.00000000,-0.52903212,-0.11141795,15
2016-02-08,30.01757834,1.07214787,-0.15215360,-1.39132913,-0.32019443,28.30605478,28.30605478,-0.00000000,-0.29878818,-0.21230202,15
2016-02-09,30.01757834,0.96395917,0.03952415,-0.42736995,-0.28067028,29.30953811,29.30953811,-0.00000000,-0.09177777,-0.18609589,15
2016-02-10,30.01757834,-0.67298884,0.43394467,-1.10035879,0.15327440,29.07049394,29.07049394,-0.00000000,-0.23630225,0.10162720,15
2016-02-11,30.01757834,1.46775008,0.02170289,0.36739129,0.17497729,30.55994692,30.55994692,-0.00000000,0.07889734,0.11601711,15
2016-02-12,30.01757834,-1.20690754,0.35555256,-0.83951625,0.53052985,29.70859194,29.70859194,-0.00000000,-0.18028626,0.35176301,15
2016-02-16,30.01757834,-0.74594062,-0.61402764,-1.58545688,-0.08349779,28.34862367,28.34862367,0.00000000,-0.34047714,-0.05536245,15
2016-02-17,30.01757834,-1.30999074,0.54212851,-2.89544761,0.45863072,27.58076144,27.58076144,-0.00000000,-0.62179789,0.30409094,15
2016-02-18,30.01757834,0.50318469,-0.30439563,-2.39226292,0.15423509,27.77955051,27.77955051,-0.00000000,-0.51373889,0.10226418,15
2016-02-19,30.01757834,0.27585771,0.08577749,-2.11640521,0.24001258,28.14118571,28.14118571,0.00000000,-0.45449839,0.15913816,15
2016-02-22,30.01757834,-0.54595923,0.10855982,-2.66236444,0.34857240,27.70378630,27.70378630,-0.00000000,-0.57174323,0.23111777,15
2016-02-23,30.01757834,0.68833769,-0.06687267,-1.97402675,0.28169973,28.32525132,28.32525132,0.00000000,-0.42392259,0.18677845,15
2016-02-24,30.01757834,0.51271433,-0.15861967,-1.46131242,0.12308006,28.67934598,28.67934598,0.00000000,-0.31381710,0.08160712,15
2016-02-25,30.01757834,-0.51464527,0.08738151,-1.97595769,0.21046157,28.25208223,28.25208223,-0.00000000,-0.42433726,0.13954464,15
2016-02-26,30.01757834,-0.78191299,0.15728335,-2.75787067,0.36774493,27.62745260,27.62745260,0.00000000,-0.59225322,0.24382994,15
2016-02-29,30.01757834,-0.13648158,0.14779489,-2.89435225,0.51553982,27.63876591,27.63876591,0.00000000,-0.62156266,0.34182401,15
2016-03-01,30.01757834,-0.30401234,-0.16267662,-3.19836459,0.35286320,27.17207696,27.17207696,0.00000000,-0.68684936,0.23396275,15
2016-03-02,30.01757834,-0.68296376,-0.20424181,-3.88132834,0.14862139,26.28487139,26.28487139,-0.00000000,-0.83351595,0.09854207,15
2016-03-03,30.01757834,-0.28075956,-0.15711373,-4.16208790,-0.00849234,25.84699810,25.84699810,-0.00000000,-0.89380911,-0.00563077,15
2016-03-04,30.01757834,-0.30696168,-0.02603356,-4.46904958,-0.03452590,25.51400286,25.51400286,-0.00000000,-0.95972919,-0.02289208,15
2016-03-07,30.01757834,0.27333560,-0.07805795,-4.19571399,-0.11258384,25.70928051,25.70928051,-0.00000000,-0.90103032,-0.07464770,15
2016-03-08,30.01757834,0.14164148,0.18197449,-4.05407250,0.06939065,26.03289649,26.03289649,-0.00000000,-0.87061279,0.04600884,15
2016-03-09,30.01757834,0.03030677,0.07969624,-4.02376573,0.14908689,26.14289950,26.14289950,0.00000000,-0.86410440,0.09885071,15
2016-03-10,30.01757834,0.14785704,-0.16429771,-3.87590869,-0.01521082,26.12645883,26.12645883,-0.00000000,-0.83235208,-0.01008540,15
2016-03-11,30.01757834,-0.99761212,0.04175328,-4.87352081,0.02654246,25.17059999,25.17059999,-0.00000000,-1.04658946,0.01759874,15
2016-03-14,30.01757834,-0.06116727,-0.12549780,-4.93468808,-0.09895534,24.98393492,24.98393492,-0.00000000,-1.05972514,-0.06561144,15
2016-03-15,30.01757834,0.42733185,-0.05943602,-4.50735622,-0.15839137,25.35183075,25.35183075,0.00000000,-0.96795555,-0.10501996,15
2016-03-16,30.01757834,0.27151645,0.06325747,-4.23583978,-0.09513390,25.68660467,25.68660467,-0.00000000,-0.90964734,-0.06307767,15
2016-03-17,30.01757834,0.07724552,-0.12031965,-4.15859425,-0.21545355,25.64353054,25.64353054,-0.00000000,-0.89305885,-0.14285452,15
2016-03-18,30.01757834,-0.43786012,0.08965008,-4.59645437,-0.12580346,25.29532050,25.29532050,-0.00000000,-0.98708939,-0.08341285,15
2016-03-21,30.01757834,0.14618831,-0.02307483,-4.45026606,-0.14887830,25.41843398,25.41843398,-0.00000000,-0.95569542,-0.09871241,15
2016-03-22,30.01757834,-0.00134864,0.01729214,-4.45161470,-0.13158616,25.43437748,25.43437748,-0.00000000,-0.95598504,-0.08724701,15
2016-03-23,30.01757834,0.39612517,-0.03217081,-4.05548953,-0.16375697,25.79833184,25.79833184,-0.00000000,-0.87091709,-0.10857757,15
2016-03-24,30.01757834,0.69232601,-0.02486729,-3.36316352,-0.18862425,26.46579057,26.46579057,-0.00000000,-0.72223996,-0.12506560,15
2016-03-29,30.01757834,0.07472664,-0.06347946,-3.28843687,-0.25210371,26.47703776,26.47703776,-0.00000000,-0.70619240,-0.16715508,15
2016-03-30,30.01757834,-0.34941928,0.10774271,-3.63785615,-0.14436100,26.23536119,26.23536119,-0.00000000,-0.78123025,-0.09571725,15
2016-03-31,30.01757834,0.16057199,0.18814525,-3.47728416,0.04378425,26.58407843,26.58407843,-0.00000000,-0.74674739,0.02903075,15
2016-04-01,30.01757834,0.22994817,0.01565902,-3.24733600,0.05944328,26.82968562,26.82968562,-0.00000000,-0.69736598,0.03941333,15
2016-04-04,30.01757834,0.05784436,0.01431060,-3.18949163,0.07375388,26.90184058,26.90184058,-0.00000000,-0.68494389,0.04890184,15
2016-04-05,30.01757834,0.70742415,0.10470132,-2.48206748,0.17845519,27.71396605,27.71396605,-0.00000000,-0.53302443,0.11832310,15
2016-04-06,30.01757834,-0.04732204,0.02756496,-2.52938952,0.20602015,27.69420897,27.69420897,-0.00000000,-0.54318685,0.13659980,15
2016-04-07,30.01757834,0.45713575,0.07661312,-2.07225378,0.28263327,28.22795784,28.22795784,-0.00000000,-0.44501687,0.18739743,15
2016-04-08,30.01757834,-0.38954988,-0.00554168,-2.46180366,0.27709159,27.83286627,27.83286627,-0.00000000,-0.52867277,0.18372307,15
2016-04-11,30.01757834,-0.15744916,0.07414532,-2.61925282,0.35123691,27.74956243,27.74956243,-0.00000000,-0.56248501,0.23288445,15
2016-04-12,30.01757834,-0.37819200,-0.13888576,-2.99744483,0.21235115,27.23248467,27.23248467,-0.00000000,-0.64370181,0.14079751,15
2016-04-13,30.01757834,-1.25472628,-0.08254594,-4.25217111,0.12980522,25.89521245,25.89521245,-0.00000000,-0.91315450,0.08606617,15
2016-04-14,30.01757834,-0.12576535,-0.13217078,-4.37793645,-0.00236557,25.63727632,25.63727632,-0.00000000,-0.94016263,-0.00156847,15
2016-04-15,30.01757834,0.13051021,0.06780350,-4.24742624,0.06543793,25.83559003,25.83559003,-0.00000000,-0.91213554,0.04338803,15
2016-04-18,30.01757834,-0.04491063,0.19536348,-4.29233687,0.26080142,25.98604289,25.98604289,0.00000000,-0.92178010,0.17292202,15
2016-04-19,30.01757834,-0.24561860,-0.26433753,-4.53795548,-0.00353612,25.47608675,25.47608675,-0.00000000,-0.97452674,-0.00234459,15
2016-04-20,30.01757834,-0.40654513,0.12152877,-4.94450061,0.11799265,25.19107039,25.19107039,-0.00000000,-1.06183238,0.07823396,15
2016-04-21,30.01757834,-0.09536016,-0.05434760,-5.03986077,0.06364505,25.04136262,25.04136262,-0.00000000,-1.08231099,0.04219927,15
2016-04-22,30.01757834,-0.15798033,-0.12447215,-5.19784110,-0.06082709,24.75891015,24.75891015,-0.00000000,-1.11623729,-0.04033085,15
2016-04-25,30.01757834,0.50624918,-0.10854321,-4.69159192,-0.16937031,25.15661611,25.15661611,-0.00000000,-1.00752019,-0.11229945,15
2016-04-26,30.01757834,-0.48913792,0.27726217,-5.18072984,0.10789186,24.94474036,24.94474036,-0.00000000,-1.11256265,0.07153672,15
2016-04-27,30.01757834,0.09311560,-0.02033795,-5.08761424,0.08755391,25.01751801,25.01751801,-0.00000000,-1.09256606,0.05805183,15
2016-04-28,30.01757834,-0.02618399,0.21762081,-5.11379823,0.30517472,25.20895483,25.20895483,0.00000000,-1.09818907,0.20234334,15
2016-04-29,30.01757834,0.55746391,-0.03704066,-4.55633432,0.26813407,25.72937809,25.72937809,0.00000000,-0.97847360,0.17778387,15
2016-05-03,30.01757834,0.69849539,-0.10817667,-3.85783893,0.15995740,26.31969681,26.31969681,-0.00000000,-0.82847159,0.10605830,15
2016-05-04,30.01757834,0.11521474,0.04853778,-3.74262418,0.20849518,26.48344934,26.48344934,-0.00000000,-0.80372921,0.13824084,15
2016-05-05,30.01757834,0.26251395,-0.02276228,-3.48011024,0.18573290,26.72320100,26.72320100,-0.00000000,-0.74735429,0.12314852,15
2016-05-06,30.01757834,0.10233448,0.22544692,-3.37777576,0.41117982,27.05098240,27.05098240,-0.00000000,-0.72537794,0.27262905,15
2016-05-09,30.01757834,0.18886264,-0.07476744,-3.18891311,0.33641237,27.16507760,27.16507760,-0.00000000,-0.68481966,0.22305518,15
2016-05-10,30.01757834,-0.36902800,-0.05506887,-3.55794111,0.28134350,26.74098073,26.74098073,-0.00000000,-0.76406848,0.18654226,15
2016-05-11,30.01757834,0.09611086,0.07381153,-3.46183026,0.35515503,26.91090311,26.91090311,-0.00000000,-0.74342866,0.23548233,15
2016-05-12,30.01757834,0.47200854,-0.12665909,-2.98982172,0.22849594,27.25625256,27.25625256,0.00000000,-0.64206474,0.15150216,15
2016-05-13,30.01757834,-0.13713919,0.22845715,-3.12696092,0.45695309,27.34757051,27.34757051,0.00000000,-0.67151541,0.30297861,15
2016-05-16,30.01757834,0.04072356,0.00059278,-3.08623736,0.45754587,27.38888685,27.38888685,-0.00000000,-0.66277002,0.30337164,15
2016-05-17,30.01757834,-0.17573414,-0.03996192,-3.26197149,0.41758395,27.17319080,27.17319080,-0.00000000,-0.70050896,0.27687526,15
2016-05-18,30.01757834,-0.33593798,-0.12679070,-3.59790947,0.29079325,26.71046212,26.71046212,-0.00000000,-0.77265170,0.19280783,15
2016-05-19,30.01757834,0.06265655,0.00721656,-3.53525292,0.29800981,26.78033523,26.78033523,-0.00000000,-0.75919619,0.19759271,15
2016-05-20,30.01757834,-0.23250374,0.00708180,-3.76775666,0.30509161,26.55491329,26.55491329,-0.00000000,-0.80912641,0.20228823,15
2016-05-23,30.01757834,0.01253985,-0.07129771,-3.75521682,0.23379391,26.49615543,26.49615543,0.00000000,-0.80643348,0.15501493,15
2016-05-24,30.01757834,-0.53883281,0.10257802,-4.29404963,0.33637193,26.05990064,26.05990064,-0.00000000,-0.92214792,0.22302836,15
2016-05-25,30.01757834,-0.57244305,-0.09046493,-4.86649268,0.24590700,25.39699267,25.39699267,0.00000000,-1.04508016,0.16304641,15
2016-05-26,30.01757834,-0.08647067,0.04418995,-4.95296335,0.29009696,25.35471195,25.35471195,-0.00000000,-1.06364975,0.19234616,15
2016-05-27,30.01757834,0.38593987,-0.27993178,-4.56702348,0.01016518,25.46072004,25.46072004,-0.00000000,-0.98076910,0.00673993,15
2016-05-31,30.01757834,0.11068519,-0.16243828,-4.45633828,-0.15227310,25.40896696,25.40896696,-0.00000000,-0.95699943,-0.10096330,15
2016-06-01,30.01757834,0.29441558,-0.04593567,-4.16192270,-0.19820877,25.65744687,25.65744687,-0.00000000,-0.89377364,-0.13142053,15
2016-06-02,30.01757834,0.01587775,0.10434924,-4.14604495,-0.09385953,25.77767386,25.77767386,-0.00000000,-0.89036389,-0.06223271,15
2016-06-03,30.01757834,0.38311220,-0.06591716,-3.76293274,-0.15977670,26.09486890,26.09486890,0.00000000,-0.80809047,-0.10593849,15
2016-06-06,30.01757834,-0.09051266,0.03662550,-3.85344541,-0.12315120,26.04098174,26.04098174,-0.00000000,-0.82752808,-0.08165429,15
2016-06-07,30.01757834,-0.18567821,-0.06721973,-4.03912361,-0.19037093,25.78808380,25.78808380,-0.00000000,-0.86740251,-0.12622372,15
2016-06-08,30.01757834,0.14782969,-0.10435703,-3.89129393,-0.29472796,25.83155645,25.83155645,-0.00000000,-0.83565606,-0.19541671,15
2016-06-09,30.01757834,0.37493465,0.03842733,-3.51635928,-0.25630063,26.24491842,26.24491842,-0.00000000,-0.75513878,-0.16993781,15
2016-06-10,30.01757834,0.61563830,-0.03006842,-2.90072098,-0.28636906,26.83048830,26.83048830,-0.00000000,-0.62293034,-0.18987441,15
2016-06-13,30.01757834,0.62046519,0.10858846,-2.28025579,-0.17778060,27.55954195,27.55954195,-0.00000000,-0.48968533,-0.11787581,15
2016-06-14,30.01757834,0.43868889,0.02302760,-1.84156690,-0.15475299,28.02125845,28.02125845,-0.00000000,-0.39547682,-0.10260757,15
2016-06-15,30.01757834,-0.21474887,0.06797214,-2.05631577,-0.08678085,27.87448172,27.87448172,-0.00000000,-0.44159418,-0.05753926,15
2016-06-16,30.01757834,0.27595885,0.09987957,-1.78035692,0.01309872,28.25032014,28.25032014,-0.00000000,-0.38233196,0.00868499,15
2016-06-17,30.01757834,-0.84235666,0.18688540,-2.62271358,0.19998412,27.59484888,27.59484888,-0.00000000,-0.56322821,0.13259766,15
2016-06-20,30.01757834,-0.71282000,0.00291071,-3.33553358,0.20289483,26.88493959,26.88493959,-0.00000000,-0.71630643,0.13452758,15
2016-06-21,30.01757834,-0.20603038,-0.06852902,-3.54156396,0.13436581,26.61038020,26.61038020,-0.00000000,-0.76055149,0.08909004,15
2016-06-22,30.01757834,-0.15608941,0.10903392,-3.69765337,0.24339973,26.56332470,26.56332470,-0.00000000,-0.79407172,0.16138399,15
2016-06-23,30.01757834,-0.63614007,-0.04571130,-4.33379343,0.19768844,25.88147334,25.88147334,-0.00000000,-0.93068291,0.13107553,15
2016-06-24,30.01757834,2.67093090,0.17968593,-1.66286254,0.37737437,28.73209017,28.73209017,0.00000000,-0.35710002,0.25021465,15
2016-06-27,30.01757834,1.33254824,-0.17163605,-0.33031430,0.20573831,29.89300235,29.89300235,-0.00000000,-0.07093505,0.13641292,15
2016-06-28,30.01757834,-0.67452807,0.12351812,-1.00484237,0.32925643,29.34199240,29.34199240,-0.00000000,-0.21579008,0.21831049,15
2016-06-29,30.01757834,-0.46979183,-0.04670052,-1.47463420,0.28255591,28.82550005,28.82550005,-0.00000000,-0.31667796,0.18734613,15
2016-06-30,30.01757834,-0.07546380,0.13993881,-1.55009800,0.42249471,28.88997505,28.88997505,-0.00000000,-0.33288382,0.28013129,15
2016-07-01,30.01757834,-0.21603859,0.07619808,-1.76613659,0.49869279,28.75013454,28.75013454,-0.00000000,-0.37927814,0.33065374,15
2016-07-05,30.01757834,0.87498712,-0.03222373,-0.89114947,0.46646906,29.59289793,29.59289793,0.00000000,-0.19137451,0.30928809,15
2016-07-06,30.01757834,0.32283938,0.10928330,-0.56831009,0.57575236,30.02502061,30.02502061,-0.00000000,-0.12204469,0.38174739,15
2016-07-07,30.01757834,-0.16025967,-0.02735180,-0.72856976,0.54840056,29.83740914,29.83740914,0.00000000,-0.15646048,0.36361202,15
2016-07-08,30.01757834,-0.81879247,0.25110757,-1.54736224,0.79950813,29.26972423,29.26972423,0.00000000,-0.33229631,0.53010662,15
2016-07-11,30.01757834,-0.22281199,-0.07877349,-1.77017422,0.72073463,28.96813875,28.96813875,-0.00000000,-0.38014523,0.47787657,15
2016-07-12,30.01757834,-0.84309805,-0.34328410,-2.61327228,0.37745053,27.78175660,27.78175660,-0.00000000,-0.56120068,0.25026516,15
2016-07-13,30.01757834,0.17219496,-0.23623539,-2.44107732,0.14121515,27.71771617,27.71771617,-0.00000000,-0.52422179,0.09363142,15
2016-07-14,30.01757834,-0.46931281,-0.04527650,-2.91039013,0.09593864,27.20312686,27.20312686,-0.00000000,-0.62500679,0.06361125,15
2016-07-15,30.01757834,0.13559653,-0.16496083,-2.77479359,-0.06902218,27.17376256,27.17376256,0.00000000,-0.59588741,-0.04576453,15
2016-07-18,30.01757834,-0.04055485,-0.01097860,-2.81534844,-0.08000079,27.12222911,27.12222911,0.00000000,-0.60459658,-0.05304380,15
2016-07-19,30.01757834,0.10778673,-0.00682623,-2.70756171,-0.08682702,27.22318961,27.22318961,-0.00000000,-0.58144936,-0.05756987,15
2016-07-20,30.01757834,-0.22019343,0.10968109,-2.92775514,0.02285406,27.11267726,27.11267726,-0.00000000,-0.62873593,0.01515318,15
2016-07-21,30.01757834,0.00270835,-0.07415529,-2.92504680,-0.05130123,27.04123032,27.04123032,-0.00000000,-0.62815432,-0.03401481,15
2016-07-22,30.01757834,-0.02452418,0.02038770,-2.94957098,-0.03091353,27.03709383,27.03709383,0.00000000,-0.63342089,-0.02049694,15
2016-07-25,30.01757834,0.08670651,0.04973294,-2.86286447,0.01881941,27.17353329,27.17353329,-0.00000000,-0.61480065,0.01247804,15
2016-07-26,30.01757834,0.07126795,0.06805150,-2.79159652,0.08687091,27.31285273,27.31285273,-0.00000000,-0.59949585,0.05759897,15
2016-07-27,30.01757834,-0.25505284,0.02840219,-3.04664936,0.11527311,27.08620209,27.08620209,0.00000000,-0.65426849,0.07643079,15
2016-07-28,30.01757834,0.40841890,0.00680805,-2.63823045,0.12208115,27.50142904,27.50142904,-0.00000000,-0.56656046,0.08094480,15
2016-07-29,30.01757834,-0.41523460,-0.12895708,-3.05346505,-0.00687592,26.95723737,26.95723737,0.00000000,-0.65573216,-0.00455902,15
2016-08-01,30.01757834,0.23378860,-0.27678064,-2.81967645,-0.28365656,26.91424533,26.91424533,-0.00000000,-0.60552602,-0.18807591,15
2016-08-02,30.01757834,0.59060194,0.11006062,-2.22907452,-0.17359594,27.61490788,27.61490788,0.00000000,-0.47869415,-0.11510121,15
2016-08-03,30.01757834,-0.20966306,0.23299562,-2.43873757,0.05939968,27.63824045,27.63824045,-0.00000000,-0.52371933,0.03938442,15
2016-08-04,30.01757834,-0.46922943,0.05042878,-2.90796701,0.10982846,27.21943979,27.21943979,-0.00000000,-0.62448643,0.07282076,15
2016-08-05,30.01757834,-0.37409809,-0.08999028,-3.28206509,0.01983817,26.75535142,26.75535142,-0.00000000,-0.70482406,0.01315352,15
2016-08-08,30.01757834,-0.35497217,-0.15010648,-3.63703726,-0.13026831,26.25027277,26.25027277,-0.00000000,-0.78105440,-0.08637322,15
2016-08-09,30.01757834,-0.22760276,0.02654476,-3.86464003,-0.10372355,26.04921476,26.04921476,-0.00000000,-0.82993213,-0.06877296,15
2016-08-10,30.01757834,-0.00251637,0.00364384,-3.86715640,-0.10007971,26.05034222,26.05034222,-0.00000000,-0.83047252,-0.06635695,15
2016-08-11,30.01757834,-0.08625832,-0.08531611,-3.95341472,-0.18539582,25.87876780,25.87876780,0.00000000,-0.84899651,-0.12292502,15
2016-08-12,30.01757834,0.12188718,-0.01613184,-3.83152754,-0.20152766,25.98452314,25.98452314,-0.00000000,-0.82282122,-0.13362109,15
2016-08-15,30.01757834,0.00204369,-0.06332895,-3.82948385,-0.26485661,25.92323788,25.92323788,-0.00000000,-0.82238233,-0.17561077,15
2016-08-16,30.01757834,0.16039758,0.01027700,-3.66908627,-0.25457960,26.09391246,26.09391246,0.00000000,-0.78793693,-0.16879670,15
2016-08-17,30.01757834,0.20991980,-0.18231533,-3.45916648,-0.43689493,26.12151693,26.12151693,-0.00000000,-0.74285661,-0.28967923,15
2016-08-18,30.01757834,0.03875342,0.03171491,-3.42041305,-0.40518001,26.19198527,26.19198527,-0.00000000,-0.73453431,-0.26865094,15
2016-08-19,30.01757834,0.28889679,-0.10532710,-3.13151626,-0.51050711,26.37555497,26.37555497,-0.00000000,-0.67249367,-0.33848712,15
2016-08-22,30.01757834,-0.04118068,-0.01112720,-3.17269694,-0.52163431,26.32324709,26.32324709,-0.00000000,-0.68133723,-0.34586491,15
2016-08-23,30.01757834,-0.30184162,0.08642621,-3.47453856,-0.43520811,26.10783167,26.10783167,-0.00000000,-0.74615777,-0.28856079,15
2016-08-24,30.01757834,-0.22767664,0.08796510,-3.70221520,-0.34724301,25.96812013,25.96812013,-0.00000000,-0.79505137,-0.23023633,15
2016-08-25,30.01757834,0.10168904,-0.05553924,-3.60052616,-0.40278226,26.01426993,26.01426993,-0.00000000,-0.77321363,-0.26706113,15
2016-08-26,30.01757834,-0.08135643,0.04552324,-3.68188259,-0.35725902,25.97843673,25.97843673,-0.00000000,-0.79068494,-0.23687736,15
2016-08-29,30.01757834,0.03192597,-0.13070939,-3.64995662,-0.48796841,25.87965331,25.87965331,0.00000000,-0.78382883,-0.32354303,15
2016-08-30,30.01757834,-0.32303880,-0.05469650,-3.97299542,-0.54266490,25.50191802,25.50191802,-0.00000000,-0.85320147,-0.35980905,15
2016-08-31,30.01757834,-0.30365247,-0.03703380,-4.27664789,-0.57969870,25.16123174,25.16123174,-0.00000000,-0.91841089,-0.38436397,15
2016-09-01,30.01757834,-0.11899934,-0.08143757,-4.39564723,-0.66113627,24.96079484,24.96079484,-0.00000000,-0.94396602,-0.43836042,15
2016-09-02,30.01757834,-0.33107411,0.07604055,-4.72672134,-0.58509572,24.70576127,24.70576127,-0.00000000,-1.01506425,-0.38794242,15
2016-09-06,30.01757834,0.37554001,-0.15857930,-4.35118134,-0.74367502,24.92272198,24.92272198,-0.00000000,-0.93441696,-0.49308699,15
2016-09-07,30.01757834,-0.06237241,0.11935838,-4.41355375,-0.62431664,24.97970795,24.97970795,-0.00000000,-0.94781145,-0.41394749,15
2016-09-08,30.01757834,-0.24164739,0.08010980,-4.65520114,-0.54420684,24.81817037,24.81817037,0.00000000,-0.99970527,-0.36083141,15
2016-09-09,30.01757834,-0.00004816,0.00646530,-4.65524930,-0.53774154,24.82458751,24.82458751,0.00000000,-0.99971561,-0.35654465,15
2016-09-12,30.01757834,0.33611031,0.15761412,-4.31913899,-0.38012742,25.31831193,25.31831193,-0.00000000,-0.92753586,-0.25204004,15
2016-09-13,30.01757834,0.31431387,0.05777143,-4.00482512,-0.32235598,25.69039724,25.69039724,0.00000000,-0.86003690,-0.21373521,15
2016-09-14,30.01757834,-0.01046428,0.14187770,-4.01528940,-0.18047828,25.82181066,25.82181066,-0.00000000,-0.86228411,-0.11966449,15
2016-09-15,30.01757834,-0.12680395,0.09568153,-4.14209335,-0.08479675,25.79068823,25.79068823,-0.00000000,-0.88951528,-0.05622372,15
2016-09-16,30.01757834,0.26981023,-0.11518549,-3.87228313,-0.19998225,25.94531296,25.94531296,0.00000000,-0.83157349,-0.13259642,15
2016-09-19,30.01757834,-0.12955400,-0.03647563,-4.00183713,-0.23645788,25.77928333,25.77928333,-0.00000000,-0.85939523,-0.15678125,15
2016-09-20,30.01757834,0.02551615,-0.07922571,-3.97632098,-0.31568359,25.72557377,25.72557377,-0.00000000,-0.85391563,-0.20931114,15
2016-09-21,30.01757834,-0.47636416,-0.17341598,-4.45268514,-0.48909956,25.07579364,25.07579364,-0.00000000,-0.95621492,-0.32429304,15
2016-09-22,30.01757834,-0.28475301,0.06086265,-4.73743815,-0.42823691,24.85190327,24.85190327,-0.00000000,-1.01736568,-0.28393861,15
2016-09-23,30.01757834,0.20110643,0.06621260,-4.53633172,-0.36202432,25.11922230,25.11922230,-0.00000000,-0.97417804,-0.24003694,15
2016-09-26,30.01757834,0.50730956,0.08906792,-4.02902216,-0.27295639,25.71559979,25.71559979,-0.00000000,-0.86523322,-0.18098126,15
2016-09-27,30.01757834,0.18198757,-0.11870572,-3.84703459,-0.39166211,25.77888164,25.77888164,-0.00000000,-0.82615136,-0.25968801,15
2016-09-28,30.01757834,-0.21658501,0.16256739,-4.06361960,-0.22909471,25.72486403,25.72486403,-0.00000000,-0.87266303,-0.15189917,15
2016-09-29,30.01757834,0.01995088,0.01861293,-4.04366872,-0.21048179,25.76342784,25.76342784,-0.00000000,-0.86837857,-0.13955804,15
2016-09-30,30.01757834,-0.10313039,0.13132671,-4.14679911,-0.07915508,25.79162416,25.79162416,-0.00000000,-0.89052584,-0.05248306,15
2016-10-03,30.01757834,0.00648216,-0.02722143,-4.14031694,-0.10637650,25.77088489,25.77088489,-0.00000000,-0.88913380,-0.07053198,15
2016-10-04,30.01757834,-0.25980751,-0.03330870,-4.40012446,-0.13968521,25.47776868,25.47776868,-0.00000000,-0.94492751,-0.09261701,15
2016-10-05,30.01757834,-0.42880505,-0.02049873,-4.82892951,-0.16018393,25.02846490,25.02846490,0.00000000,-1.03701347,-0.10620851,15
2016-10-06,30.01757834,-0.12867716,-0.08082092,-4.95760667,-0.24100485,24.81896682,24.81896682,-0.00000000,-1.06464691,-0.15979609,15
2016-10-07,30.01757834,-0.14429871,0.03365713,-5.10190537,-0.20734773,24.70832524,24.70832524,-0.00000000,-1.09563508,-0.13748003,15
2016-10-10,30.01757834,-0.09065507,0.01558141,-5.19256044,-0.19176632,24.63325158,24.63325158,-0.00000000,-1.11510327,-0.12714892,15
2016-10-11,30.01757834,0.06738680,0.11493957,-5.12517364,-0.07682675,24.81557795,24.81557795,-0.00000000,-1.10063195,-0.05093928,15
2016-10-12,30.01757834,0.03515823,0.16784899,-5.09001541,0.09102223,25.01858516,25.01858516,-0.00000000,-1.09308171,0.06035147,15
2016-10-13,30.01757834,0.46146558,0.00961469,-4.62854983,0.10063692,25.48966543,25.48966543,-0.00000000,-0.99398190,0.06672640,15
2016-10-14,30.01757834,-0.30543709,0.00666926,-4.93398693,0.10730618,25.19089759,25.19089759,-0.00000000,-1.05957457,0.07114839,15
2016-10-17,30.01757834,-0.08672271,0.04756126,-5.02070964,0.15486744,25.15173614,25.15173614,-0.00000000,-1.07819828,0.10268345,15
2016-10-18,30.01757834,-0.32422446,-0.02314488,-5.34493410,0.13172256,24.80436680,24.80436680,-0.00000000,-1.14782554,0.08733745,15
2016-10-19,30.01757834,-0.09762813,0.01651016,-5.44256222,0.14823271,24.72324883,24.72324883,-0.00000000,-1.16879120,0.09828436,15
2016-10-20,30.01757834,-0.27059912,-0.01332481,-5.71316134,0.13490790,24.43932490,24.43932490,-0.00000000,-1.22690241,0.08944946,15
2016-10-21,30.01757834,-0.06630235,-0.00101657,-5.77946370,0.13389133,24.37200597,24.37200597,-0.00000000,-1.24114085,0.08877543,15
2016-10-24,30.01757834,-0.34475755,0.01517094,-6.12422125,0.14906227,24.04241936,24.04241936,0.00000000,-1.31517760,0.09883439,15
2016-10-25,30.01757834,-0.03525604,-0.05584049,-6.15947729,0.09322178,23.95132282,23.95132282,-0.00000000,-1.32274884,0.06180985,15
2016-10-26,30.01757834,-0.01102643,0.01567305,-6.17050372,0.10889483,23.95596945,23.95596945,-0.00000000,-1.32511677,0.07220173,15
2016-10-27,30.01757834,-0.09186474,0.03356516,-6.26236846,0.14245999,23.89766987,23.89766987,-0.00000000,-1.34484473,0.09445680,15
2016-10-28,30.01757834,-0.01140778,0.00535840,-6.27377624,0.14781838,23.89162049,23.89162049,-0.00000000,-1.34729456,0.09800964,15
2016-10-31,30.01757834,0.11879975,-0.05396376,-6.15497649,0.09385462,23.95645647,23.95645647,-0.00000000,-1.32178229,0.06222946,15
2016-11-01,30.01757834,0.26970767,-0.17710653,-5.88526882,-0.08325190,24.04905761,24.04905761,-0.00000000,-1.26386252,-0.05519942,15
2016-11-02,30.01757834,0.45773121,0.07671678,-5.42753762,-0.00653513,24.58350560,24.58350560,-0.00000000,-1.16556466,-0.00433306,15
2016-11-03,30.01757834,-0.26034868,0.07214678,-5.68788630,0.06561165,24.39530369,24.39530369,-0.00000000,-1.22147459,0.04350321,15
2016-11-04,30.01757834,0.26990586,0.04373690,-5.41798044,0.10934855,24.70894645,24.70894645,-0.00000000,-1.16351226,0.07250257,15
2016-11-07,30.01757834,-0.47208380,-0.09560213,-5.89006424,0.01374643,24.14126052,24.14126052,-0.00000000,-1.26489234,0.00911444,15
2016-11-08,30.01757834,-0.38703578,0.04951716,-6.27710002,0.06326358,23.80374190,23.80374190,-0.00000000,-1.34800834,0.04194635,15
2016-11-09,30.01757834,-0.41038515,0.31362739,-6.68748517,0.37689097,23.70698414,23.70698414,-0.00000000,-1.43613862,0.24989415,15
2016-11-10,30.01757834,-0.28140088,-0.51812778,-6.96888605,-0.14123681,22.90745548,22.90745548,-0.00000000,-1.49656951,-0.09364578,15
2016-11-11,30.01757834,0.10626028,-0.26225130,-6.86262577,-0.40348811,22.75146446,22.75146446,-0.00000000,-1.47375010,-0.26752913,15
2016-11-14,30.01757834,-0.27382692,0.00286556,-7.13645269,-0.40062255,22.48050310,22.48050310,-0.00000000,-1.53255448,-0.26562915,15
2016-11-15,30.01757834,-0.10799150,-0.10097177,-7.24444420,-0.50159432,22.27153982,22.27153982,-0.00000000,-1.55574567,-0.33257757,15
2016-11-16,30.01757834,0.14103890,-0.09657328,-7.10340530,-0.59816760,22.31600544,22.31600544,-0.00000000,-1.52545755,-0.39660961,15
2016-11-17,30.01757834,-0.08623458,0.03313081,-7.18963988,-0.56503679,22.26290167,22.26290167,-0.00000000,-1.54397644,-0.37464253,15
2016-11-18,30.01757834,0.07545674,-0.00707453,-7.11418314,-0.57211132,22.33128388,22.33128388,-0.00000000,-1.52777209,-0.37933323,15
2016-11-21,30.01757834,-0.05870432,-0.05080126,-7.17288746,-0.62291258,22.22177830,22.22177830,-0.00000000,-1.54037885,-0.41301655,15
2016-11-22,30.01757834,-0.24858975,-0.04984688,-7.42147721,-0.67275946,21.92334167,21.92334167,-0.00000000,-1.59376354,-0.44606707,15
2016-11-23,30.01757834,0.06459493,-0.07258469,-7.35688228,-0.74534415,21.91535191,21.91535191,-0.00000000,-1.57989177,-0.49419369,15
2016-11-25,30.01757834,0.13953668,0.00255892,-7.21734560,-0.74278523,22.05744751,22.05744751,-0.00000000,-1.54992624,-0.49249702,15
2016-11-28,30.01757834,0.26770969,-0.11091760,-6.94963590,-0.85370283,22.21423961,22.21423961,-0.00000000,-1.49243554,-0.56603993,15
2016-11-29,30.01757834,-0.12534619,-0.00292717,-7.07498209,-0.85663000,22.08596625,22.08596625,-0.00000000,-1.51935366,-0.56798076,15
2016-11-30,30.01757834,-0.12397226,0.01277232,-7.19895435,-0.84385768,21.97476632,21.97476632,0.00000000,-1.54597672,-0.55951219,15
2016-12-01,30.01757834,-0.22261615,-0.10291379,-7.42157050,-0.94677147,21.64923638,21.64923638,-0.00000000,-1.59378358,-0.62774825,15
2016-12-02,30.01757834,0.17908149,-0.11068033,-7.24248900,-1.05745180,21.71763754,21.71763754,0.00000000,-1.55532579,-0.70113383,15
2016-12-05,30.01757834,-0.19527736,0.06013009,-7.43776636,-0.99732171,21.58249027,21.58249027,-0.00000000,-1.59726164,-0.66126512,15
2016-12-06,30.01757834,-0.52401499,0.03241743,-7.96178135,-0.96490428,21.09089271,21.09089271,-0.00000000,-1.70979395,-0.63977104,15
2016-12-07,30.01757834,-0.32753949,-0.02358388,-8.28932084,-0.98848816,20.73976934,20.73976934,-0.00000000,-1.78013312,-0.65540812,15
2016-12-08,30.01757834,-0.19267773,-0.09158216,-8.48199857,-1.08007031,20.45550946,20.45550946,-0.00000000,-1.82151069,-0.71613084,15
2016-12-09,30.01757834,0.11550387,-0.09046531,-8.36649470,-1.17053562,20.48054802,20.48054802,-0.00000000,-1.79670622,-0.77611304,15
2016-12-12,30.01757834,0.06768750,0.11988728,-8.29880719,-1.05064834,20.66812281,20.66812281,0.00000000,-1.78217031,-0.69662286,15
2016-12-13,30.01757834,-0.07735375,0.06323352,-8.37616094,-0.98741482,20.65400258,20.65400258,-0.00000000,-1.79878204,-0.65469645,15
2016-12-14,30.01757834,0.00771866,0.06452722,-8.36844228,-0.92288760,20.72624846,20.72624846,-0.00000000,-1.79712446,-0.61191226,15
2016-12-15,30.01757834,-0.40097049,0.14506016,-8.76941278,-0.77782743,20.47033813,20.47033813,-0.00000000,-1.88323295,-0.51573143,15
2016-12-16,30.01757834,0.08949315,-0.03798139,-8.67991963,-0.81580883,20.52184988,20.52184988,-0.00000000,-1.86401428,-0.54091465,15
2016-12-19,30.01757834,0.19682156,-0.01635259,-8.48309807,-0.83216142,20.70231885,20.70231885,-0.00000000,-1.82174681,-0.55175709,15
2016-12-20,30.01757834,-0.15367469,0.06067599,-8.63677276,-0.77148543,20.60932015,20.60932015,-0.00000000,-1.85474848,-0.51152643,15
2016-12-21,30.01757834,-0.00031014,-0.00518436,-8.63708289,-0.77666979,20.60382566,20.60382566,-0.00000000,-1.85481508,-0.51496387,15
2016-12-22,30.01757834,-0.00770886,0.06065263,-8.64479176,-0.71601716,20.65676942,20.65676942,-0.00000000,-1.85647056,-0.47474869,15
2016-12-23,30.01757834,0.06208510,-0.06160823,-8.58270666,-0.77762539,20.65724630,20.65724630,-0.00000000,-1.84313777,-0.51559747,15
2016-12-28,30.01757834,0.06412368,-0.04278303,-8.51858298,-0.82040841,20.67858695,20.67858695,-0.00000000,-1.82936720,-0.54396437,15
2016-12-29,30.01757834,0.17555554,0.01406189,-8.34302744,-0.80634652,20.86820438,20.86820438,-0.00000000,-1.79166662,-0.53464076,15
2016-12-30,30.01757834,-0.12255760,-0.03761404,-8.46558504,-0.84396057,20.70803273,20.70803273,-0.00000000,-1.81798588,-0.55958041,15
2017-01-03,30.01757834,0.16590956,0.35140883,-8.29967548,-0.49255174,21.22535112,21.22535112,-0.00000000,-1.78235678,-0.32658197,15
2017-01-04,30.01757834,-0.10429890,-0.04188309,-8.40397439,-0.53443483,21.07916913,21.07916913,-0.00000000,-1.80475499,-0.35435217,15
2017-01-05,30.01757834,0.04937732,-0.01269765,-8.35459707,-0.54713248,21.11584879,21.11584879,-0.00000000,-1.79415120,-0.36277123,15
2017-01-06,30.01757834,-0.04413164,0.02798443,-8.39872871,-0.51914804,21.09970159,21.09970159,-0.00000000,-1.80362848,-0.34421641,15
2017-01-09,30.01757834,0.19941418,0.01067709,-8.19931453,-0.50847095,21.30979286,21.30979286,-0.00000000,-1.76080425,-0.33713706,15
2017-01-10,30.01757834,0.01396152,0.00272611,-8.18535301,-0.50574484,21.32648049,21.32648049,-0.00000000,-1.75780601,-0.33532953,15
2017-01-11,30.01757834,-0.01689390,-0.07092377,-8.20224691,-0.57666861,21.23866282,21.23866282,-0.00000000,-1.76143398,-0.38235490,15
2017-01-12,30.01757834,0.03055471,0.05171476,-8.17169220,-0.52495385,21.32093229,21.32093229,-0.00000000,-1.75487235,-0.34806589,15
2017-01-13,30.01757834,-0.38499032,0.08302455,-8.55668252,-0.44192929,21.01896652,21.01896652,-0.00000000,-1.83754909,-0.29301722,15
2017-01-17,30.01757834,0.17619140,0.17424492,-8.38049112,-0.26768438,21.36940284,21.36940284,-0.00000000,-1.79971195,-0.17748570,15
2017-01-18,30.01757834,0.08990798,-0.03432974,-8.29058314,-0.30201412,21.42498108,21.42498108,-0.00000000,-1.78040420,-0.20024773,15
2017-01-19,30.01757834,-0.03528811,-0.02718092,-8.32587125,-0.32919504,21.36251205,21.36251205,-0.00000000,-1.78798232,-0.21826979,15
2017-01-20,30.01757834,-0.03919778,0.04002230,-8.36506904,-0.28917273,21.36333657,21.36333657,-0.00000000,-1.79640006,-0.19173336,15
2017-01-23,30.01757834,0.24486739,-0.03841195,-8.12020165,-0.32758469,21.56979201,21.56979201,-0.00000000,-1.74381474,-0.21720206,15
2017-01-24,30.01757834,-0.19760310,0.09901160,-8.31780475,-0.22857308,21.47120051,21.47120051,0.00000000,-1.78625004,-0.15155331,15
2017-01-25,30.01757834,-0.40390441,0.03246825,-8.72170916,-0.19610483,21.09976435,21.09976435,-0.00000000,-1.87298859,-0.13002553,15
2017-01-26,30.01757834,-0.01579236,-0.17240073,-8.73750152,-0.36850556,20.91157126,20.91157126,-0.00000000,-1.87638000,-0.24433427,15
2017-01-27,30.01757834,0.06353306,-0.02320981,-8.67396846,-0.39171537,20.95189452,20.95189452,0.00000000,-1.86273626,-0.25972333,15
2017-01-30,30.01757834,0.21078352,-0.00654656,-8.46318494,-0.39826192,21.15613147,21.15613147,-0.00000000,-1.81747046,-0.26406396,15
2017-01-31,30.01757834,0.14765261,0.07603369,-8.31553233,-0.32222824,21.37981777,21.37981777,-0.00000000,-1.78576204,-0.21365051,15
2017-02-01,30.01757834,-0.14472346,0.03437791,-8.46025579,-0.28785032,21.26947223,21.26947223,-0.00000000,-1.81684143,-0.19085655,15
2017-02-02,30.01757834,0.08192577,0.04075285,-8.37833002,-0.24709748,21.39215084,21.39215084,-0.00000000,-1.79924785,-0.16383574,15
2017-02-03,30.01757834,-0.18805369,-0.04483368,-8.56638371,-0.29193116,21.15926347,21.15926347,-0.00000000,-1.83963242,-0.19356231,15
2017-02-06,30.01757834,0.18940250,-0.14394225,-8.37698120,-0.43587341,21.20472373,21.20472373,-0.00000000,-1.79895820,-0.28900192,15
2017-02-07,30.01757834,0.35109541,-0.04856151,-8.02588580,-0.48443492,21.50725762,21.50725762,-0.00000000,-1.72356039,-0.32120019,15
2017-02-08,30.01757834,0.24613388,-0.09804281,-7.77975192,-0.58247773,21.65534870,21.65534870,-0.00000000,-1.67070310,-0.38620658,15
2017-02-09,30.01757834,-0.15667270,-0.02472449,-7.93642462,-0.60720221,21.47395151,21.47395151,-0.00000000,-1.70434859,-0.40259993,15
2017-02-10,30.01757834,0.12226490,-0.09471649,-7.81415971,-0.70191870,21.50149993,21.50149993,-0.00000000,-1.67809218,-0.46540083,15
2017-02-13,30.01757834,-0.16557383,-0.05089560,-7.97973354,-0.75281430,21.28503050,21.28503050,-0.00000000,-1.71364919,-0.49914670,15
2017-02-14,30.01757834,-0.14085687,0.01127599,-8.12059041,-0.74153831,21.15544962,21.15544962,-0.00000000,-1.74389823,-0.49167026,15
2017-02-15,30.01757834,-0.37623839,-0.09318494,-8.49682880,-0.83472325,20.68602629,20.68602629,-0.00000000,-1.82469549,-0.55345569,15
2017-02-16,30.01757834,0.12664903,-0.09912758,-8.37017977,-0.93385083,20.71354774,20.71354774,-0.00000000,-1.79749759,-0.61918133,15
2017-02-17,30.01757834,0.37336500,-0.01366607,-7.99681478,-0.94751690,21.07324666,21.07324666,-0.00000000,-1.71731739,-0.62824250,15
2017-02-21,30.01757834,0.16197816,-0.11209293,-7.83483662,-1.05960983,21.12313189,21.12313189,-0.00000000,-1.68253255,-0.70256470,15
2017-02-22,30.01757834,-0.03395024,-0.06557916,-7.86878686,-1.12518899,21.02360249,21.02360249,-0.00000000,-1.68982337,-0.74604637,15
2017-02-23,30.01757834,0.13960230,-0.03500873,-7.72918456,-1.16019773,21.12819605,21.12819605,-0.00000000,-1.65984375,-0.76925859,15
2017-02-24,30.01757834,0.25977115,0.02239165,-7.46941341,-1.13780608,21.41035885,21.41035885,-0.00000000,-1.60405785,-0.75441202,15
2017-02-27,30.01757834,-0.00626177,0.08868051,-7.47567518,-1.04912557,21.49277759,21.49277759,-0.00000000,-1.60540257,-0.69561321,15
2017-02-28,30.01757834,-0.07883304,0.01272030,-7.55450822,-1.03640527,21.42666485,21.42666485,-0.00000000,-1.62233198,-0.68717913,15
2017-03-01,30.01757834,-0.55217058,0.06147384,-8.10667880,-0.97493143,20.93596811,20.93596811,-0.00000000,-1.74091071,-0.64641945,15
2017-03-02,30.01757834,0.00006051,0.01457272,-8.10661829,-0.96035870,20.95060134,20.95060134,-0.00000000,-1.74089771,-0.63675714,15
2017-03-03,30.01757834,-0.32475873,0.13097103,-8.43137703,-0.82938767,20.75681364,20.75681364,-0.00000000,-1.81063971,-0.54991798,15
2017-03-06,30.01757834,0.13489442,-0.02438277,-8.29648261,-0.85377044,20.86732529,20.86732529,-0.00000000,-1.78167111,-0.56608476,15
2017-03-07,30.01757834,0.00637135,0.00384436,-8.29011126,-0.84992608,20.87754100,20.87754100,-0.00000000,-1.78030286,-0.56353579,15
2017-03-08,30.01757834,-0.09514641,0.00025877,-8.38525767,-0.84966732,20.78265336,20.78265336,-0.00000000,-1.80073557,-0.56336422,15
2017-03-09,30.01757834,-0.19162791,0.07556563,-8.57688558,-0.77410169,20.66659107,20.66659107,-0.00000000,-1.84188769,-0.51326111,15
2017-03-10,30.01757834,-0.19556386,0.01761694,-8.77244944,-0.75648475,20.48864415,20.48864415,-0.00000000,-1.88388507,-0.50158036,15
2017-03-13,30.01757834,0.06836639,-0.12788568,-8.70408305,-0.88437043,20.42912486,20.42912486,-0.00000000,-1.86920337,-0.58637381,15
2017-03-14,30.01757834,0.18521678,-0.07312201,-8.51886627,-0.95749244,20.54121963,20.54121963,-0.00000000,-1.82942804,-0.63485669,15
2017-03-15,30.01757834,-0.04141767,0.03258890,-8.56028394,-0.92490354,20.53239086,20.53239086,-0.00000000,-1.83832249,-0.61324892,15
2017-03-16,30.01757834,-0.04065854,-0.07730865,-8.60094248,-1.00221219,20.41442367,20.41442367,-0.00000000,-1.84705392,-0.66450771,15
2017-03-17,30.01757834,0.10594778,0.02810739,-8.49499470,-0.97410479,20.54847885,20.54847885,-0.00000000,-1.82430161,-0.64587136,15
2017-03-20,30.01757834,0.07857012,0.00669162,-8.41642457,-0.96741318,20.63374059,20.63374059,-0.00000000,-1.80742867,-0.64143454,15
2017-03-21,30.01757834,-0.01097212,0.08712835,-8.42739669,-0.88028483,20.70989682,20.70989682,-0.00000000,-1.80978493,-0.58366488,15
2017-03-22,30.01757834,0.13622773,0.14724597,-8.29116896,-0.73303886,20.99337052,20.99337052,-0.00000000,-1.78053000,-0.48603477,15
2017-03-23,30.01757834,-0.13540597,0.02388264,-8.42657493,-0.70915622,20.88184719,20.88184719,-0.00000000,-1.80960846,-0.47019961,15
2017-03-24,30.01757834,0.05657877,-0.02690676,-8.36999617,-0.73606298,20.91151920,20.91151920,-0.00000000,-1.79745816,-0.48803989,15
2017-03-27,30.01757834,0.06136438,0.07446273,-8.30863179,-0.66160025,21.04734631,21.04734631,-0.00000000,-1.78428015,-0.43866805,15
2017-03-28,30.01757834,-0.39642256,0.01906142,-8.70505435,-0.64253883,20.66998516,20.66998516,-0.00000000,-1.86941196,-0.42602955,15
2017-03-29,30.01757834,0.02766633,-0.01053952,-8.67738802,-0.65307834,20.68711198,20.68711198,-0.00000000,-1.86347061,-0.43301768,15
2017-03-30,30.01757834,-0.02977657,0.04736345,-8.70716459,-0.60571489,20.70469887,20.70469887,-0.00000000,-1.86986514,-0.40161377,15
2017-03-31,30.01757834,0.02071703,0.20672523,-8.68644755,-0.39898966,20.93214113,20.93214113,-0.00000000,-1.86541615,-0.26454648,15
2017-04-03,30.01757834,0.24358655,-0.03561995,-8.44286101,-0.43460961,21.14010772,21.14010772,-0.00000000,-1.81310589,-0.28816397,15
2017-04-04,30.01757834,0.09688446,0.03019793,-8.34597655,-0.40441168,21.26719012,21.26719012,-0.00000000,-1.79229994,-0.26814150,15
2017-04-05,30.01757834,-0.00488352,0.07368404,-8.35086007,-0.33072763,21.33599064,21.33599064,-0.00000000,-1.79334868,-0.21928596,15
2017-04-06,30.01757834,-0.01889155,0.07742592,-8.36975161,-0.25330171,21.39452501,21.39452501,-0.00000000,-1.79740564,-0.16794941,15
2017-04-07,30.01757834,-0.02257319,0.01816815,-8.39232480,-0.23513356,21.39011998,21.39011998,-0.00000000,-1.80225324,-0.15590318,15
2017-04-10,30.01757834,0.14189082,-0.08875783,-8.25043399,-0.32389139,21.44325297,21.44325297,-0.00000000,-1.77178216,-0.21475325,15
2017-04-11,30.01757834,0.16170942,0.03536912,-8.08872456,-0.28852227,21.64033150,21.64033150,-0.00000000,-1.73705503,-0.19130208,15
2017-04-12,30.01757834,0.14321868,-0.00188820,-7.94550588,-0.29041047,21.78166199,21.78166199,-0.00000000,-1.70629879,-0.19255403,15
2017-04-13,30.01757834,0.25515204,0.00847734,-7.69035384,-0.28193313,22.04529136,22.04529136,-0.00000000,-1.65150485,-0.18693321,15
2017-04-18,30.01757834,0.21027505,-0.00270239,-7.48007879,-0.28463552,22.25286402,22.25286402,-0.00000000,-1.60634824,-0.18872501,15
2017-04-19,30.01757834,-0.22089482,0.08550773,-7.70097361,-0.19912779,22.11747693,22.11747693,-0.00000000,-1.65378545,-0.13202988,15
2017-04-20,30.01757834,-0.29009246,-0.08406409,-7.99106607,-0.28319189,21.74332038,21.74332038,-0.00000000,-1.71608285,-0.18776781,15
2017-04-21,30.01757834,-0.14884135,-0.01906663,-8.13990742,-0.30225851,21.57541240,21.57541240,-0.00000000,-1.74804656,-0.20040977,15
2017-04-24,30.01757834,-1.01140902,0.11308510,-9.15131644,-0.18917341,20.67708849,20.67708849,-0.00000000,-1.96524682,-0.12542972,15
2017-04-25,30.01757834,-0.10187563,-0.14344355,-9.25319207,-0.33261696,20.43176930,20.43176930,-0.00000000,-1.98712463,-0.22053867,15
2017-04-26,30.01757834,-0.06236785,-0.02526266,-9.31555993,-0.35787962,20.34413879,20.34413879,-0.00000000,-2.00051814,-0.23728884,15
2017-04-27,30.01757834,0.18388965,-0.01479585,-9.13167028,-0.37267548,20.51323258,20.51323258,-0.00000000,-1.96102781,-0.24709910,15
2017-04-28,30.01757834,0.06475941,0.04990317,-9.06691087,-0.32277231,20.62789516,20.62789516,-0.00000000,-1.94712071,-0.21401126,15
2017-05-02,30.01757834,-0.06190721,-0.02136671,-9.12881807,-0.34413902,20.54462125,20.54462125,-0.00000000,-1.96041530,-0.22817826,15
2017-05-03,30.01757834,-0.12983966,0.01936868,-9.25865773,-0.32477034,20.43415027,20.43415027,-0.00000000,-1.98829839,-0.21533603,15
2017-05-04,30.01757834,-0.06915183,0.04473153,-9.32780957,-0.28003881,20.40972996,20.40972996,-0.00000000,-2.00314875,-0.18567720,15
2017-05-05,30.01757834,-0.15736194,0.09804821,-9.48517151,-0.18199060,20.35041623,20.35041623,-0.00000000,-2.03694226,-0.12066722,15
2017-05-08,30.01757834,0.12020689,-0.11918438,-9.36496462,-0.30117498,20.35143874,20.35143874,-0.00000000,-2.01112781,-0.19969134,15
2017-05-09,30.01757834,0.05580887,-0.00330030,-9.30915575,-0.30447528,20.40394731,20.40394731,-0.00000000,-1.99914284,-0.20187958,15
2017-05-10,30.01757834,-0.08552745,-0.02006060,-9.39468320,-0.32453588,20.29835926,20.29835926,-0.00000000,-2.01750988,-0.21518058,15
2017-05-11,30.01757834,-0.00383026,-0.01128285,-9.39851346,-0.33581874,20.28324614,20.28324614,-0.00000000,-2.01833243,-0.22266157,15
2017-05-12,30.01757834,-0.01533138,0.03426710,-9.41384484,-0.30155164,20.30218186,20.30218186,-0.00000000,-2.02162484,-0.19994108,15
2017-05-15,30.01757834,-0.14469322,-0.00426878,-9.55853805,-0.30582042,20.15321987,20.15321987,-0.00000000,-2.05269774,-0.20277146,15
2017-05-16,30.01757834,0.00510039,-0.00865120,-9.55343767,-0.31447162,20.14966906,20.14966906,-0.00000000,-2.05160243,-0.20850756,15
2017-05-17,30.01757834,0.34381681,0.07706139,-9.20962086,-0.23741022,20.57054726,20.57054726,-0.00000000,-1.97776771,-0.15741270,15
2017-05-18,30.01757834,0.06870432,0.13326532,-9.14091654,-0.10414490,20.77251690,20.77251690,-0.00000000,-1.96301344,-0.06905233,15
2017-05-19,30.01757834,-0.15972057,-0.03740903,-9.30063711,-0.14155393,20.57538729,20.57538729,-0.00000000,-1.99731347,-0.09385605,15
2017-05-22,30.01757834,-0.00087525,-0.03523078,-9.30151237,-0.17678471,20.53928126,20.53928126,-0.00000000,-1.99750143,-0.11721550,15
2017-05-23,30.01757834,-0.11458617,0.01200739,-9.41609854,-0.16477732,20.43670249,20.43670249,-0.00000000,-2.02210883,-0.10925411,15
2017-05-24,30.01757834,-0.02776406,-0.04731315,-9.44386260,-0.21209047,20.36162528,20.36162528,-0.00000000,-2.02807116,-0.14062466,15
2017-05-25,30.01757834,0.02158337,-0.04065771,-9.42227923,-0.25274818,20.34255094,20.34255094,-0.00000000,-2.02343613,-0.16758239,15
2017-05-26,30.01757834,0.04304445,0.00300614,-9.37923478,-0.24974203,20.38860153,20.38860153,-0.00000000,-2.01419233,-0.16558919,15
2017-05-30,30.01757834,0.35906885,-0.05680474,-9.02016593,-0.30654677,20.69086564,20.69086564,-0.00000000,-1.93708223,-0.20325306,15
2017-05-31,30.01757834,0.19897926,0.04391417,-8.82118667,-0.26263261,20.93375906,20.93375906,-0.00000000,-1.89435140,-0.17413617,15
2017-06-01,30.01757834,-0.12027904,-0.03799051,-8.94146571,-0.30062311,20.77548951,20.77548951,-0.00000000,-1.92018134,-0.19932543,15
2017-06-02,30.01757834,-0.08563826,-0.12996022,-9.02710397,-0.43058333,20.55989103,20.55989103,-0.00000000,-1.93857217,-0.28549438,15
2017-06-05,30.01757834,0.03018226,0.06983337,-8.99692172,-0.36074996,20.65990666,20.65990666,-0.00000000,-1.93209053,-0.23919199,15
2017-06-06,30.01757834,0.06524539,-0.00488055,-8.93167633,-0.36563051,20.72027150,20.72027150,-0.00000000,-1.91807907,-0.24242800,15
2017-06-07,30.01757834,-0.17554370,0.03314933,-9.10722002,-0.33248118,20.57787713,20.57787713,-0.00000000,-1.95577711,-0.22044864,15
2017-06-08,30.01757834,-0.14664920,-0.02513945,-9.25386922,-0.35762063,20.40608849,20.40608849,-0.00000000,-1.98727005,-0.23711712,15
2017-06-09,30.01757834,-0.18243680,-0.00771750,-9.43630602,-0.36533813,20.21593419,20.21593419,-0.00000000,-2.02644839,-0.24223414,15
2017-06-12,30.01757834,0.16489589,0.02458053,-9.27141013,-0.34075760,20.40541061,20.40541061,-0.00000000,-1.99103697,-0.22593624,15
2017-06-13,30.01757834,-0.01231095,-0.03588161,-9.28372108,-0.37663920,20.35721805,20.35721805,-0.00000000,-1.99368074,-0.24972721,15
2017-06-14,30.01757834,0.17942826,-0.04042439,-9.10429282,-0.41706359,20.49622193,20.49622193,-0.00000000,-1.95514849,-0.27653024,15
2017-06-15,30.01757834,0.06944737,0.11819743,-9.03484545,-0.29886616,20.68386673,20.68386673,-0.00000000,-1.94023466,-0.19816050,15
2017-06-16,30.01757834,-0.00032687,-0.05899304,-9.03517232,-0.35785920,20.62454682,20.62454682,-0.00000000,-1.94030485,-0.23727530,15
2017-06-19,30.01757834,-0.19604265,-0.03216373,-9.23121496,-0.39002293,20.39634044,20.39634044,-0.00000000,-1.98240505,-0.25860117,15
2017-06-20,30.01757834,0.09781029,-0.00147853,-9.13340467,-0.39150146,20.49267220,20.49267220,-0.00000000,-1.96140027,-0.25958150,15
2017-06-21,30.01757834,0.09636594,0.05751005,-9.03703874,-0.33399141,20.64654819,20.64654819,-0.00000000,-1.94070567,-0.22144998,15
2017-06-22,30.01757834,0.04065773,0.02539422,-8.99638101,-0.30859719,20.71260014,20.71260014,-0.00000000,-1.93197441,-0.20461257,15
2017-06-23,30.01757834,0.06265020,-0.02043815,-8.93373080,-0.32903535,20.75481219,20.75481219,-0.00000000,-1.91852027,-0.21816391,15
2017-06-26,30.01757834,-0.09433712,-0.01087171,-9.02806793,-0.33990706,20.64960335,20.64960335,-0.00000000,-1.93877918,-0.22537230,15
2017-06-27,30.01757834,-0.16690606,0.04357114,-9.19497399,-0.29633592,20.52626844,20.52626844,-0.00000000,-1.97462229,-0.19648284,15
2017-06-28,30.01757834,-0.24438882,-0.03653419,-9.43936281,-0.33287010,20.24534543,20.24534543,-0.00000000,-2.02710483,-0.22070651,15
2017-06-29,30.01757834,-0.05922835,-0.07358824,-9.49859115,-0.40645834,20.11252884,20.11252884,-0.00000000,-2.03982413,-0.26949852,15
2017-06-30,30.01757834,0.27206383,0.12832883,-9.22652732,-0.27812951,20.51292151,20.51292151,-0.00000000,-1.98139838,-0.18441125,15
2017-07-03,30.01757834,-0.29553518,0.05586099,-9.52206251,-0.22226851,20.27324732,20.27324732,-0.00000000,-2.04486461,-0.14737313,15
2017-07-05,30.01757834,-0.08365033,0.02292939,-9.60571284,-0.19933913,20.21252638,20.21252638,-0.00000000,-2.06282853,-0.13217000,15
2017-07-06,30.01757834,-0.08331588,0.11190972,-9.68902871,-0.08742940,20.24112022,20.24112022,-0.00000000,-2.08072063,-0.05796927,15
2017-07-07,30.01757834,0.00375498,0.07557796,-9.68527373,-0.01185144,20.32045317,20.32045317,-0.00000000,-2.07991425,-0.00785799,15
2017-07-10,30.01757834,-0.00130374,0.04048109,-9.68657747,0.02862965,20.35963051,20.35963051,-0.00000000,-2.08019423,0.01898263,15
2017-07-11,30.01757834,0.01827839,-0.11061297,-9.66829909,-0.08198332,20.26729593,20.26729593,-0.00000000,-2.07626894,-0.05435830,15
2017-07-12,30.01757834,-0.05807577,-0.05810149,-9.72637485,-0.14008481,20.15111868,20.15111868,-0.00000000,-2.08874072,-0.09288197,15
2017-07-13,30.01757834,-0.08978507,-0.00850649,-9.81615992,-0.14859130,20.05282712,20.05282712,0.00000000,-2.10802208,-0.09852212,15
2017-07-14,30.01757834,0.13719558,-0.03832482,-9.67896434,-0.18691612,20.15169788,20.15169788,-0.00000000,-2.07855931,-0.12393304,15
2017-07-17,30.01757834,0.01495127,0.00611872,-9.66401307,-0.18079740,20.17276786,20.17276786,-0.00000000,-2.07534852,-0.11987608,15
2017-07-18,30.01757834,0.15064746,0.03107704,-9.51336561,-0.14972036,20.35449236,20.35449236,-0.00000000,-2.04299695,-0.09927073,15
2017-07-19,30.01757834,-0.03907316,0.00202830,-9.55243877,-0.14769206,20.31744751,20.31744751,-0.00000000,-2.05138792,-0.09792588,15
2017-07-20,30.01757834,-0.00402187,0.01926901,-9.55646063,-0.12842305,20.33269465,20.33269465,-0.00000000,-2.05225161,-0.08514974,15
2017-07-21,30.01757834,0.13204177,0.00983044,-9.42441886,-0.11859261,20.47456687,20.47456687,-0.00000000,-2.02389562,-0.07863176,15
2017-07-24,30.01757834,-0.08395049,0.02096030,-9.50836935,-0.09763231,20.41157667,20.41157667,-0.00000000,-2.04192400,-0.06473422,15
2017-07-25,30.01757834,-0.27570172,0.02690935,-9.78407108,-0.07072296,20.16278430,20.16278430,-0.00000000,-2.10113100,-0.04689222,15
2017-07-26,30.01757834,-0.08463857,-0.05449484,-9.86870965,-0.12521780,20.02365089,20.02365089,-0.00000000,-2.11930714,-0.08302453,15
2017-07-27,30.01757834,-0.03657058,0.03046491,-9.90528023,-0.09475289,20.01754522,20.01754522,-0.00000000,-2.12716068,-0.06282505,15
2017-07-28,30.01757834,0.09233104,0.03617855,-9.81294918,-0.05857434,20.14605481,20.14605481,-0.00000000,-2.10733257,-0.03883719,15
2017-07-31,30.01757834,-0.00802628,-0.02934603,-9.82097547,-0.08792037,20.10868250,20.10868250,-0.00000000,-2.10905622,-0.05829481,15
2017-08-01,30.01757834,-0.10556962,-0.12955633,-9.92654509,-0.21747671,19.87355655,19.87355655,-0.00000000,-2.13172731,-0.14419596,15
2017-08-02,30.01757834,0.24899403,-0.09885704,-9.67755106,-0.31633374,20.02369354,20.02369354,-0.00000000,-2.07825580,-0.20974222,15
2017-08-03,30.01757834,-0.02059362,0.00807737,-9.69814468,-0.30825637,20.01117729,20.01117729,-0.00000000,-2.08267829,-0.20438660,15
2017-08-04,30.01757834,-0.16844599,0.02560038,-9.86659067,-0.28265599,19.86833168,19.86833168,-0.00000000,-2.11885209,-0.18741250,15
2017-08-07,30.01757834,-0.11350359,-0.01772458,-9.98009426,-0.30038057,19.73710351,19.73710351,-0.00000000,-2.14322701,-0.19916462,15
2017-08-08,30.01757834,-0.09417792,0.05205592,-10.07427218,-0.24832465,19.69498150,19.69498150,-0.00000000,-2.16345173,-0.16464941,15
2017-08-09,30.01757834,0.27931356,0.01340032,-9.79495862,-0.23492434,19.98769538,19.98769538,-0.00000000,-2.10346910,-0.15576445,15
2017-08-10,30.01757834,0.14944417,0.11258959,-9.64551445,-0.12233475,20.24972913,20.24972913,-0.00000000,-2.07137594,-0.08111295,15
2017-08-11,30.01757834,0.18243226,0.05366478,-9.46308219,-0.06866997,20.48582618,20.48582618,-0.00000000,-2.03219857,-0.04553100,15
2017-08-14,30.01757834,-0.18687904,-0.02363758,-9.64996123,-0.09230755,20.27530956,20.27530956,-0.00000000,-2.07233088,-0.06120368,15
2017-08-15,30.01757834,-0.11719967,-0.08160344,-9.76716091,-0.17391099,20.07650644,20.07650644,-0.00000000,-2.09749953,-0.11531011,15
2017-08-16,30.01757834,-0.02888569,-0.03955921,-9.79604660,-0.21347019,20.00806155,20.00806155,-0.00000000,-2.10370274,-0.14153948,15
2017-08-17,30.01757834,0.26619097,0.02136731,-9.52985563,-0.19210288,20.29561983,20.29561983,-0.00000000,-2.04653818,-0.12737207,15
2017-08-18,30.01757834,-0.01125909,0.13117977,-9.54111472,-0.06092311,20.41554051,20.41554051,-0.00000000,-2.04895607,-0.04039452,15
2017-08-21,30.01757834,0.14562696,0.02410447,-9.39548776,-0.03681864,20.58527194,20.58527194,-0.00000000,-2.01768266,-0.02441227,15
2017-08-22,30.01757834,-0.08864764,-0.05341688,-9.48413540,-0.09023552,20.44320742,20.44320742,-0.00000000,-2.03671976,-0.05982984,15
2017-08-23,30.01757834,0.07233051,0.00052036,-9.41180489,-0.08971516,20.51605829,20.51605829,-0.00000000,-2.02118677,-0.05948483,15
2017-08-24,30.01757834,-0.04535886,-0.03681962,-9.45716375,-0.12653478,20.43387980,20.43387980,-0.00000000,-2.03092759,-0.08389774,15
2017-08-25,30.01757834,0.03824770,-0.15869834,-9.41891606,-0.28523313,20.31342915,20.31342915,-0.00000000,-2.02271389,-0.18912124,15
2017-08-28,30.01757834,0.02476312,0.02617388,-9.39415294,-0.25905925,20.36436615,20.36436615,-0.00000000,-2.01739601,-0.17176689,15
2017-08-29,30.01757834,0.18119307,-0.02592950,-9.21295987,-0.28498875,20.51962972,20.51962972,0.00000000,-1.97848476,-0.18895921,15
2017-08-30,30.01757834,-0.01958455,-0.06034392,-9.23254442,-0.34533267,20.43970125,20.43970125,-0.00000000,-1.98269055,-0.22896970,15
2017-08-31,30.01757834,-0.13958260,0.04301872,-9.37212702,-0.30231395,20.34313737,20.34313737,-0.00000000,-2.01266594,-0.20044652,15
2017-09-01,30.01757834,-0.07811098,0.02135698,-9.45023800,-0.28095697,20.28638337,20.28638337,0.00000000,-2.02944028,-0.18628597,15
2017-09-05,30.01757834,0.31099160,0.04434695,-9.13924640,-0.23661001,20.64172192,20.64172192,0.00000000,-1.96265478,-0.15688213,15
2017-09-06,30.01757834,0.03846477,0.05610078,-9.10078163,-0.18050923,20.73628748,20.73628748,-0.00000000,-1.95439447,-0.11968501,15
2017-09-07,30.01757834,0.09371423,0.01314904,-9.00706740,-0.16736019,20.84315075,20.84315075,-0.00000000,-1.93426932,-0.11096666,15
2017-09-08,30.01757834,-0.08182316,0.01233893,-9.08889056,-0.15502125,20.77366653,20.77366653,-0.00000000,-1.95184086,-0.10278544,15
2017-09-11,30.01757834,-0.27254540,-0.05615018,-9.36143596,-0.21117143,20.44497094,20.44497094,-0.00000000,-2.01037003,-0.14001531,15
2017-09-12,30.01757834,-0.22460236,-0.03725767,-9.58603832,-0.24842911,20.18311091,20.18311091,0.00000000,-2.05860343,-0.16471867,15
2017-09-13,30.01757834,-0.06750827,0.00468292,-9.65354659,-0.24374618,20.12028556,20.12028556,-0.00000000,-2.07310084,-0.16161370,15
2017-09-14,30.01757834,0.02999900,0.04555848,-9.62354760,-0.19818770,20.19584304,20.19584304,-0.00000000,-2.06665855,-0.13140656,15
2017-09-15,30.01757834,0.10507180,-0.05765022,-9.51847579,-0.25583792,20.24326463,20.24326463,-0.00000000,-2.04409436,-0.16963102,15
2017-09-18,30.01757834,-0.02288652,-0.06895305,-9.54136231,-0.32479098,20.15142505,20.15142505,0.00000000,-2.04900925,-0.21534971,15
2017-09-19,30.01757834,0.02656020,-0.13068683,-9.51480211,-0.45547780,20.04729842,20.04729842,-0.00000000,-2.04330544,-0.30200043,15
2017-09-20,30.01757834,0.02208122,-0.02790401,-9.49272089,-0.48338181,20.04147563,20.04147563,0.00000000,-2.03856349,-0.32050193,15
2017-09-21,30.01757834,-0.16969131,-0.02366322,-9.66241221,-0.50704504,19.84812110,19.84812110,0.00000000,-2.07500473,-0.33619162,15
2017-09-22,30.01757834,-0.00870428,0.00746808,-9.67111648,-0.49957696,19.84688490,19.84688490,0.00000000,-2.07687398,-0.33123998,15
2017-09-25,30.01757834,0.18473307,0.05222298,-9.48638341,-0.44735398,20.08384095,20.08384095,0.00000000,-2.03720252,-0.29661400,15
2017-09-26,30.01757834,0.00830576,-0.00344761,-9.47807765,-0.45080159,20.08869910,20.08869910,0.00000000,-2.03541885,-0.29889991,15
2017-09-27,30.01757834,-0.23438641,0.00148377,-9.71246406,-0.44931782,19.85579646,19.85579646,-0.00000000,-2.08575338,-0.29791611,15
2017-09-28,30.01757834,-0.06027913,0.03560750,-9.77274319,-0.41371032,19.83112483,19.83112483,0.00000000,-2.09869833,-0.27430688,15
2017-09-29,30.01757834,-0.07594094,-0.02506341,-9.84868413,-0.43877373,19.73012048,19.73012048,0.00000000,-2.11500666,-0.29092495,15
2017-10-02,30.01757834,-0.05491369,0.05906953,-9.90359782,-0.37970420,19.73427632,19.73427632,0.00000000,-2.12679938,-0.25175943,15
2017-10-03,30.01757834,-0.09103024,-0.20121090,-9.99462806,-0.58091510,19.44203518,19.44203518,0.00000000,-2.14634814,-0.38517050,15
2017-10-04,30.01757834,0.08265467,0.01263322,-9.91197339,-0.56828188,19.53732307,19.53732307,0.00000000,-2.12859804,-0.37679416,15
2017-10-05,30.01757834,-0.10645626,0.00242475,-10.01842965,-0.56585713,19.43329157,19.43329157,0.00000000,-2.15145954,-0.37518644,15
2017-10-06,30.01757834,0.01437325,-0.08257911,-10.00405640,-0.64843624,19.36508570,19.36508570,0.00000000,-2.14837288,-0.42993978,15
2017-10-09,30.01757834,0.08461016,0.01594124,-9.91944623,-0.63249501,19.46563710,19.46563710,0.00000000,-2.13020283,-0.41937008,15
2017-10-10,30.01757834,0.05510774,-0.01547937,-9.86433850,-0.64797438,19.50526546,19.50526546,0.00000000,-2.11836844,-0.42963354,15
2017-10-11,30.01757834,0.06263723,-0.03361018,-9.80170127,-0.68158456,19.53429252,19.53429252,0.00000000,-2.10491708,-0.45191847,15
2017-10-12,30.01757834,0.11770367,0.02383525,-9.68399759,-0.65774931,19.67583144,19.67583144,0.00000000,-2.07964020,-0.43611472,15
2017-10-13,30.01757834,0.16243121,-0.01764836,-9.52156638,-0.67539767,19.82061430,19.82061430,0.00000000,-2.04475806,-0.44781631,15
2017-10-16,30.01757834,-0.04573761,-0.08315010,-9.56730399,-0.75854777,19.69172658,19.69172658,-0.00000000,-2.05458022,-0.50294823,15
2017-10-17,30.01757834,0.01144117,0.03189607,-9.55586282,-0.72665170,19.73506382,19.73506382,0.00000000,-2.05212323,-0.48179983,15
2017-10-18,30.01757834,-0.15513234,0.03629430,-9.71099516,-0.69035740,19.61622579,19.61622579,0.00000000,-2.08543793,-0.45773522,15
2017-10-19,30.01757834,0.04697192,0.05548068,-9.66402324,-0.63487672,19.71867838,19.71867838,0.00000000,-2.07535070,-0.42094926,15
2017-10-20,30.01757834,-0.21174522,-0.01749447,-9.87576846,-0.65237118,19.48943869,19.48943869,0.00000000,-2.12082302,-0.43254880,15
2017-10-23,30.01757834,0.04106872,0.00821650,-9.83469974,-0.64415469,19.53872391,19.53872391,0.00000000,-2.11200351,-0.42710093,15
2017-10-24,30.01757834,-0.16277762,0.00526507,-9.99747736,-0.63888962,19.38121136,19.38121136,0.00000000,-2.14696003,-0.42360998,15
2017-10-25,30.01757834,0.13808483,-0.09278371,-9.85939253,-0.73167333,19.42651248,19.42651248,0.00000000,-2.11730629,-0.48512937,15
2017-10-26,30.01757834,-0.07377911,0.01147693,-9.93317164,-0.72019640,19.36421031,19.36421031,0.00000000,-2.13315037,-0.47751970,15
2017-10-27,30.01757834,0.00683938,-0.20000380,-9.92633225,-0.92020020,19.17104588,19.17104588,0.00000000,-2.13168161,-0.61013041,15
2017-10-30,30.01757834,0.02751696,0.05528730,-9.89881529,-0.86491291,19.25385014,19.25385014,0.00000000,-2.12577233,-0.57347267,15
2017-10-31,30.01757834,0.18460240,0.10198755,-9.71421289,-0.76292535,19.54044010,19.54044010,0.00000000,-2.08612894,-0.50585075,15
2017-11-01,30.01757834,0.19607737,-0.10662285,-9.51813551,-0.86954820,19.62989463,19.62989463,0.00000000,-2.04402129,-0.57654606,15
2017-11-02,30.01757834,-0.10997434,0.03592530,-9.62810985,-0.83362290,19.55584559,19.55584559,0.00000000,-2.06763829,-0.55272611,15
2017-11-03,30.01757834,0.18118675,-0.02114563,-9.44692310,-0.85476854,19.71588670,19.71588670,0.00000000,-2.02872841,-0.56674654,15
2017-11-06,30.01757834,0.19600790,0.04960683,-9.25091520,-0.80516170,19.96150144,19.96150144,0.00000000,-1.98663568,-0.53385517,15
2017-11-07,30.01757834,-0.02448325,0.00667802,-9.27539845,-0.79848368,19.94369621,19.94369621,0.00000000,-1.99189346,-0.52942737,15
2017-11-08,30.01757834,0.10185120,0.01971201,-9.17354725,-0.77877167,20.06525942,20.06525942,0.00000000,-1.97002090,-0.51635750,15
2017-11-09,30.01757834,0.05360054,-0.03293431,-9.11994672,-0.81170598,20.08592564,20.08592564,0.00000000,-1.95851017,-0.53819430,15
2017-11-10,30.01757834,0.01168897,0.06858876,-9.10825774,-0.74311722,20.16620337,20.16620337,0.00000000,-1.95599996,-0.49271714,15
2017-11-13,30.01757834,0.06159595,0.01039682,-9.04666179,-0.73272040,20.23819615,20.23819615,0.00000000,-1.94277222,-0.48582362,15
2017-11-14,30.01757834,0.09499633,0.01001514,-8.95166546,-0.72270526,20.34320762,20.34320762,0.00000000,-1.92237174,-0.47918318,15
2017-11-15,30.01757834,-0.04497799,0.06986814,-8.99664345,-0.65283712,20.36809777,20.36809777,0.00000000,-1.93203077,-0.43285774,15
2017-11-16,30.01757834,0.02717744,-0.03518866,-8.96946601,-0.68802578,20.36008655,20.36008655,0.00000000,-1.92619441,-0.45618926,15
2017-11-17,30.01757834,0.02457848,-0.04834939,-8.94488753,-0.73637517,20.33631563,20.33631563,0.00000000,-1.92091618,-0.48824689,15
2017-11-20,30.01757834,0.05103152,0.04358741,-8.89385601,-0.69278776,20.43093457,20.43093457,0.00000000,-1.90995715,-0.45934665,15
2017-11-21,30.01757834,-0.00952691,-0.10483785,-8.90338292,-0.79762562,20.31656981,20.31656981,0.00000000,-1.91200306,-0.52885844,15
2017-11-22,30.01757834,-0.05966300,-0.06907628,-8.96304591,-0.86670190,20.18783052,20.18783052,0.00000000,-1.92481570,-0.57465884,15
2017-11-24,30.01757834,-0.11663297,0.03556922,-9.07967888,-0.83113268,20.10676677,20.10676677,0.00000000,-1.94986265,-0.55107500,15
2017-11-27,30.01757834,0.11035050,0.01174840,-8.96932838,-0.81938429,20.22886567,20.22886567,0.00000000,-1.92616486,-0.54328533,15
2017-11-28,30.01757834,-0.09059362,-0.01939202,-9.05992200,-0.83877630,20.11888003,20.11888003,0.00000000,-1.94561985,-0.55614303,15
2017-11-29,30.01757834,-0.13248829,-0.06787210,-9.19241029,-0.90664840,19.91851965,19.91851965,0.00000000,-1.97407174,-0.60114501,15
2017-11-30,30.01757834,0.08707326,-0.02443053,-9.10533703,-0.93107893,19.98116238,19.98116238,0.00000000,-1.95537274,-0.61734345,15
2017-12-01,30.01757834,0.13025864,-0.06723738,-8.97507839,-0.99831631,20.04418364,20.04418364,0.00000000,-1.92739967,-0.66192459,15
2017-12-04,30.01757834,-0.20746707,-0.00727634,-9.18254546,-1.00559265,19.82944023,19.82944023,0.00000000,-1.97195326,-0.66674910,15
2017-12-05,30.01757834,0.00845321,0.03715899,-9.17409225,-0.96843367,19.87505242,19.87505242,0.00000000,-1.97013793,-0.64211117,15
2017-12-06,30.01757834,0.14987442,0.11119417,-9.02421783,-0.85723950,20.13612101,20.13612101,0.00000000,-1.93795238,-0.56838488,15
2017-12-07,30.01757834,-0.13161220,0.05509433,-9.15583003,-0.80214517,20.05960314,20.05960314,0.00000000,-1.96621612,-0.53185509,15
2017-12-08,30.01757834,-0.31864481,0.03287211,-9.47447484,-0.76927306,19.77383044,19.77383044,0.00000000,-2.03464515,-0.51005953,15
2017-12-11,30.01757834,-0.01571675,-0.03173377,-9.49019159,-0.80100683,19.72637992,19.72637992,0.00000000,-2.03802032,-0.53110032,15
2017-12-12,30.01757834,-0.10155701,-0.04960156,-9.59174860,-0.85060838,19.57522136,19.57522136,0.00000000,-2.05982971,-0.56398818,15
2017-12-13,30.01757834,0.04472404,-0.15460946,-9.54702455,-1.00521784,19.46533594,19.46533594,0.00000000,-2.05022521,-0.66650058,15
2017-12-14,30.01757834,0.18987084,0.01403103,-9.35715372,-0.99118682,19.66923781,19.66923781,0.00000000,-2.00945042,-0.65719744,15
2017-12-15,30.01757834,0.12981823,0.02715095,-9.22733548,-0.96403586,19.82620699,19.82620699,0.00000000,-1.98157193,-0.63919525,15
2017-12-18,30.01757834,-0.12007215,-0.09250682,-9.34740764,-1.05654269,19.61362802,19.61362802,0.00000000,-2.00735744,-0.70053106,15
2017-12-19,30.01757834,-0.01450033,0.02838398,-9.36190797,-1.02815871,19.62751166,19.62751166,0.00000000,-2.01047139,-0.68171132,15
2017-12-20,30.01757834,0.05707963,-0.04039170,-9.30482834,-1.06855041,19.64419959,19.64419959,-0.00000000,-1.99821353,-0.70849267,15
2017-12-21,30.01757834,-0.06020449,-0.02739308,-9.36503282,-1.09594349,19.55660203,19.55660203,0.00000000,-2.01114246,-0.72665540,15
2017-12-22,30.01757834,0.06546199,-0.06438168,-9.29957083,-1.16032517,19.55768234,19.55768234,0.00000000,-1.99708448,-0.76934309,15
2017-12-27,30.01757834,0.05466002,0.02633536,-9.24491081,-1.13398980,19.63867773,19.63867773,0.00000000,-1.98534623,-0.75188167,15
2017-12-28,30.01757834,0.03054881,0.01326602,-9.21436200,-1.12072379,19.68249255,19.68249255,0.00000000,-1.97878587,-0.74308576,15
2017-12-29,30.01757834,0.01843168,-0.01226565,-9.19593032,-1.13298943,19.68865858,19.68865858,0.00000000,-1.97482766,-0.75121838,15
2018-01-02,30.01757834,-0.35998657,0.01072990,-9.55591690,-1.12225953,19.33940191,19.33940191,0.00000000,-2.05213484,-0.74410402,15
2018-01-03,30.01757834,-0.05899743,-0.00680675,-9.61491433,-1.12906628,19.27359773,19.27359773,0.00000000,-2.06480455,-0.74861717,15
2018-01-04,30.01757834,-0.35354954,-0.02443188,-9.96846387,-1.15349816,18.89561631,18.89561631,0.00000000,-2.14072938,-0.76481651,15
2018-01-05,30.01757834,-0.05468162,-0.05272840,-10.02314549,-1.20622657,18.78820628,18.78820628,0.00000000,-2.15247227,-0.79977760,15
2018-01-08,30.01757834,-0.05969825,0.04200762,-10.08284373,-1.16421895,18.77051566,18.77051566,0.00000000,-2.16529248,-0.77192483,15
2018-01-09,30.01757834,-0.05143459,0.00758817,-10.13427832,-1.15663078,18.72666924,18.72666924,0.00000000,-2.17633806,-0.76689356,15
2018-01-10,30.01757834,-0.24988926,-0.00653377,-10.38416758,-1.16316455,18.47024621,18.47024621,0.00000000,-2.23000182,-0.77122572,15
2018-01-11,30.01757834,-0.09690337,-0.00543568,-10.48107095,-1.16860023,18.36790717,18.36790717,0.00000000,-2.25081184,-0.77482980,15
2018-01-12,30.01757834,-0.02860214,-0.04782178,-10.50967309,-1.21642201,18.29148324,18.29148324,0.00000000,-2.25695416,-0.80653760,15
2018-01-16,30.01757834,0.04446084,-0.17496197,-10.46521225,-1.39138398,18.16098211,18.16098211,0.00000000,-2.24740618,-0.92254454,15
2018-01-17,30.01757834,0.06547356,-0.03933913,-10.39973869,-1.43072311,18.18711654,18.18711654,0.00000000,-2.23334572,-0.94862800,15
2018-01-18,30.01757834,-0.01564200,-0.06907444,-10.41538069,-1.49979755,18.10240010,18.10240010,0.00000000,-2.23670485,-0.99442718,15
2018-01-19,30.01757834,-0.03092837,-0.04809518,-10.44630906,-1.54789273,18.02337655,18.02337655,0.00000000,-2.24334672,-1.02631625,15
2018-01-22,30.01757834,-0.12817716,0.05194392,-10.57448622,-1.49594881,17.94714331,17.94714331,0.00000000,-2.27087279,-0.99187531,15
2018-01-23,30.01757834,-0.02287431,-0.13017421,-10.59736053,-1.62612302,17.79409479,17.79409479,0.00000000,-2.27578505,-1.07818614,15
2018-01-24,30.01757834,0.04251334,-0.01616930,-10.55484719,-1.64229232,17.82043883,17.82043883,0.00000000,-2.26665530,-1.08890705,15
2018-01-25,30.01757834,-0.08569500,0.12843934,-10.64054219,-1.51385299,17.86318316,17.86318316,0.00000000,-2.28505832,-1.00374651,15
2018-01-26,30.01757834,-0.06269612,-0.10268697,-10.70323831,-1.61653995,17.69780008,17.69780008,0.00000000,-2.29852232,-1.07183217,15
2018-01-29,30.01757834,-0.00189909,-0.04216318,-10.70513740,-1.65870313,17.65373781,17.65373781,0.00000000,-2.29893015,-1.09978809,15
2018-01-30,30.01757834,0.21248744,0.07464478,-10.49264996,-1.58405835,17.94087003,17.94087003,0.00000000,-2.25329844,-1.05029554,15
2018-01-31,30.01757834,0.01350750,-0.00227031,-10.47914246,-1.58632866,17.95210722,17.95210722,0.00000000,-2.25039770,-1.05180085,15
2018-02-01,30.01757834,-0.05696910,-0.07273532,-10.53611157,-1.65906398,17.82240280,17.82240280,0.00000000,-2.26263182,-1.10002734,15
2018-02-02,30.01757834,0.17718180,0.04101588,-10.35892976,-1.61804810,18.04060048,18.04060048,0.00000000,-2.22458200,-1.07283214,15
2018-02-05,30.01757834,0.20734854,0.12347138,-10.15158122,-1.49457672,18.37142040,18.37142040,0.00000000,-2.18005386,-0.99096556,15
2018-02-06,30.01757834,0.37298161,0.18883678,-9.77859961,-1.30573995,18.93323879,18.93323879,0.00000000,-2.09995600,-0.86575904,15
2018-02-07,30.01757834,-0.18576921,0.10325121,-9.96436882,-1.20248874,18.85072078,18.85072078,0.00000000,-2.13984997,-0.79729927,15
2018-02-08,30.01757834,0.09589987,0.04394548,-9.86846895,-1.15854326,18.99056614,18.99056614,0.00000000,-2.11925545,-0.76816161,15
2018-02-09,30.01757834,0.22805974,0.09306811,-9.64040921,-1.06547515,19.31169398,19.31169398,0.00000000,-2.07027958,-0.70645365,15
2018-02-12,30.01757834,-0.09178245,0.01250368,-9.73219166,-1.05297147,19.23241521,19.23241521,0.00000000,-2.08998988,-0.69816320,15
2018-02-13,30.01757834,0.01938146,-0.02650113,-9.71281020,-1.07947260,19.22529554,19.22529554,0.00000000,-2.08582771,-0.71573453,15
2018-02-14,30.01757834,-0.00085531,-0.16119428,-9.71366551,-1.24066687,19.06324595,19.06324595,0.00000000,-2.08601139,-0.82261293,15
2018-02-15,30.01757834,-0.10330108,-0.12203456,-9.81696660,-1.36270143,18.83791031,18.83791031,0.00000000,-2.10819531,-0.90352684,15
2018-02-16,30.01757834,-0.06179154,0.00605532,-9.87875813,-1.35664612,18.78217409,18.78217409,0.00000000,-2.12146506,-0.89951192,15
2018-02-20,30.01757834,-0.07001085,0.06132481,-9.94876898,-1.29532131,18.77348805,18.77348805,0.00000000,-2.13649990,-0.85885106,15
2018-02-21,30.01757834,-0.06598418,-0.02595598,-10.01475316,-1.32127729,18.68154789,18.68154789,0.00000000,-2.15067001,-0.87606094,15
2018-02-22,30.01757834,-0.00790336,0.09123191,-10.02265652,-1.23004537,18.76487645,18.76487645,0.00000000,-2.15236726,-0.81557044,15
2018-02-23,30.01757834,0.01766335,-0.08379755,-10.00499317,-1.31384293,18.69874224,18.69874224,0.00000000,-2.14857405,-0.87113165,15
2018-02-26,30.01757834,-0.01879654,-0.04401869,-10.02378971,-1.35786161,18.63592701,18.63592701,0.00000000,-2.15261061,-0.90031784,15
2018-02-27,30.01757834,-0.12232662,0.09183555,-10.14611634,-1.26602606,18.60543594,18.60543594,0.00000000,-2.17888028,-0.83942711,15
2018-02-28,30.01757834,0.12666969,0.11000461,-10.01944664,-1.15602146,18.84211024,18.84211024,0.00000000,-2.15167794,-0.76648956,15
2018-03-01,30.01757834,0.16783106,0.03893343,-9.85161559,-1.11708803,19.04887472,19.04887472,0.00000000,-2.11563619,-0.74067510,15
2018-03-02,30.01757834,0.29193218,0.02987943,-9.55968341,-1.08720860,19.37068633,19.37068633,0.00000000,-2.05294370,-0.72086381,15
2018-03-05,30.01757834,0.09672162,0.05704350,-9.46296179,-1.03016510,19.52445145,19.52445145,0.00000000,-2.03217272,-0.68304164,15
2018-03-06,30.01757834,-0.14333083,-0.08041052,-9.60629262,-1.11057562,19.30071009,19.30071009,0.00000000,-2.06295304,-0.73635711,15
2018-03-07,30.01757834,0.05347379,0.05414322,-9.55281883,-1.05643240,19.40832711,19.40832711,0.00000000,-2.05146953,-0.70045793,15
2018-03-08,30.01757834,-0.03948030,-0.03771178,-9.59229913,-1.09414418,19.33113502,19.33113502,0.00000000,-2.05994794,-0.72546239,15
2018-03-09,30.01757834,-0.01791630,-0.06615992,-9.61021543,-1.16030410,19.24705881,19.24705881,0.00000000,-2.06379546,-0.76932912,15
2018-03-12,30.01757834,-0.06447728,-0.12370430,-9.67469271,-1.28400840,19.05887723,19.05887723,0.00000000,-2.07764197,-0.85135014,15
2018-03-13,30.01757834,0.07746816,-0.05617188,-9.59722455,-1.34018028,19.08017351,19.08017351,0.00000000,-2.06100567,-0.88859440,15
2018-03-14,30.01757834,0.18604974,0.03723166,-9.41117481,-1.30294862,19.30345491,19.30345491,0.00000000,-2.02105146,-0.86390828,15
2018-03-15,30.01757834,-0.02247880,0.04688095,-9.43365361,-1.25606767,19.32785706,19.32785706,0.00000000,-2.02587878,-0.83282429,15
2018-03-16,30.01757834,-0.07519186,0.05850048,-9.50884548,-1.19756719,19.31116567,19.31116567,0.00000000,-2.04202625,-0.79403608,15
2018-03-19,30.01757834,0.10620852,0.03479608,-9.40263696,-1.16277111,19.45217027,19.45217027,0.00000000,-2.01921795,-0.77096485,15
2018-03-20,30.01757834,0.00325329,0.01952243,-9.39938367,-1.14324868,19.47494599,19.47494599,0.00000000,-2.01851931,-0.75802068,15
2018-03-21,30.01757834,0.06722577,-0.01828784,-9.33215790,-1.16153652,19.52388391,19.52388391,0.00000000,-2.00408256,-0.77014627,15
2018-03-22,30.01757834,0.28655334,0.03589338,-9.04560456,-1.12564314,19.84633063,19.84633063,0.00000000,-1.94254518,-0.74634749,15
2018-03-23,30.01757834,0.27196224,0.16211240,-8.77364232,-0.96353075,20.28040527,20.28040527,0.00000000,-1.88414124,-0.63886033,15
2018-03-26,30.01757834,0.01398130,-0.10413646,-8.75966102,-1.06766720,20.19025012,20.19025012,0.00000000,-1.88113875,-0.70790707,15
2018-03-27,30.01757834,-0.13453404,-0.04199593,-8.89419505,-1.10966314,20.01372015,20.01372015,0.00000000,-1.91002996,-0.73575209,15
2018-03-28,30.01757834,-0.00238631,0.08845135,-8.89658137,-1.02121179,20.09978518,20.09978518,0.00000000,-1.91054242,-0.67710523,15
2018-03-29,30.01757834,0.00725527,-0.01521807,-8.88932610,-1.03642986,20.09182238,20.09182238,0.00000000,-1.90898435,-0.68719543,15
2018-04-03,30.01757834,0.11482459,0.00026116,-8.77450151,-1.03616870,20.20690813,20.20690813,0.00000000,-1.88432575,-0.68702227,15
2018-04-04,30.01757834,0.06807188,0.09831316,-8.70642962,-0.93785554,20.37329318,20.37329318,0.00000000,-1.86970730,-0.62183662,15
2018-04-05,30.01757834,-0.32209302,0.00511421,-9.02852265,-0.93274133,20.05631436,20.05631436,0.00000000,-1.93887684,-0.61844569,15
2018-04-06,30.01757834,0.15369258,0.00894328,-8.87483006,-0.92379805,20.21895023,20.21895023,0.00000000,-1.90587133,-0.61251593,15
2018-04-09,30.01757834,-0.01955319,-0.07603876,-8.89438326,-0.99983681,20.12335827,20.12335827,0.00000000,-1.91007038,-0.66293274,15
2018-04-10,30.01757834,-0.10591113,-0.07833978,-9.00029439,-1.07817659,19.93910736,19.93910736,0.00000000,-1.93281481,-0.71487522,15
2018-04-11,30.01757834,0.04456364,0.01973681,-8.95573075,-1.05843977,20.00340781,20.00340781,0.00000000,-1.92324476,-0.70178891,15
2018-04-12,30.01757834,-0.10380599,0.01968419,-9.05953674,-1.03875559,19.91928601,19.91928601,0.00000000,-1.94553712,-0.68873748,15
2018-04-13,30.01757834,-0.02169085,-0.00583761,-9.08122759,-1.04459320,19.89175755,19.89175755,0.00000000,-1.95019523,-0.69260806,15
2018-04-16,30.01757834,0.01555832,0.08022750,-9.06566927,-0.96436569,19.98754338,19.98754338,0.00000000,-1.94685408,-0.63941394,15
2018-04-17,30.01757834,-0.01357715,0.06618969,-9.07924642,-0.89817600,20.04015592,20.04015592,0.00000000,-1.94976978,-0.59552746,15
2018-04-18,30.01757834,-0.04093535,-0.01722265,-9.12018177,-0.91539865,19.98199792,19.98199792,0.00000000,-1.95856065,-0.60694678,15
2018-04-19,30.01757834,-0.14235730,-0.11206709,-9.26253907,-1.02746574,19.72757352,19.72757352,0.00000000,-1.98913190,-0.68125185,15
2018-04-20,30.01757834,-0.12012769,0.07966536,-9.38266676,-0.94780038,19.68711120,19.68711120,0.00000000,-2.01492935,-0.62843046,15
2018-04-23,30.01757834,-0.09184768,0.00716170,-9.47451444,-0.94063868,19.60242521,19.60242521,0.00000000,-2.03465365,-0.62368196,15
2018-04-24,30.01757834,-0.03303631,-0.10622019,-9.50755075,-1.04685887,19.46316872,19.46316872,0.00000000,-2.04174821,-0.69411029,15
2018-04-25,30.01757834,0.11645867,-0.01179421,-9.39109208,-1.05865309,19.56783318,19.56783318,0.00000000,-2.01673869,-0.70193034,15
2018-04-26,30.01757834,0.03866382,0.02626517,-9.35242825,-1.03238791,19.63276217,19.63276217,0.00000000,-2.00843562,-0.68451546,15
2018-04-27,30.01757834,-0.04268946,0.05323956,-9.39511771,-0.97914835,19.64331227,19.64331227,0.00000000,-2.01760319,-0.64921545,15
2018-04-30,30.01757834,-0.02009828,-0.07018074,-9.41521599,-1.04932909,19.55303325,19.55303325,0.00000000,-2.02191930,-0.69574815,15
2018-05-01,30.01757834,0.01998945,0.06974789,-9.39522654,-0.97958121,19.64277060,19.64277060,0.00000000,-2.01762656,-0.64950245,15
2018-05-02,30.01757834,0.03408707,0.04436951,-9.36113946,-0.93521169,19.72122718,19.72122718,0.00000000,-2.01030636,-0.62008364,15
2018-05-03,30.01757834,0.21147187,0.01460007,-9.14966760,-0.92061162,19.94729912,19.94729912,0.00000000,-1.96489274,-0.61040320,15
2018-05-04,30.01757834,0.10416074,0.02802057,-9.04550686,-0.89259105,20.07948043,20.07948043,0.00000000,-1.94252420,-0.59182441,15
2018-05-07,30.01757834,0.00980181,-0.01321872,-9.03570505,-0.90580977,20.07606352,20.07606352,0.00000000,-1.94041926,-0.60058896,15
2018-05-08,30.01757834,0.02275675,-0.10330152,-9.01294830,-1.00911129,19.99551875,19.99551875,0.00000000,-1.93553224,-0.66908210,15
2018-05-09,30.01757834,-0.10450973,-0.02354604,-9.11745803,-1.03265732,19.86746298,19.86746298,0.00000000,-1.95797573,-0.68469408,15
2018-05-10,30.01757834,-0.07946702,-0.00289977,-9.19692505,-1.03555709,19.78509620,19.78509620,0.00000000,-1.97504128,-0.68661675,15
2018-05-11,30.01757834,-0.04901558,-0.03806802,-9.24594063,-1.07362511,19.69801260,19.69801260,0.00000000,-1.98556739,-0.71185740,15
2018-05-14,30.01757834,0.03070967,-0.08447438,-9.21523096,-1.15809949,19.64424789,19.64424789,0.00000000,-1.97897248,-0.76786738,15
2018-05-15,30.01757834,-0.07582365,0.02917511,-9.29105461,-1.12892438,19.59759935,19.59759935,0.00000000,-1.99525562,-0.74852309,15
2018-05-16,30.01757834,0.12966120,0.03409492,-9.16139341,-1.09482946,19.76135546,19.76135546,0.00000000,-1.96741086,-0.72591676,15
2018-05-17,30.01757834,-0.00063898,0.03935779,-9.16203240,-1.05547168,19.80007427,19.80007427,0.00000000,-1.96754808,-0.69982094,15
2018-05-18,30.01757834,0.14137677,0.01039483,-9.02065563,-1.04507685,19.95184587,19.95184587,0.00000000,-1.93718739,-0.69292874,15
2018-05-21,30.01757834,-0.04623330,0.00458756,-9.06688893,-1.04048929,19.91020013,19.91020013,0.00000000,-1.94711600,-0.68988700,15
2018-05-22,30.01757834,-0.18218619,0.03682979,-9.24907512,-1.00365950,19.76484372,19.76484372,0.00000000,-1.98624052,-0.66546734,15
2018-05-23,30.01757834,0.12067803,0.06993774,-9.12839709,-0.93372176,19.95545950,19.95545950,0.00000000,-1.96032489,-0.61909575,15
2018-05-24,30.01757834,0.22047178,-0.00187972,-8.90792530,-0.93560148,20.17405156,20.17405156,0.00000000,-1.91297853,-0.62034209,15
2018-05-25,30.01757834,0.12481741,0.02344242,-8.78310790,-0.91215906,20.32231138,20.32231138,0.00000000,-1.88617397,-0.60479880,15
2018-05-29,30.01757834,0.57110187,0.03904952,-8.21200603,-0.87310954,20.93246277,20.93246277,0.00000000,-1.76352975,-0.57890737,15
2018-05-30,30.01757834,0.31271222,0.10185852,-7.89929381,-0.77125102,21.34703351,21.34703351,0.00000000,-1.69637474,-0.51137100,15
2018-05-31,30.01757834,0.13711572,-0.00931465,-7.76217809,-0.78056567,21.47483458,21.47483458,0.00000000,-1.66692912,-0.51754700,15
2018-06-01,30.01757834,-0.24230136,-0.03646295,-8.00447945,-0.81702863,21.19607027,21.19607027,0.00000000,-1.71896338,-0.54172343,15
2018-06-04,30.01757834,-0.10407523,-0.10925814,-8.10855468,-0.92628677,20.98273689,20.98273689,0.00000000,-1.74131355,-0.61416605,15
2018-06-05,30.01757834,0.25638735,-0.04107926,-7.85216733,-0.96736603,21.19804498,21.19804498,0.00000000,-1.68625432,-0.64140328,15
2018-06-06,30.01757834,-0.08155465,0.00399468,-7.93372198,-0.96337135,21.12048501,21.12048501,0.00000000,-1.70376820,-0.63875464,15
2018-06-07,30.01757834,-0.08403563,-0.08586312,-8.01775761,-1.04923446,20.95058626,20.95058626,0.00000000,-1.72181487,-0.69568541,15
2018-06-08,30.01757834,0.14890151,0.03914418,-7.86885611,-1.01009028,21.13863195,21.13863195,0.00000000,-1.68983824,-0.66973121,15
2018-06-11,30.01757834,-0.22697933,0.06441313,-8.09583544,-0.94567715,20.97606575,20.97606575,0.00000000,-1.73858209,-0.62702267,15
2018-06-12,30.01757834,0.02185312,0.00734866,-8.07398232,-0.93832849,21.00526753,21.00526753,0.00000000,-1.73388913,-0.62215021,15
2018-06-13,30.01757834,0.11680002,0.01300307,-7.95718230,-0.92532542,21.13507062,21.13507062,0.00000000,-1.70880631,-0.61352864,15
2018-06-14,30.01757834,-0.01584093,0.08868467,-7.97302323,-0.83664075,21.20791436,21.20791436,0.00000000,-1.71220815,-0.55472707,15
2018-06-15,30.01757834,0.24879512,-0.00215480,-7.72422812,-0.83879554,21.45455468,21.45455468,0.00000000,-1.65877935,-0.55615579,15
2018-06-18,30.01757834,0.06244427,0.00715449,-7.66178384,-0.83164105,21.52415344,21.52415344,0.00000000,-1.64536944,-0.55141207,15
2018-06-19,30.01757834,0.05470262,0.17574526,-7.60708122,-0.65589579,21.75460132,21.75460132,0.00000000,-1.63362204,-0.43488576,15
2018-06-20,30.01757834,0.02934354,0.00712888,-7.57773769,-0.64876692,21.79107373,21.79107373,0.00000000,-1.62732051,-0.43015903,15
2018-06-21,30.01757834,0.14958629,0.07463722,-7.42815140,-0.57412970,22.01529724,22.01529724,0.00000000,-1.59519683,-0.38067150,15
2018-06-22,30.01757834,-0.12836750,0.06397133,-7.55651890,-0.51015837,21.95090107,21.95090107,0.00000000,-1.62276377,-0.33825588,15
2018-06-25,30.01757834,0.24011635,0.00255158,-7.31640255,-0.50760679,22.19356900,22.19356900,0.00000000,-1.57119874,-0.33656409,15
2018-06-26,30.01757834,0.04315303,-0.02282955,-7.27324952,-0.53043635,22.21389248,22.21389248,0.00000000,-1.56193162,-0.35170102,15
2018-06-27,30.01757834,0.00950625,0.11081103,-7.26374327,-0.41962531,22.33420976,22.33420976,0.00000000,-1.55989015,-0.27822876,15
2018-06-28,30.01757834,0.02209836,-0.04025277,-7.24164491,-0.45987808,22.31605535,22.31605535,0.00000000,-1.55514453,-0.30491800,15
2018-06-29,30.01757834,-0.05128411,-0.08390906,-7.29292902,-0.54378714,22.18086219,22.18086219,0.00000000,-1.56615780,-0.36055314,15
2018-07-02,30.01757834,0.05719550,-0.01115203,-7.23573351,-0.55493917,22.22690566,22.22690566,0.00000000,-1.55387505,-0.36794739,15
2018-07-03,30.01757834,-0.01506049,0.16446184,-7.25079400,-0.39047733,22.37630701,22.37630701,0.00000000,-1.55710929,-0.25890245,15
2018-07-05,30.01757834,-0.13081500,0.19612281,-7.38160900,-0.19435452,22.44161482,22.44161482,0.00000000,-1.58520184,-0.12886500,15
2018-07-06,30.01757834,0.00799089,-0.02601827,-7.37361811,-0.22037279,22.42358743,22.42358743,0.00000000,-1.58348579,-0.14611618,15
2018-07-09,30.01757834,-0.12489831,-0.07261853,-7.49851642,-0.29299132,22.22607059,22.22607059,0.00000000,-1.61030773,-0.19426524,15
2018-07-10,30.01757834,0.08652915,-0.07034026,-7.41198727,-0.36333158,22.24225949,22.24225949,0.00000000,-1.59172558,-0.24090371,15
2018-07-11,30.01757834,0.24400675,0.03809639,-7.16798052,-0.32523519,22.52436262,22.52436262,0.00000000,-1.53932509,-0.21564425,15
2018-07-12,30.01757834,0.03528432,-0.06889071,-7.13269620,-0.39412590,22.49075624,22.49075624,0.00000000,-1.53174777,-0.26132161,15
2018-07-13,30.01757834,-0.03615681,0.02794439,-7.16885301,-0.36618151,22.48254382,22.48254382,0.00000000,-1.53951245,-0.24279333,15
2018-07-16,30.01757834,-0.10474471,-0.02643889,-7.27359772,-0.39262040,22.35136022,22.35136022,0.00000000,-1.56200640,-0.26032340,15
2018-07-17,30.01757834,0.03246846,-0.02182345,-7.24112926,-0.41444385,22.36200523,22.36200523,0.00000000,-1.55503379,-0.27479324,15
2018-07-18,30.01757834,-0.04598380,0.02360676,-7.28711306,-0.39083709,22.33962819,22.33962819,0.00000000,-1.56490882,-0.25914099,15
2018-07-19,30.01757834,0.05679756,0.01278011,-7.23031550,-0.37805698,22.40920586,22.40920586,0.00000000,-1.55271153,-0.25066726,15
2018-07-20,30.01757834,0.00994286,-0.09724547,-7.22037263,-0.47530245,22.32190325,22.32190325,0.00000000,-1.55057630,-0.31514498,15
2018-07-23,30.01757834,-0.11393556,-0.14865798,-7.33430820,-0.62396043,22.05930971,22.05930971,0.00000000,-1.57504398,-0.41371131,15
2018-07-24,30.01757834,-0.28397398,-0.07072826,-7.61828217,-0.69468869,21.70460748,21.70460748,0.00000000,-1.63602744,-0.46060704,15
2018-07-25,30.01757834,0.10047568,-0.05423783,-7.51780650,-0.74892652,21.75084532,21.75084532,0.00000000,-1.61445028,-0.49656894,15
2018-07-26,30.01757834,-0.11233696,0.03422802,-7.63014346,-0.71469849,21.67273639,21.67273639,0.00000000,-1.63857466,-0.47387436,15
2018-07-27,30.01757834,-0.17558295,0.02446556,-7.80572641,-0.69023293,21.52161899,21.52161899,0.00000000,-1.67628113,-0.45765269,15
2018-07-30,30.01757834,-0.07269127,-0.04619879,-7.87841768,-0.73643173,21.40272893,21.40272893,0.00000000,-1.69189159,-0.48828439,15
2018-07-31,30.01757834,-0.05591938,0.08192407,-7.93433706,-0.65450766,21.42873362,21.42873362,0.00000000,-1.70390029,-0.43396538,15
2018-08-01,30.01757834,0.03893317,-0.06504141,-7.89540389,-0.71954908,21.40262538,21.40262538,0.00000000,-1.69553938,-0.47709050,15
2018-08-02,30.01757834,0.15819861,0.05509674,-7.73720528,-0.66445233,21.61592073,21.61592073,0.00000000,-1.66156620,-0.44055910,15
2018-08-03,30.01757834,-0.16811516,0.08660134,-7.90532044,-0.57785099,21.53440691,21.53440691,0.00000000,-1.69766896,-0.38313887,15
2018-08-06,30.01757834,-0.00537746,0.05530601,-7.91069790,-0.52254498,21.58433546,21.58433546,0.00000000,-1.69882377,-0.34646872,15
2018-08-07,30.01757834,-0.08270946,-0.01308073,-7.99340736,-0.53562571,21.48854527,21.48854527,0.00000000,-1.71658565,-0.35514177,15
2018-08-08,30.01757834,-0.02355339,-0.00214740,-8.01696076,-0.53777311,21.46284447,21.46284447,0.00000000,-1.72164374,-0.35656559,15
2018-08-09,30.01757834,0.07247842,-0.00724023,-7.94448233,-0.54501334,21.52808266,21.52808266,0.00000000,-1.70607899,-0.36136616,15
2018-08-10,30.01757834,0.33931591,0.02964975,-7.60516642,-0.51536359,21.89704833,21.89704833,0.00000000,-1.63321083,-0.34170716,15
2018-08-13,30.01757834,0.19689030,0.11466504,-7.40827612,-0.40069855,22.20860367,22.20860367,0.00000000,-1.59092861,-0.26567955,15
2018-08-14,30.01757834,0.12728305,-0.07636843,-7.28099306,-0.47706698,22.25951830,22.25951830,0.00000000,-1.56359455,-0.31631494,15
2018-08-15,30.01757834,0.17940407,0.02949715,-7.10158900,-0.44756983,22.46841952,22.46841952,0.00000000,-1.52506749,-0.29675712,15
2018-08-16,30.01757834,-0.10641698,-0.00568168,-7.20800597,-0.45325151,22.35632086,22.35632086,0.00000000,-1.54792056,-0.30052431,15
2018-08-17,30.01757834,0.06061625,-0.09896822,-7.14738973,-0.55221973,22.31796889,22.31796889,0.00000000,-1.53490321,-0.36614429,15
2018-08-20,30.01757834,-0.05098683,-0.03369741,-7.19837656,-0.58591714,22.23328464,22.23328464,0.00000000,-1.54585264,-0.38848705,15
2018-08-21,30.01757834,-0.10330603,0.00617411,-7.30168259,-0.57974303,22.13615272,22.13615272,0.00000000,-1.56803763,-0.38439336,15
2018-08-22,30.01757834,-0.12522750,-0.00407438,-7.42691009,-0.58381741,22.00685084,22.00685084,0.00000000,-1.59493026,-0.38709484,15
2018-08-23,30.01757834,0.07009496,0.02047238,-7.35681514,-0.56334503,22.09741818,22.09741818,0.00000000,-1.57987735,-0.37352082,15
2018-08-24,30.01757834,-0.00348715,-0.00298506,-7.36030228,-0.56633008,22.09094598,22.09094598,0.00000000,-1.58062622,-0.37550003,15
2018-08-27,30.01757834,-0.11647682,-0.13010425,-7.47677910,-0.69643433,21.84436490,21.84436490,0.00000000,-1.60563964,-0.46176448,15
2018-08-28,30.01757834,0.03773469,-0.01073707,-7.43904441,-0.70717140,21.87136252,21.87136252,0.00000000,-1.59753610,-0.46888359,15
2018-08-29,30.01757834,0.03776100,-0.05388356,-7.40128342,-0.76105497,21.85523996,21.85523996,0.00000000,-1.58942692,-0.50461060,15
2018-08-30,30.01757834,0.16805728,0.03588496,-7.23322614,-0.72517001,22.05918219,22.05918219,0.00000000,-1.55333659,-0.48081741,15
2018-08-31,30.01757834,0.16567237,0.05526629,-7.06755377,-0.66990372,22.28012085,22.28012085,0.00000000,-1.51775842,-0.44417360,15
2018-09-04,30.01757834,-0.19745123,0.04895383,-7.26500500,-0.62094989,22.13162345,22.13162345,0.00000000,-1.56016111,-0.41171520,15
2018-09-05,30.01757834,-0.09406134,0.12671680,-7.35906634,-0.49423309,22.16427890,22.16427890,0.00000000,-1.58036080,-0.32769678,15
2018-09-06,30.01757834,0.08549701,0.01273104,-7.27356933,-0.48150205,22.26250695,22.26250695,0.00000000,-1.56200030,-0.31925558,15
2018-09-07,30.01757834,0.16530564,-0.00355503,-7.10826369,-0.48505709,22.42425756,22.42425756,0.00000000,-1.52650089,-0.32161271,15
2018-09-10,30.01757834,-0.06149864,0.06097422,-7.16976233,-0.42408287,22.42373314,22.42373314,0.00000000,-1.53970773,-0.28118431,15
2018-09-11,30.01757834,0.02503838,0.03659049,-7.14472395,-0.38749238,22.48536201,22.48536201,0.00000000,-1.53433073,-0.25692331,15
2018-09-12,30.01757834,0.09904393,0.08883236,-7.04568002,-0.29866002,22.67323830,22.67323830,0.00000000,-1.51306103,-0.19802382,15
2018-09-13,30.01757834,-0.15827569,-0.11611024,-7.20395571,-0.41477025,22.39885237,22.39885237,0.00000000,-1.54705076,-0.27500966,15
2018-09-14,30.01757834,-0.07730527,-0.03038274,-7.28126098,-0.44515300,22.29116436,22.29116436,0.00000000,-1.56365208,-0.29515466,15
2018-09-17,30.01757834,-0.07007332,0.05774228,-7.35133430,-0.38741072,22.27883332,22.27883332,0.00000000,-1.57870034,-0.25686917,15
2018-09-18,30.01757834,0.01636475,-0.09762332,-7.33496955,-0.48503404,22.19757474,22.19757474,0.00000000,-1.57518601,-0.32159743,15
2018-09-19,30.01757834,-0.33970034,-0.05505680,-7.67466989,-0.54009084,21.80281761,21.80281761,0.00000000,-1.64813672,-0.35810234,15
2018-09-20,30.01757834,-0.29241336,-0.01560998,-7.96708325,-0.55570082,21.49479427,21.49479427,0.00000000,-1.71093254,-0.36845239,15
2018-09-21,30.01757834,-0.12058693,-0.08163453,-8.08767018,-0.63733535,21.29257281,21.29257281,0.00000000,-1.73682860,-0.42257943,15
2018-09-24,30.01757834,0.12902444,0.04417758,-7.95864574,-0.59315777,21.46577483,21.46577483,0.00000000,-1.70912058,-0.39328789,15
2018-09-25,30.01757834,-0.04001527,-0.00634741,-7.99866101,-0.59950518,21.41941216,21.41941216,0.00000000,-1.71771387,-0.39749648,15
2018-09-26,30.01757834,0.00271996,0.02863717,-7.99594105,-0.57086801,21.45076928,21.45076928,0.00000000,-1.71712975,-0.37850886,15
2018-09-27,30.01757834,0.00632667,0.06967113,-7.98961437,-0.50119688,21.52676709,21.52676709,0.00000000,-1.71577110,-0.33231405,15
2018-09-28,30.01757834,0.39857826,-0.08806810,-7.59103611,-0.58926498,21.83727724,21.83727724,0.00000000,-1.63017635,-0.39070681,15
2018-10-01,30.01757834,0.23034979,-0.09645022,-7.36068633,-0.68571521,21.97117681,21.97117681,0.00000000,-1.58070869,-0.45465726,15
2018-10-02,30.01757834,-0.00120744,0.12672345,-7.36189377,-0.55899175,22.09669282,22.09669282,0.00000000,-1.58096799,-0.37063442,15
2018-10-03,30.01757834,-0.16064021,0.09393682,-7.52253398,-0.46505494,22.02998942,22.02998942,0.00000000,-1.61546550,-0.30835046,15
2018-10-04,30.01757834,-0.10197021,0.03349044,-7.62450419,-0.43156450,21.96150964,21.96150964,0.00000000,-1.63736362,-0.28614493,15
2018-10-05,30.01757834,0.12281614,-0.03744470,-7.50168806,-0.46900920,22.04688108,22.04688108,0.00000000,-1.61098884,-0.31097230,15
2018-10-08,30.01757834,0.22785050,-0.03854357,-7.27383755,-0.50755277,22.23618801,22.23618801,0.00000000,-1.56205790,-0.33652827,15
2018-10-09,30.01757834,0.00093427,0.02319977,-7.27290329,-0.48435300,22.26032205,22.26032205,0.00000000,-1.56185727,-0.32114587,15
2018-10-10,30.01757834,0.02363402,0.02146883,-7.24926927,-0.46288417,22.30542490,22.30542490,0.00000000,-1.55678186,-0.30691116,15
2018-10-11,30.01757834,0.36289852,0.21552777,-6.88637075,-0.24735641,22.88385119,22.88385119,0.00000000,-1.47884934,-0.16400742,15
2018-10-12,30.01757834,0.11319660,-0.08352604,-6.77317414,-0.33088244,22.91352176,22.91352176,0.00000000,-1.45454035,-0.21938861,15
2018-10-15,30.01757834,0.08674779,0.13498144,-6.68642635,-0.19590100,23.13525098,23.13525098,0.00000000,-1.43591124,-0.12989039,15
2018-10-16,30.01757834,-0.07523525,-0.07289651,-6.76166160,-0.26879751,22.98711923,22.98711923,0.00000000,-1.45206803,-0.17822375,15
2018-10-17,30.01757834,0.01369167,-0.07727311,-6.74796993,-0.34607062,22.92353779,22.92353779,0.00000000,-1.44912774,-0.22945899,15
2018-10-18,30.01757834,0.16175253,-0.00565097,-6.58621740,-0.35172159,23.07963935,23.07963935,0.00000000,-1.41439135,-0.23320581,15
2018-10-19,30.01757834,0.17970173,-0.09960646,-6.40651567,-0.45132804,23.15973463,23.15973463,0.00000000,-1.37580037,-0.29924897,15
2018-10-22,30.01757834,0.18135869,-0.09231779,-6.22515697,-0.54364583,23.24877553,23.24877553,0.00000000,-1.33685356,-0.36045945,15
2018-10-23,30.01757834,0.30027231,0.10249102,-5.92488466,-0.44115481,23.65153886,23.65153886,0.00000000,-1.27237003,-0.29250370,15
2018-10-24,30.01757834,0.38005629,-0.01375525,-5.54482837,-0.45491007,24.01783990,24.01783990,0.00000000,-1.19075287,-0.30162400,15
2018-10-25,30.01757834,-0.14266160,0.03867878,-5.68748997,-0.41623129,23.91385708,23.91385708,0.00000000,-1.22138948,-0.27597839,15
2018-10-26,30.01757834,0.18482148,-0.01949746,-5.50266849,-0.43572875,24.07918110,24.07918110,0.00000000,-1.18169903,-0.28890600,15
2018-10-29,30.01757834,-0.22762957,0.04425475,-5.73029805,-0.39147399,23.89580629,23.89580629,0.00000000,-1.23058252,-0.25956329,15
2018-10-30,30.01757834,0.19557280,-0.14539194,-5.53472526,-0.53686594,23.94598715,23.94598715,0.00000000,-1.18858323,-0.35596410,15
2018-10-31,30.01757834,-0.28781865,-0.04918994,-5.82254390,-0.58605587,23.60897856,23.60897856,0.00000000,-1.25039233,-0.38857904,15
2018-11-01,30.01757834,-0.14074266,0.01151869,-5.96328656,-0.57453718,23.47975460,23.47975460,0.00000000,-1.28061684,-0.38094167,15
2018-11-02,30.01757834,-0.25570443,-0.04588464,-6.21899099,-0.62042182,23.17816553,23.17816553,0.00000000,-1.33552941,-0.41136507,15
2018-11-05,30.01757834,0.04470713,0.05342142,-6.17428385,-0.56700041,23.27629408,23.27629408,0.00000000,-1.32592855,-0.37594448,15
2018-11-06,30.01757834,0.08027099,-0.05538355,-6.09401287,-0.62238396,23.30118151,23.30118151,0.00000000,-1.30869034,-0.41266605,15
2018-11-07,30.01757834,-0.04359141,-0.02242460,-6.13760428,-0.64480856,23.23516550,23.23516550,0.00000000,-1.31805160,-0.42753447,15
2018-11-08,30.01757834,-0.16433203,-0.01866464,-6.30193631,-0.66347320,23.05216884,23.05216884,0.00000000,-1.35334194,-0.43990989,15
2018-11-09,30.01757834,0.20165178,0.08767772,-6.10028453,-0.57579548,23.34149833,23.34149833,0.00000000,-1.31003718,-0.38177598,15
2018-11-12,30.01757834,0.25877827,0.04685298,-5.84150626,-0.52894250,23.64712958,23.64712958,0.00000000,-1.25446450,-0.35071053,15
2018-11-13,30.01757834,-0.23071743,0.10428970,-6.07222369,-0.42465280,23.52070185,23.52070185,0.00000000,-1.30401111,-0.28156219,15
2018-11-14,30.01757834,0.08776395,-0.01110948,-5.98445975,-0.43576228,23.59735631,23.59735631,0.00000000,-1.28516379,-0.28892823,15
2018-11-15,30.01757834,0.07927515,0.01095362,-5.90518460,-0.42480866,23.68758509,23.68758509,0.00000000,-1.26813944,-0.28166553,15
2018-11-16,30.01757834,0.10690857,-0.03708790,-5.79827603,-0.46189656,23.75740575,23.75740575,0.00000000,-1.24518080,-0.30625633,15
2018-11-19,30.01757834,-0.00312044,0.04682903,-5.80139647,-0.41506753,23.80111434,23.80111434,0.00000000,-1.24585092,-0.27520677,15
2018-11-20,30.01757834,0.40844065,-0.00323871,-5.39295582,-0.41830625,24.20631628,24.20631628,0.00000000,-1.15813822,-0.27735417,15
2018-11-21,30.01757834,-0.24493219,0.06952824,-5.63788801,-0.34877801,24.03091233,24.03091233,0.00000000,-1.21073745,-0.23125410,15
2018-11-23,30.01757834,0.09015192,0.08481205,-5.54773608,-0.26396595,24.20587630,24.20587630,0.00000000,-1.19137731,-0.17502024,15
2018-11-26,30.01757834,-0.43867978,0.01823905,-5.98641586,-0.24572691,23.78543557,23.78543557,0.00000000,-1.28558387,-0.16292700,15
2018-11-27,30.01757834,0.06727271,-0.08049028,-5.91914315,-0.32621718,23.77221801,23.77221801,0.00000000,-1.27113704,-0.21629535,15
2018-11-28,30.01757834,0.02644405,-0.06084063,-5.89269910,-0.38705781,23.73782143,23.73782143,0.00000000,-1.26545818,-0.25663517,15
2018-11-29,30.01757834,-0.01246430,0.05517058,-5.90516341,-0.33188723,23.78052771,23.78052771,0.00000000,-1.26813489,-0.22005482,15
2018-11-30,30.01757834,0.14097439,-0.02694021,-5.76418902,-0.35882744,23.89456188,23.89456188,0.00000000,-1.23786061,-0.23791728,15
2018-12-03,30.01757834,-0.24059880,-0.06827628,-6.00478782,-0.42710372,23.58568680,23.58568680,0.00000000,-1.28952925,-0.28318725,15
2018-12-04,30.01757834,0.45085383,0.04779173,-5.55393400,-0.37931199,24.08433236,24.08433236,0.00000000,-1.19270831,-0.25149938,15
2018-12-06,30.01757834,0.82671847,0.06617854,-4.72721553,-0.31313345,24.97722936,24.97722936,0.00000000,-1.01517037,-0.20762030,15
2018-12-07,30.01757834,0.04517794,0.13104581,-4.68203759,-0.18208764,25.15345311,25.15345311,0.00000000,-1.00546840,-0.12073156,15
2018-12-10,30.01757834,0.48532787,0.01674278,-4.19670971,-0.16534486,25.65552377,25.65552377,0.00000000,-0.90124415,-0.10963041,15
2018-12-11,30.01757834,-0.03223825,0.12247839,-4.22894796,-0.04286647,25.74576390,25.74576390,0.00000000,-0.90816732,-0.02842223,15
2018-12-12,30.01757834,-0.50071322,0.03106471,-4.72966118,-0.01180176,25.27611539,25.27611539,0.00000000,-1.01569558,-0.00782505,15
2018-12-13,30.01757834,-0.02346991,-0.05422135,-4.75313109,-0.06602311,25.19842413,25.19842413,0.00000000,-1.02073574,-0.04377603,15
2018-12-14,30.01757834,0.23123290,0.10417661,-4.52189819,0.03815350,25.53383365,25.53383365,0.00000000,-0.97107844,0.02529733,15
2018-12-17,30.01757834,0.39991725,-0.08142256,-4.12198094,-0.04326906,25.85232834,25.85232834,0.00000000,-0.88519614,-0.02868916,15
2018-12-18,30.01757834,0.08085810,0.05800576,-4.04112284,0.01473670,25.99119220,25.99119220,0.00000000,-0.86783184,0.00977104,15
2018-12-19,30.01757834,-0.01518446,0.06552981,-4.05630729,0.08026651,26.04153756,26.04153756,0.00000000,-0.87109271,0.05321998,15
2018-12-20,30.01757834,0.53700540,0.01798375,-3.51930189,0.09825026,26.59652671,26.59652671,0.00000000,-0.75577070,0.06514395,15
2018-12-21,30.01757834,0.06114322,0.13483924,-3.45815867,0.23308950,26.79250917,26.79250917,0.00000000,-0.74264019,0.15454788,15
2018-12-24,30.01757834,0.27624761,0.00200936,-3.18191106,0.23509886,27.07076614,27.07076614,0.00000000,-0.68331596,0.15588017,15
2018-12-27,30.01757834,0.10681362,-0.14300677,-3.07509745,0.09209210,27.03457299,27.03457299,0.00000000,-0.66037772,0.06106083,15
2018-12-28,30.01757834,-0.40515673,0.10217436,-3.48025418,0.19426646,26.73159062,26.73159062,0.00000000,-0.74738520,0.12880661,15
2018-12-31,30.01757834,0.47057041,0.01671119,-3.00968377,0.21097765,27.21887222,27.21887222,0.00000000,-0.64633012,0.13988682,15
2019-01-02,30.01757834,0.14407858,0.02691365,-2.86560519,0.23789130,27.38986445,27.38986445,0.00000000,-0.61538922,0.15773167,15
2019-01-03,30.01757834,0.18502511,-0.03914358,-2.68058008,0.19874773,27.53574599,27.53574599,0.00000000,-0.57565505,0.13177788,15
2019-01-04,30.01757834,-0.79818357,0.02229457,-3.47876364,0.22104229,26.75985699,26.75985699,0.00000000,-0.74706511,0.14656009,15
2019-01-07,30.01757834,0.04100161,-0.13092822,-3.43776204,0.09011408,26.66993038,26.66993038,0.00000000,-0.73826001,0.05974932,15
2019-01-08,30.01757834,-0.19276340,0.03562600,-3.63052544,0.12574008,26.51279298,26.51279298,0.00000000,-0.77965598,0.08337082,15
2019-01-09,30.01757834,-0.01414528,-0.11704106,-3.64467072,0.00869901,26.38160663,26.38160663,0.00000000,-0.78269368,0.00576780,15
2019-01-10,30.01757834,-0.15393554,0.02943622,-3.79860627,0.03813523,26.25710731,26.25710731,0.00000000,-0.81575137,0.02528522,15
2019-01-11,30.01757834,-0.01896363,-0.04130954,-3.81756989,-0.00317430,26.19683414,26.19683414,0.00000000,-0.81982381,-0.00210469,15
2019-01-14,30.01757834,-0.10448867,0.01663516,-3.92205856,0.01346085,26.10898063,26.10898063,0.00000000,-0.84226277,0.00892510,15
2019-01-15,30.01757834,-0.05539226,-0.12228440,-3.97745082,-0.10882355,25.93130397,25.93130397,0.00000000,-0.85415827,-0.07215447,15
2019-01-16,30.01757834,-0.50415920,0.05268221,-4.48161002,-0.05614133,25.47982698,25.47982698,0.00000000,-0.96242655,-0.03722400,15
2019-01-17,30.01757834,0.48614058,-0.08980230,-3.99546945,-0.14594363,25.87616526,25.87616526,0.00000000,-0.85802777,-0.09676660,15
2019-01-18,30.01757834,-0.33640716,-0.00502898,-4.33187661,-0.15097261,25.53472912,25.53472912,0.00000000,-0.93027127,-0.10010102,15
2019-01-22,30.01757834,0.34371793,-0.06347253,-3.98815868,-0.21444514,25.81497452,25.81497452,0.00000000,-0.85645778,-0.14218591,15
2019-01-23,30.01757834,0.01429016,-0.00116538,-3.97386852,-0.21561052,25.82809931,25.82809931,0.00000000,-0.85338897,-0.14295860,15
2019-01-24,30.01757834,-0.02575383,-0.04666815,-3.99962234,-0.26227867,25.75567733,25.75567733,0.00000000,-0.85891961,-0.17390150,15
2019-01-25,30.01757834,-0.45076721,-0.05830919,-4.45038955,-0.32058786,25.24660093,25.24660093,0.00000000,-0.95572194,-0.21256287,15
2019-01-28,30.01757834,0.25505814,-0.05258569,-4.19533141,-0.37317355,25.44907338,25.44907338,0.00000000,-0.90094816,-0.24742934,15
2019-01-29,30.01757834,0.01849986,-0.00917860,-4.17683155,-0.38235215,25.45839464,25.45839464,0.00000000,-0.89697532,-0.25351513,15
2019-01-30,30.01757834,-0.07821636,0.01296876,-4.25504791,-0.36938339,25.39314704,25.39314704,0.00000000,-0.91377229,-0.24491631,15
2019-01-31,30.01757834,0.46643411,-0.13404890,-3.78861380,-0.50343229,25.72553226,25.72553226,0.00000000,-0.81360548,-0.33379622,15
2019-02-01,30.01757834,0.12100520,0.08526421,-3.66760860,-0.41816808,25.93180167,25.93180167,0.00000000,-0.78761959,-0.27726256,15
2019-02-04,30.01757834,0.27574424,-0.07907305,-3.39186435,-0.49724113,26.12847285,26.12847285,0.00000000,-0.72840347,-0.32969123,15
2019-02-05,30.01757834,-0.35359222,0.08034158,-3.74545657,-0.41689956,25.85522222,25.85522222,0.00000000,-0.80433746,-0.27642147,15
2019-02-06,30.01757834,-0.26487365,0.05536989,-4.01033021,-0.36152966,25.64571846,25.64571846,0.00000000,-0.86121912,-0.23970897,15
2019-02-07,30.01757834,0.65032580,-0.07207814,-3.36000441,-0.43360780,26.22396613,26.22396613,0.00000000,-0.72156154,-0.28749972,15
2019-02-08,30.01757834,0.46379025,-0.01343380,-2.89621416,-0.44704160,26.67432258,26.67432258,0.00000000,-0.62196250,-0.29640688,15
2019-02-11,30.01757834,-0.17478730,0.04435083,-3.07100146,-0.40269077,26.54388611,26.54388611,0.00000000,-0.65949811,-0.26700047,15
2019-02-12,30.01757834,-0.26097246,-0.04289697,-3.33197392,-0.44558774,26.24001668,26.24001668,0.00000000,-0.71554199,-0.29544291,15
2019-02-13,30.01757834,-0.07146240,-0.03012512,-3.40343632,-0.47571286,26.13842916,26.13842916,0.00000000,-0.73088855,-0.31541710,15
2019-02-14,30.01757834,0.25495145,0.01232104,-3.14848487,-0.46339182,26.40570166,26.40570166,0.00000000,-0.67613768,-0.30724775,15
2019-02-15,30.01757834,-0.56978458,0.19739352,-3.71826945,-0.26599829,26.03331060,26.03331060,0.00000000,-0.79849902,-0.17636776,15
2019-02-19,30.01757834,-0.14962579,-0.11574319,-3.86789524,-0.38174149,25.76794161,25.76794161,0.00000000,-0.83063119,-0.25311024,15
2019-02-20,30.01757834,-0.16176740,-0.00975246,-4.02966264,-0.39149395,25.59642175,25.59642175,0.00000000,-0.86537076,-0.25957652,15
2019-02-21,30.01757834,0.21581740,-0.03544749,-3.81384523,-0.42694144,25.77679166,25.77679166,0.00000000,-0.81902394,-0.28307966,15
2019-02-22,30.01757834,-0.08249066,0.04744477,-3.89633589,-0.37949668,25.74174577,25.74174577,0.00000000,-0.83673882,-0.25162184,15
2019-02-25,30.01757834,-0.36285407,-0.09005892,-4.25918996,-0.46955560,25.28883278,25.28883278,0.00000000,-0.91466180,-0.31133459,15
2019-02-26,30.01757834,0.02058731,0.04678842,-4.23860265,-0.42276718,25.35620851,25.35620851,0.00000000,-0.91024067,-0.28031195,15
2019-02-27,30.01757834,-0.26621999,0.05116734,-4.50482264,-0.37159983,25.14115587,25.14115587,0.00000000,-0.96741146,-0.24638590,15
2019-02-28,30.01757834,-0.16419877,0.07141452,-4.66902141,-0.30018532,25.04837161,25.04837161,0.00000000,-1.00267317,-0.19903516,15
2019-03-01,30.01757834,-0.02170078,-0.00950614,-4.69072219,-0.30969146,25.01716469,25.01716469,0.00000000,-1.00733342,-0.20533812,15
2019-03-04,30.01757834,-0.07658108,-0.02528526,-4.76730327,-0.33497672,24.91529835,24.91529835,0.00000000,-1.02377922,-0.22210328,15
2019-03-05,30.01757834,0.03473952,0.00194597,-4.73256375,-0.33303074,24.95198385,24.95198385,0.00000000,-1.01631890,-0.22081302,15
2019-03-06,30.01757834,0.03120760,0.00371252,-4.70135615,-0.32931822,24.98690397,24.98690397,0.00000000,-1.00961706,-0.21835146,15
2019-03-07,30.01757834,0.55869489,-0.02351649,-4.14266126,-0.35283471,25.52208237,25.52208237,0.00000000,-0.88963724,-0.23394386,15
2019-03-08,30.01757834,0.26684047,0.14477493,-3.87582079,-0.20805979,25.93369776,25.93369776,0.00000000,-0.83233320,-0.13795216,15
2019-03-11,30.01757834,-0.40340656,0.01018486,-4.27922735,-0.19787493,25.54047606,25.54047606,0.00000000,-0.91896483,-0.13119918,15
2019-03-12,30.01757834,-0.00370876,-0.11009061,-4.28293611,-0.30796554,25.42667670,25.42667670,0.00000000,-0.91976129,-0.20419376,15
2019-03-13,30.01757834,-0.15577922,0.09223666,-4.43871533,-0.21572887,25.36313414,25.36313414,0.00000000,-0.95321490,-0.14303708,15
2019-03-14,30.01757834,-0.03357337,-0.04811756,-4.47228870,-0.26384643,25.28144321,25.28144321,0.00000000,-0.96042479,-0.17494099,15
2019-03-15,30.01757834,-0.15675824,-0.05152284,-4.62904694,-0.31536927,25.07316213,25.07316213,0.00000000,-0.99408865,-0.20910274,15
2019-03-18,30.01757834,-0.34396285,0.02263588,-4.97300979,-0.29273339,24.75183516,24.75183516,0.00000000,-1.06795473,-0.19409423,15
2019-03-19,30.01757834,0.04341938,-0.04024506,-4.92959041,-0.33297846,24.75500948,24.75500948,0.00000000,-1.05863041,-0.22077835,15
2019-03-20,30.01757834,0.31291470,0.04615149,-4.61667570,-0.28682696,25.11407567,25.11407567,0.00000000,-0.99143192,-0.19017802,15
2019-03-21,30.01757834,0.29489124,0.00326798,-4.32178447,-0.28355898,25.41223489,25.41223489,0.00000000,-0.92810398,-0.18801122,15
2019-03-22,30.01757834,0.71038815,-0.07229386,-3.61139632,-0.35585285,26.05032917,26.05032917,0.00000000,-0.77554800,-0.23594501,15
2019-03-25,30.01757834,0.08688066,0.18241658,-3.52451566,-0.17343627,26.31962641,26.31962641,0.00000000,-0.75689036,-0.11499535,15
2019-03-26,30.01757834,-0.02138199,-0.05249735,-3.54589765,-0.22593362,26.24574707,26.24574707,0.00000000,-0.76148215,-0.14980324,15
2019-03-27,30.01757834,-0.33383982,0.12293860,-3.87973747,-0.10299501,26.03484585,26.03484585,0.00000000,-0.83317431,-0.06828991,15
2019-03-28,30.01757834,0.16517086,-0.03440802,-3.71456661,-0.13740303,26.16560870,26.16560870,0.00000000,-0.79770384,-0.09110383,15
2019-03-29,30.01757834,-0.19883172,0.07681722,-3.91339833,-0.06058581,26.04359420,26.04359420,0.00000000,-0.84040298,-0.04017087,15
2019-04-01,30.01757834,-0.49163076,-0.00082278,-4.40502909,-0.06140859,25.55114066,25.55114066,0.00000000,-0.94598078,-0.04071641,15
2019-04-02,30.01757834,-0.20820711,0.02194891,-4.61323621,-0.03945967,25.36488246,25.36488246,0.00000000,-0.99069329,-0.02616338,15
2019-04-03,30.01757834,-0.25125331,0.00950759,-4.86448952,-0.02995208,25.12313674,25.12313674,0.00000000,-1.04464998,-0.01985946,15
2019-04-04,30.01757834,-0.08384071,-0.01194093,-4.94833023,-0.04189301,25.02735510,25.02735510,0.00000000,-1.06265479,-0.02777678,15
2019-04-05,30.01757834,0.10051025,-0.02259982,-4.84781998,-0.06449283,25.10526553,25.10526553,0.00000000,-1.04107020,-0.04276139,15
2019-04-08,30.01757834,0.03406283,-0.00771850,-4.81375715,-0.07221133,25.13160986,25.13160986,0.00000000,-1.03375520,-0.04787907,15
2019-04-09,30.01757834,-0.02163404,0.05529670,-4.83539119,-0.01691462,25.16527252,25.16527252,0.00000000,-1.03840111,-0.01121509,15
2019-04-10,30.01757834,0.06853418,0.05505471,-4.76685702,0.03814008,25.28886141,25.28886141,0.00000000,-1.02368339,0.02528844,15
2019-04-11,30.01757834,-0.22780616,0.09887508,-4.99466318,0.13701516,25.15993032,25.15993032,0.00000000,-1.07260480,0.09084666,15
2019-04-12,30.01757834,-0.54209372,0.04886516,-5.53675690,0.18588032,24.66670176,24.66670176,0.00000000,-1.18901952,0.12324626,15
2019-04-15,30.01757834,-0.13101270,0.01228716,-5.66776959,0.19816747,24.54797622,24.54797622,0.00000000,-1.21715452,0.13139315,15
2019-04-16,30.01757834,-0.23845592,-0.12690175,-5.90622552,0.07126573,24.18261855,24.18261855,0.00000000,-1.26836297,0.04725209,15
2019-04-17,30.01757834,-0.12948075,-0.10772210,-6.03570627,-0.03645637,23.94541570,23.94541570,0.00000000,-1.29616899,-0.02417207,15
2019-04-18,30.01757834,-0.07061522,0.07905143,-6.10632149,0.04259505,23.95385190,23.95385190,0.00000000,-1.31133362,0.02824226,15
2019-04-23,30.01757834,0.30378310,0.04877668,-5.80253840,0.09137173,24.30641168,24.30641168,0.00000000,-1.24609615,0.06058320,15
2019-04-24,30.01757834,0.28846286,0.03211438,-5.51407554,0.12348611,24.62698891,24.62698891,0.00000000,-1.18414870,0.08187635,15
2019-04-25,30.01757834,0.07672835,0.01460242,-5.43734719,0.13808852,24.71831967,24.71831967,0.00000000,-1.16767127,0.09155834,15
2019-04-26,30.01757834,-0.13920187,0.01300151,-5.57654906,0.15109003,24.59211931,24.59211931,0.00000000,-1.19756490,0.10017888,15
2019-04-29,30.01757834,-0.30698555,-0.00796716,-5.88353461,0.14312288,24.27716661,24.27716661,0.00000000,-1.26349010,0.09489633,15
2019-04-30,30.01757834,-0.02144264,0.06609938,-5.90497725,0.20922225,24.32182334,24.32182334,0.00000000,-1.26809491,0.13872292,15
2019-05-02,30.01757834,-0.11726368,0.04012759,-6.02224093,0.24934985,24.24468726,24.24468726,0.00000000,-1.29327730,0.16532916,15
2019-05-03,30.01757834,-0.09588008,-0.01338223,-6.11812101,0.23596762,24.13542495,24.13542495,0.00000000,-1.31386757,0.15645619,15
2019-05-06,30.01757834,0.15152276,0.08235864,-5.96659824,0.31832626,24.36930635,24.36930635,0.00000000,-1.28132803,0.21106334,15
2019-05-07,30.01757834,0.41005604,0.04120835,-5.55654220,0.35953461,24.82057075,24.82057075,0.00000000,-1.19326842,0.23838617,15
2019-05-08,30.01757834,0.06240547,0.11025908,-5.49413674,0.46979369,24.99323529,24.99323529,0.00000000,-1.17986684,0.31149245,15
2019-05-09,30.01757834,0.48333311,0.09318563,-5.01080363,0.56297932,25.56975403,25.56975403,0.00000000,-1.07607097,0.37327834,15
2019-05-10,30.01757834,0.02770327,-0.00268923,-4.98310036,0.56029009,25.59476807,25.59476807,0.00000000,-1.07012168,0.37149527,15
2019-05-13,30.01757834,0.41305617,0.06042256,-4.57004419,0.62071265,26.06824681,26.06824681,0.00000000,-0.98141780,0.41155790,15
2019-05-14,30.01757834,-0.19759318,0.08309300,-4.76763737,0.70380565,25.95374662,25.95374662,0.00000000,-1.02385097,0.46665196,15
2019-05-15,30.01757834,0.19032862,-0.05035204,-4.57730875,0.65345361,26.09372320,26.09372320,0.00000000,-0.98297786,0.43326650,15
2019-05-16,30.01757834,-0.25523425,0.14793812,-4.83254300,0.80139173,25.98642707,25.98642707,0.00000000,-1.03778946,0.53135553,15
2019-05-17,30.01757834,0.20663885,-0.06297824,-4.62590415,0.73841349,26.13008768,26.13008768,0.00000000,-0.99341373,0.48959837,15
2019-05-20,30.01757834,0.21000448,-0.07420497,-4.41589967,0.66420852,26.26588719,26.26588719,0.00000000,-0.94831523,0.44039744,15
2019-05-21,30.01757834,-0.18752084,-0.03479570,-4.60342051,0.62941281,26.04357064,26.04357064,0.00000000,-0.98858537,0.41732646,15
2019-05-22,30.01757834,0.18920115,-0.02891532,-4.41421936,0.60049750,26.20385648,26.20385648,0.00000000,-0.94795439,0.39815443,15
2019-05-23,30.01757834,0.38523061,0.10636707,-4.02898875,0.70686457,26.69545416,26.69545416,0.00000000,-0.86522605,0.46868015,15
2019-05-24,30.01757834,0.16885557,-0.09592286,-3.86013318,0.61094170,26.76838686,26.76838686,0.00000000,-0.82896428,0.40507936,15
2019-05-28,30.01757834,0.25898468,0.02268356,-3.60114850,0.63362526,27.05005510,27.05005510,0.00000000,-0.77334728,0.42011949,15
2019-05-29,30.01757834,0.37973943,0.06505182,-3.22140908,0.69867708,27.49484634,27.49484634,0.00000000,-0.69179817,0.46325151,15
2019-05-30,30.01757834,-0.11990473,-0.01573411,-3.34131380,0.68294297,27.35920751,27.35920751,0.00000000,-0.71754773,0.45281915,15
2019-05-31,30.01757834,0.19968341,0.06399210,-3.14163040,0.74693507,27.62288301,27.62288301,0.00000000,-0.67466568,0.49524853,15
2019-06-03,30.01757834,0.10622334,-0.00079650,-3.03540706,0.74613857,27.72830985,27.72830985,0.00000000,-0.65185420,0.49472042,15
2019-06-04,30.01757834,-0.46324628,0.01672707,-3.49865334,0.76286564,27.28179064,27.28179064,0.00000000,-0.75133642,0.50581115,15
2019-06-05,30.01757834,0.11411593,-0.07846712,-3.38453741,0.68439852,27.31743945,27.31743945,0.00000000,-0.72683001,0.45378424,15
2019-06-06,30.01757834,0.17882572,-0.05029540,-3.20571169,0.63410312,27.44596977,27.44596977,0.00000000,-0.68842715,0.42043633,15
2019-06-07,30.01757834,-0.00499917,0.03023647,-3.21071086,0.66433959,27.47120707,27.47120707,0.00000000,-0.68950072,0.44048435,15
2019-06-10,30.01757834,-0.29930590,-0.04170529,-3.51001676,0.62263430,27.13019588,27.13019588,0.00000000,-0.75377672,0.41283203,15
2019-06-11,30.01757834,-0.01651816,-0.12457230,-3.52653491,0.49806200,26.98910543,26.98910543,0.00000000,-0.75732400,0.33023550,15
2019-06-12,30.01757834,0.31343930,0.04119484,-3.21309561,0.53925684,27.34373957,27.34373957,0.00000000,-0.69001285,0.35754936,15
2019-06-13,30.01757834,0.08434021,0.01738893,-3.12875540,0.55664577,27.44546871,27.44546871,0.00000000,-0.67190078,0.36907894,15
2019-06-14,30.01757834,0.15124526,-0.02840135,-2.97751014,0.52824442,27.56831262,27.56831262,0.00000000,-0.63942083,0.35024768,15
2019-06-17,30.01757834,-0.03973236,0.05046061,-3.01724251,0.57870503,27.57904086,27.57904086,0.00000000,-0.64795336,0.38370513,15
2019-06-18,30.01757834,-0.35062367,0.01144310,-3.36786618,0.59014813,27.23986029,27.23986029,0.00000000,-0.72324986,0.39129237,15
2019-06-19,30.01757834,-0.30284607,-0.04127116,-3.67071224,0.54887697,26.89574307,26.89574307,0.00000000,-0.78828610,0.36392790,15
2019-06-20,30.01757834,0.29564393,-0.09260888,-3.37506832,0.45626808,27.09877811,27.09877811,0.00000000,-0.72479652,0.30252442,15
2019-06-21,30.01757834,0.02437102,0.01660915,-3.35069729,0.47287724,27.13975828,27.13975828,0.00000000,-0.71956284,0.31353697,15
2019-06-24,30.01757834,0.18692125,-0.03869641,-3.16377605,0.43418082,27.28798312,27.28798312,0.00000000,-0.67942147,0.28787966,15
2019-06-25,30.01757834,0.11791710,0.17673183,-3.04585894,0.61091265,27.58263205,27.58263205,0.00000000,-0.65409875,0.40506010,15
2019-06-26,30.01757834,-0.24680026,0.00929974,-3.29265920,0.62021239,27.34513153,27.34513153,0.00000000,-0.70709915,0.41122621,15
2019-06-27,30.01757834,-0.19003499,-0.09435315,-3.48269419,0.52585924,27.06074339,27.06074339,0.00000000,-0.74790919,0.34866620,15
2019-06-28,30.01757834,-0.15281899,-0.04380340,-3.63551318,0.48205584,26.86412100,26.86412100,0.00000000,-0.78072710,0.31962276,15
2019-07-01,30.01757834,-0.05020453,-0.09876621,-3.68571771,0.38328963,26.71515026,26.71515026,0.00000000,-0.79150853,0.25413672,15
2019-07-02,30.01757834,0.04242723,0.21116737,-3.64329048,0.59445700,26.96874486,26.96874486,0.00000000,-0.78239728,0.39414933,15
2019-07-03,30.01757834,-0.22305385,0.12859657,-3.86634433,0.72305357,26.87428758,26.87428758,0.00000000,-0.83029813,0.47941412,15
2019-07-05,30.01757834,-0.28716267,0.01993546,-4.15350701,0.74298903,26.60706036,26.60706036,0.00000000,-0.89196636,0.49263215,15
2019-07-08,30.01757834,0.18527692,0.02468257,-3.96823009,0.76767160,26.81701986,26.81701986,0.00000000,-0.85217811,0.50899770,15
2019-07-09,30.01757834,0.08864642,0.00939013,-3.87958366,0.77706173,26.91505641,26.91505641,0.00000000,-0.83314128,0.51522374,15
2019-07-10,30.01757834,-0.04249010,0.01873819,-3.92207377,0.79579993,26.89130450,26.89130450,0.00000000,-0.84226604,0.52764793,15
2019-07-11,30.01757834,0.03623284,-0.07767411,-3.88584093,0.71812581,26.84986322,26.84986322,0.00000000,-0.83448503,0.47614682,15
2019-07-12,30.01757834,-0.05045722,-0.03736424,-3.93629815,0.68076158,26.76204177,26.76204177,0.00000000,-0.84532072,0.45137280,15
2019-07-15,30.01757834,-0.04665761,0.02756333,-3.98295576,0.70832490,26.74294748,26.74294748,0.00000000,-0.85534045,0.46964841,15
2019-07-16,30.01757834,-0.13432086,0.05679756,-4.11727662,0.76512246,26.66542418,26.66542418,0.00000000,-0.88418588,0.50730752,15
2019-07-17,30.01757834,0.23671692,-0.01889429,-3.88055970,0.74622817,26.88324680,26.88324680,0.00000000,-0.83335088,0.49477983,15
2019-07-18,30.01757834,0.09503299,0.01480380,-3.78552672,0.76103196,26.99308359,26.99308359,0.00000000,-0.81294253,0.50459535,15
2019-07-19,30.01757834,0.07638237,-0.08260658,-3.70914435,0.67842538,26.98685937,26.98685937,0.00000000,-0.79653941,0.44982381,15
2019-07-22,30.01757834,0.03596373,0.02113777,-3.67318062,0.69956315,27.04396087,27.04396087,0.00000000,-0.78881619,0.46383901,15
2019-07-23,30.01757834,-0.39276772,0.00827867,-4.06594833,0.70784182,26.65947182,26.65947182,0.00000000,-0.87316312,0.46932811,15
2019-07-24,30.01757834,0.07787546,-0.10482030,-3.98807287,0.60302152,26.63252699,26.63252699,0.00000000,-0.85643935,0.39982796,15
2019-07-25,30.01757834,0.02462448,0.02015511,-3.96344839,0.62317662,26.67730658,26.67730658,0.00000000,-0.85115124,0.41319162,15
2019-07-26,30.01757834,-0.02686412,-0.00585987,-3.99031251,0.61731676,26.64458259,26.64458259,0.00000000,-0.85692032,0.40930628,15
2019-07-29,30.01757834,0.10230688,0.08493713,-3.88800563,0.70225389,26.83182660,26.83182660,0.00000000,-0.83494990,0.46562308,15
2019-07-30,30.01757834,0.44844938,-0.08819293,-3.43955625,0.61406096,27.19208305,27.19208305,0.00000000,-0.73864531,0.40714756,15
2019-07-31,30.01757834,-0.09991115,0.09507896,-3.53946740,0.70913991,27.18725086,27.18725086,0.00000000,-0.76010125,0.47018880,15
2019-08-01,30.01757834,-0.41723458,0.09257538,-3.95670197,0.80171530,26.86259166,26.86259166,0.00000000,-0.84970245,0.53157007,15
2019-08-02,30.01757834,0.79579680,0.03723607,-3.16090517,0.83895137,27.69562453,27.69562453,0.00000000,-0.67880494,0.55625910,15
2019-08-05,30.01757834,0.36661452,0.13456403,-2.79429065,0.97351540,28.19680309,28.19680309,0.00000000,-0.60007441,0.64548057,15
2019-08-06,30.01757834,0.08235291,0.01288877,-2.71193774,0.98640417,28.29204478,28.29204478,0.00000000,-0.58238911,0.65402635,15
2019-08-07,30.01757834,0.17736001,0.01010887,-2.53457772,0.99651304,28.47951365,28.47951365,0.00000000,-0.54430101,0.66072894,15
2019-08-08,30.01757834,-0.39522735,0.05946048,-2.92980508,1.05597351,28.14374678,28.14374678,0.00000000,-0.62917616,0.70015367,15
2019-08-09,30.01757834,0.28826609,-0.03748084,-2.64153899,1.01849267,28.39453203,28.39453203,0.00000000,-0.56727096,0.67530234,15
2019-08-12,30.01757834,0.36725348,-0.03352881,-2.27428551,0.98496387,28.72825670,28.72825670,0.00000000,-0.48840322,0.65307137,15
2019-08-13,30.01757834,-0.30756678,0.15026247,-2.58185229,1.13522634,28.57095238,28.57095238,0.00000000,-0.55445324,0.75270154,15
2019-08-14,30.01757834,0.56661309,-0.01869170,-2.01523920,1.11653464,29.11887378,29.11887378,0.00000000,-0.43277297,0.74030818,15
2019-08-15,30.01757834,0.05518887,-0.02481511,-1.96005033,1.09171953,29.14924754,29.14924754,0.00000000,-0.42092115,0.72385474,15
2019-08-16,30.01757834,-0.52822727,0.04693959,-2.48827759,1.13865911,28.66795986,28.66795986,0.00000000,-0.53435805,0.75497761,15
2019-08-19,30.01757834,-0.18598354,-0.07833583,-2.67426114,1.06032328,28.40364048,28.40364048,0.00000000,-0.57429805,0.70303775,15
2019-08-20,30.01757834,0.18906394,0.00963665,-2.48519719,1.06995993,28.60234107,28.60234107,0.00000000,-0.53369654,0.70942724,15
2019-08-21,30.01757834,-0.05324897,0.04415575,-2.53844616,1.11411568,28.59324785,28.59324785,0.00000000,-0.54513176,0.73870431,15
2019-08-22,30.01757834,-0.17052028,0.01553941,-2.70896645,1.12965509,28.43826698,28.43826698,0.00000000,-0.58175102,0.74900757,15
2019-08-23,30.01757834,0.30107759,-0.00960522,-2.40788886,1.12004987,28.72973935,28.72973935,0.00000000,-0.51709456,0.74263892,15
2019-08-26,30.01757834,-0.11699396,0.08293763,-2.52488282,1.20298750,28.69568302,28.69568302,0.00000000,-0.54221903,0.79762996,15
2019-08-27,30.01757834,0.13732990,-0.01071856,-2.38755292,1.19226894,28.82229436,28.82229436,0.00000000,-0.51272741,0.79052312,15
2019-08-28,30.01757834,-0.04114014,-0.02526284,-2.42869306,1.16700610,28.75589138,28.75589138,0.00000000,-0.52156226,0.77377282,15
2019-08-29,30.01757834,-0.34195937,0.02179792,-2.77065243,1.18880402,28.43572993,28.43572993,0.00000000,-0.59499810,0.78822574,15
2019-08-30,30.01757834,-0.16531505,-0.10551795,-2.93596748,1.08328608,28.16489694,28.16489694,0.00000000,-0.63049954,0.71826302,15
2019-09-03,30.01757834,0.10095432,0.04799066,-2.83501316,1.13127673,28.31384192,28.31384192,0.00000000,-0.60881958,0.75008279,15
2019-09-04,30.01757834,-0.28139339,-0.07029294,-3.11640655,1.06098379,27.96215558,27.96215558,0.00000000,-0.66924886,0.70347569,15
2019-09-05,30.01757834,-0.48237058,-0.09625817,-3.59877713,0.96472562,27.38352683,27.38352683,0.00000000,-0.77283803,0.63965259,15
2019-09-06,30.01757834,-0.03430614,-0.03259217,-3.63308327,0.93213346,27.31662852,27.31662852,0.00000000,-0.78020528,0.61804264,15
2019-09-09,30.01757834,-0.52948006,-0.00579168,-4.16256333,0.92634178,26.78135679,26.78135679,0.00000000,-0.89391121,0.61420253,15
2019-09-10,30.01757834,-0.43090715,-0.04621475,-4.59347049,0.88012703,26.30423488,26.30423488,0.00000000,-0.98644860,0.58356025,15
2019-09-11,30.01757834,-0.01089214,-0.28157238,-4.60436262,0.59855465,26.01177037,26.01177037,0.00000000,-0.98878769,0.39686624,15
2019-09-12,30.01757834,0.00802586,0.01350119,-4.59633677,0.61205584,26.03329741,26.03329741,0.00000000,-0.98706413,0.40581808,15
2019-09-13,30.01757834,-0.40489834,0.01757975,-5.00123511,0.62963559,25.64597882,25.64597882,0.00000000,-1.07401612,0.41747417,15
2019-09-16,30.01757834,0.21513967,0.02741541,-4.78609544,0.65705100,25.88853390,25.88853390,0.00000000,-1.02781484,0.43565171,15
2019-09-17,30.01757834,0.26737208,-0.00095530,-4.51872336,0.65609570,26.15495068,26.15495068,0.00000000,-0.97039664,0.43501831,15
2019-09-18,30.01757834,0.05824622,0.01751489,-4.46047714,0.67361059,26.23071179,26.23071179,0.00000000,-0.95788825,0.44663140,15
2019-09-19,30.01757834,-0.31107234,0.12193457,-4.77154948,0.79554516,26.04157401,26.04157401,0.00000000,-1.02469110,0.52747901,15
2019-09-20,30.01757834,-0.06829392,-0.01386528,-4.83984341,0.78167988,25.95941481,25.95941481,0.00000000,-1.03935723,0.51828576,15
2019-09-23,30.01757834,0.29747924,-0.02836565,-4.54236417,0.75331422,26.22852840,26.22852840,0.00000000,-0.97547351,0.49947817,15
2019-09-24,30.01757834,0.24658948,0.00864842,-4.29577468,0.76196265,26.48376630,26.48376630,0.00000000,-0.92251837,0.50521243,15
2019-09-25,30.01757834,-0.00906325,0.02441951,-4.30483794,0.78638216,26.49912256,26.49912256,0.00000000,-0.92446471,0.52140357,15
2019-09-26,30.01757834,-0.07261373,-0.01580611,-4.37745167,0.77057605,26.41070272,26.41070272,0.00000000,-0.94005852,0.51092347,15
2019-09-27,30.01757834,-0.04716337,0.10766519,-4.42461504,0.87824124,26.47120454,26.47120454,0.00000000,-0.95018686,0.58230990,15
2019-09-30,30.01757834,-0.01039038,0.08404230,-4.43500541,0.96228355,26.54485647,26.54485647,0.00000000,-0.95241820,0.63803339,15
2019-10-01,30.01757834,0.31365913,-0.05843218,-4.12134629,0.90385137,26.80008342,26.80008342,0.00000000,-0.88505984,0.59929046,15
2019-10-02,30.01757834,0.59068577,-0.04293190,-3.53066051,0.86091947,27.34783729,27.34783729,0.00000000,-0.75820997,0.57082485,15
2019-10-03,30.01757834,0.20652318,-0.00883770,-3.32413733,0.85208176,27.54552277,27.54552277,0.00000000,-0.71385908,0.56496510,15
2019-10-04,30.01757834,-0.05837917,0.04905462,-3.38251650,0.90113638,27.53619822,27.53619822,0.00000000,-0.72639602,0.59749032,15
2019-10-07,30.01757834,-0.06365269,0.04649670,-3.44616919,0.94763308,27.51904223,27.51904223,0.00000000,-0.74006544,0.62831953,15
2019-10-08,30.01757834,0.24362308,-0.04600395,-3.20254611,0.90162913,27.71666136,27.71666136,0.00000000,-0.68774734,0.59781703,15
2019-10-09,30.01757834,-0.06427855,0.00710914,-3.26682466,0.90873827,27.65949195,27.65949195,0.00000000,-0.70155117,0.60253068,15
2019-10-10,30.01757834,-0.44600771,0.05018282,-3.71283237,0.95892109,27.26366707,27.26366707,0.00000000,-0.79733141,0.63580395,15
2019-10-11,30.01757834,-0.69521478,-0.06161639,-4.40804714,0.89730471,26.50683590,26.50683590,0.00000000,-0.94662890,0.59494976,15
2019-10-14,30.01757834,0.01513860,-0.05589703,-4.39290854,0.84140768,26.46607748,26.46607748,0.00000000,-0.94337789,0.55788774,15
2019-10-15,30.01757834,-0.35301753,-0.04364894,-4.74592607,0.79775874,26.06941100,26.06941100,0.00000000,-1.01918846,0.52894670,15
2019-10-16,30.01757834,-0.12734932,-0.02293916,-4.87327539,0.77481957,25.91912252,25.91912252,0.00000000,-1.04653675,0.51373710,15
2019-10-17,30.01757834,0.04365936,-0.02104701,-4.82961603,0.75377256,25.94173487,25.94173487,0.00000000,-1.03716090,0.49978207,15
2019-10-18,30.01757834,0.02283524,0.02573880,-4.80678079,0.77951136,25.99030891,25.99030891,0.00000000,-1.03225702,0.51684795,15
2019-10-21,30.01757834,-0.35803245,-0.02655655,-5.16481324,0.75295481,25.60571992,25.60571992,0.00000000,-1.10914456,0.49923987,15
2019-10-22,30.01757834,-0.09518693,0.01368529,-5.26000017,0.76664011,25.52421828,25.52421828,0.00000000,-1.12958597,0.50831378,15
2019-10-23,30.01757834,-0.05536178,-0.02490920,-5.31536195,0.74173090,25.44394730,25.44394730,0.00000000,-1.14147492,0.49179796,15
2019-10-24,30.01757834,-0.01187872,-0.06600174,-5.32724066,0.67572916,25.36606684,25.36606684,0.00000000,-1.14402588,0.44803610,15
2019-10-25,30.01757834,-0.03537383,0.01156705,-5.36261450,0.68729621,25.34226005,25.34226005,0.00000000,-1.15162241,0.45570553,15
2019-10-28,30.01757834,-0.07699538,-0.06443883,-5.43960988,0.62285738,25.20082584,25.20082584,0.00000000,-1.16815718,0.41297994,15
2019-10-29,30.01757834,-0.00325197,-0.03471758,-5.44286185,0.58813980,25.16285628,25.16285628,0.00000000,-1.16885555,0.38996076,15
2019-10-30,30.01757834,0.21109177,0.04507731,-5.23177009,0.63321710,25.41902536,25.41902536,0.00000000,-1.12352355,0.41984887,15
2019-10-31,30.01757834,0.12394605,-0.01284891,-5.10782403,0.62036819,25.53012250,25.53012250,0.00000000,-1.09690612,0.41132951,15
2019-11-01,30.01757834,-0.17813629,-0.04246930,-5.28596033,0.57789889,25.30951691,25.30951691,0.00000000,-1.13516092,0.38317063,15
2019-11-04,30.01757834,-0.36529537,-0.04142077,-5.65125569,0.53647812,24.90280077,24.90280077,0.00000000,-1.21360816,0.35570696,15
2019-11-05,30.01757834,-0.21996896,-0.01899146,-5.87122465,0.51748666,24.66384036,24.66384036,0.00000000,-1.26084653,0.34311484,15
2019-11-06,30.01757834,-0.21098513,0.01635482,-6.08220978,0.53384149,24.46921004,24.46921004,0.00000000,-1.30615563,0.35395876,15
2019-11-07,30.01757834,-0.35858834,-0.01354808,-6.44079812,0.52029340,24.09707362,24.09707362,0.00000000,-1.38316254,0.34497583,15
2019-11-08,30.01757834,0.18670726,-0.07318491,-6.25409087,0.44710850,24.21059597,24.21059597,0.00000000,-1.34306712,0.29645124,15
2019-11-11,30.01757834,-0.01468209,0.13379392,-6.26877295,0.58090241,24.32970780,24.32970780,0.00000000,-1.34622010,0.38516208,15
2019-11-12,30.01757834,-0.13419562,0.03027089,-6.40296858,0.61117330,24.22578307,24.22578307,0.00000000,-1.37503863,0.40523292,15
2019-11-13,30.01757834,0.25892323,0.08583178,-6.14404535,0.69700508,24.57053807,24.57053807,0.00000000,-1.31943483,0.46214291,15
2019-11-14,30.01757834,0.00065838,0.07311615,-6.14338697,0.77012124,24.64431261,24.64431261,0.00000000,-1.31929344,0.51062191,15
2019-11-15,30.01757834,-0.08721184,-0.04302314,-6.23059881,0.72709810,24.51407763,24.51407763,0.00000000,-1.33802220,0.48209581,15
2019-11-18,30.01757834,0.05836847,-0.09039668,-6.17223034,0.63670142,24.48204942,24.48204942,0.00000000,-1.32548756,0.42215911,15
2019-11-19,30.01757834,-0.02533184,-0.07060344,-6.19756218,0.56609798,24.38611414,24.38611414,0.00000000,-1.33092757,0.37534614,15
2019-11-20,30.01757834,0.05455382,0.05950175,-6.14300836,0.62559973,24.50016971,24.50016971,0.00000000,-1.31921213,0.41479823,15
2019-11-21,30.01757834,0.03243288,0.07083672,-6.11057548,0.69643645,24.60343932,24.60343932,0.00000000,-1.31224717,0.46176588,15
2019-11-22,30.01757834,-0.15489914,-0.01014147,-6.26547462,0.68629498,24.43839870,24.43839870,0.00000000,-1.34551178,0.45504167,15
2019-11-25,30.01757834,-0.06396830,-0.05934383,-6.32944292,0.62695115,24.31508657,24.31508657,0.00000000,-1.35924899,0.41569428,15
2019-11-26,30.01757834,0.05122824,0.00115365,-6.27821468,0.62810480,24.36746847,24.36746847,0.00000000,-1.34824771,0.41645920,15
2019-11-27,30.01757834,-0.05959572,-0.02695570,-6.33781039,0.60114910,24.28091704,24.28091704,0.00000000,-1.36104590,0.39858646,15
2019-11-29,30.01757834,0.15548757,0.11330038,-6.18232283,0.71444948,24.54970499,24.54970499,0.00000000,-1.32765492,0.47370926,15
2019-12-02,30.01757834,0.10166405,-0.00715411,-6.08065878,0.70729537,24.64421493,24.64421493,0.00000000,-1.30582255,0.46896579,15
2019-12-03,30.01757834,0.29595740,-0.00690384,-5.78470138,0.70039153,24.93326849,24.93326849,0.00000000,-1.24226564,0.46438826,15
2019-12-04,30.01757834,-0.26857960,0.05888972,-6.05328098,0.75928125,24.72357860,24.72357860,0.00000000,-1.29994316,0.50343455,15
2019-12-05,30.01757834,-0.02971527,-0.06146868,-6.08299625,0.69781257,24.63239466,24.63239466,0.00000000,-1.30632452,0.46267830,15
2019-12-06,30.01757834,-0.19012461,-0.06492287,-6.27312085,0.63288970,24.37734719,24.37734719,0.00000000,-1.34715381,0.41963178,15
2019-12-09,30.01757834,-0.00959204,0.00066078,-6.28271289,0.63355048,24.36841593,24.36841593,0.00000000,-1.34921370,0.42006991,15
2019-12-10,30.01757834,0.02485017,0.01593324,-6.25786272,0.64948372,24.40919934,24.40919934,0.00000000,-1.34387713,0.43063430,15
2019-12-11,30.01757834,-0.06075543,0.00887976,-6.31861816,0.65836348,24.35732366,24.35732366,0.00000000,-1.35692437,0.43652194,15
2019-12-12,30.01757834,-0.40727680,0.02947512,-6.72589495,0.68783860,23.97952198,23.97952198,0.00000000,-1.44438713,0.45606515,15
2019-12-13,30.01757834,-0.05711502,-0.16978448,-6.78300998,0.51805412,23.75262248,23.75262248,0.00000000,-1.45665259,0.34349109,15
2019-12-16,30.01757834,-0.21559311,0.08893724,-6.99860309,0.60699136,23.62596661,23.62596661,0.00000000,-1.50295125,0.40246012,15
2019-12-17,30.01757834,-0.05170980,-0.12998967,-7.05031289,0.47700169,23.44426714,23.44426714,0.00000000,-1.51405594,0.31627165,15
2019-12-18,30.01757834,-0.04791389,-0.00186384,-7.09822679,0.47513785,23.39448940,23.39448940,0.00000000,-1.52434546,0.31503584,15
2019-12-19,30.01757834,-0.04957917,0.00383631,-7.14780596,0.47897415,23.34874653,23.34874653,0.00000000,-1.53499259,0.31757947,15
2019-12-20,30.01757834,0.05260362,-0.03750038,-7.09520234,0.44147377,23.36384977,23.36384977,0.00000000,-1.52369596,0.29271519,15
2019-12-23,30.01757834,0.05595651,-0.00680012,-7.03924584,0.43467366,23.41300616,23.41300616,0.00000000,-1.51167929,0.28820643,15
2019-12-24,30.01757834,0.00714228,0.03343971,-7.03210355,0.46811337,23.45358815,23.45358815,0.00000000,-1.51014548,0.31037833,15
2019-12-27,30.01757834,-0.00281002,-0.10682349,-7.03491358,0.36128988,23.34395464,23.34395464,0.00000000,-1.51074894,0.23954998,15
2019-12-30,30.01757834,0.08556505,0.01313344,-6.94934852,0.37442332,23.44265314,23.44265314,0.00000000,-1.49237383,0.24825799,15
2019-12-31,30.01757834,0.63431242,-0.02537330,-6.31503610,0.34905002,24.05159226,24.05159226,0.00000000,-1.35615512,0.23143445,15
2020-01-02,30.01757834,-0.26034302,-0.01347948,-6.57537912,0.33557054,23.77776976,23.77776976,0.00000000,-1.41206383,0.22249701,15
2020-01-03,30.01757834,0.11894144,0.05024997,-6.45643768,0.38582051,23.94696118,23.94696118,0.00000000,-1.38652113,0.25581480,15
2020-01-06,30.01757834,0.16980162,0.08003864,-6.28663606,0.46585916,24.19680143,24.19680143,0.00000000,-1.35005621,0.30888369,15
2020-01-07,30.01757834,-0.00469223,0.01577124,-6.29132830,0.48163040,24.20788044,24.20788044,0.00000000,-1.35106386,0.31934067,15
2020-01-08,30.01757834,-0.03298190,0.11077869,-6.32431020,0.59240908,24.28567722,24.28567722,0.00000000,-1.35814673,0.39279148,15
2020-01-09,30.01757834,-0.05492091,-0.09936872,-6.37923111,0.49304037,24.13138759,24.13138759,0.00000000,-1.36994101,0.32690595,15
2020-01-10,30.01757834,0.10269777,-0.00396615,-6.27653334,0.48907422,24.23011922,24.23011922,0.00000000,-1.34788665,0.32427623,15
2020-01-13,30.01757834,-0.01175974,-0.05844083,-6.28829308,0.43063339,24.15991865,24.15991865,0.00000000,-1.35041205,0.28552757,15
2020-01-14,30.01757834,-0.04418429,0.05290609,-6.33247737,0.48353948,24.16864045,24.16864045,0.00000000,-1.35990064,0.32060647,15
2020-01-15,30.01757834,0.24926907,-0.01602391,-6.08320830,0.46751557,24.40188561,24.40188561,0.00000000,-1.30637006,0.30998196,15
2020-01-16,30.01757834,0.05196983,0.01884142,-6.03123847,0.48635699,24.47269686,24.47269686,0.00000000,-1.29520953,0.32247459,15
2020-01-17,30.01757834,-0.07520260,-0.05655369,-6.10644107,0.42980330,24.34094057,24.34094057,0.00000000,-1.31135930,0.28497719,15
2020-01-21,30.01757834,0.18033373,0.16969663,-5.92610734,0.59949993,24.69097093,24.69097093,0.00000000,-1.27263260,0.39749300,15
2020-01-22,30.01757834,0.07790310,-0.07084290,-5.84820424,0.52865703,24.69803112,24.69803112,0.00000000,-1.25590290,0.35052125,15
2020-01-23,30.01757834,0.13838870,0.05939160,-5.70981554,0.58804863,24.89581143,24.89581143,0.00000000,-1.22618390,0.38990032,15
2020-01-24,30.01757834,-0.03657929,0.08321172,-5.74639483,0.67126035,24.94244386,24.94244386,0.00000000,-1.23403931,0.44507309,15
2020-01-27,30.01757834,0.40461502,-0.04609305,-5.34177981,0.62516730,25.30096583,25.30096583,0.00000000,-1.14714816,0.41451151,15
2020-01-28,30.01757834,-0.13353109,0.00734064,-5.47531089,0.63250793,25.17477538,25.17477538,0.00000000,-1.17582398,0.41937865,15
2020-01-29,30.01757834,0.03310335,0.18004625,-5.44220754,0.81255418,25.38792498,25.38792498,0.00000000,-1.16871503,0.53875669,15
2020-01-30,30.01757834,0.18593528,0.06777233,-5.25627226,0.88032651,25.64163259,25.64163259,0.00000000,-1.12878540,0.58369252,15
2020-01-31,30.01757834,0.24936004,0.00956130,-5.00691222,0.88988781,25.90055393,25.90055393,0.00000000,-1.07523528,0.59003205,15
2020-02-03,30.01757834,-0.07378199,-0.00497117,-5.08069420,0.88491664,25.82180077,25.82180077,0.00000000,-1.09107998,0.58673596,15
2020-02-04,30.01757834,-0.26937501,-0.02991820,-5.35006922,0.85499844,25.52250756,25.52250756,0.00000000,-1.14892831,0.56689897,15
2020-02-05,30.01757834,-0.32777938,-0.00462819,-5.67784859,0.85037025,25.19010000,25.19010000,0.00000000,-1.21931899,0.56383029,15
2020-02-06,30.01757834,-0.19689275,-0.14147793,-5.87474134,0.70889232,24.85172932,24.85172932,0.00000000,-1.26160174,0.47002463,15
2020-02-07,30.01757834,-0.10077320,0.02595924,-5.97551455,0.73485156,24.77691535,24.77691535,0.00000000,-1.28324281,0.48723667,15
2020-02-10,30.01757834,0.11198795,0.01526712,-5.86352660,0.75011868,24.90417042,24.90417042,0.00000000,-1.25919338,0.49735940,15
2020-02-11,30.01757834,-0.20207055,-0.06048814,-6.06559715,0.68963054,24.64161173,24.64161173,0.00000000,-1.30258806,0.45725328,15
2020-02-12,30.01757834,-0.18267431,0.00250910,-6.24827146,0.69213964,24.46144652,24.46144652,0.00000000,-1.34181740,0.45891692,15
2020-02-13,30.01757834,-0.00268719,0.02910709,-6.25095866,0.72124673,24.48786641,24.48786641,0.00000000,-1.34239448,0.47821611,15
2020-02-14,30.01757834,0.03613922,-0.05501771,-6.21481944,0.66622902,24.46898792,24.46898792,0.00000000,-1.33463357,0.44173711,15
2020-02-18,30.01757834,0.10323833,0.05524820,-6.11158111,0.72147721,24.62747444,24.62747444,0.00000000,-1.31246312,0.47836893,15
2020-02-19,30.01757834,0.01254270,-0.04598482,-6.09903841,0.67549240,24.59403233,24.59403233,0.00000000,-1.30976958,0.44787911,15
2020-02-20,30.01757834,0.18649061,-0.04363072,-5.91254780,0.63186168,24.73689222,24.73689222,0.00000000,-1.26972069,0.41895016,15
2020-02-21,30.01757834,0.00924976,0.05570709,-5.90329803,0.68756876,24.80184907,24.80184907,0.00000000,-1.26773430,0.45588624,15
2020-02-24,30.01757834,0.58893322,0.03321541,-5.31436482,0.72078418,25.42399770,25.42399770,0.00000000,-1.14126079,0.47790942,15
2020-02-25,30.01757834,0.68648318,0.00540027,-4.62788164,0.72618444,26.11588114,26.11588114,0.00000000,-0.99383840,0.48149002,15
2020-02-26,30.01757834,0.11917592,0.07763987,-4.50870572,0.80382431,26.31269693,26.31269693,0.00000000,-0.96824535,0.53296843,15
2020-02-27,30.01757834,1.00122529,-0.15672405,-3.50748043,0.64710026,27.15719817,27.15719817,0.00000000,-0.75323204,0.42905397,15
2020-02-28,30.01757834,0.70009609,0.13221280,-2.80738434,0.77931307,27.98950706,27.98950706,0.00000000,-0.60288628,0.51671647,15
2020-03-02,30.01757834,0.31628370,-0.25567250,-2.49110064,0.52364057,28.05011827,28.05011827,0.00000000,-0.53496430,0.34719514,15
2020-03-03,30.01757834,0.49799089,-0.00150374,-1.99310974,0.52213682,28.54660542,28.54660542,0.00000000,-0.42802067,0.34619809,15
2020-03-04,30.01757834,-0.04137175,0.07751719,-2.03448149,0.59965401,28.58275086,28.58275086,0.00000000,-0.43690526,0.39759516,15
2020-03-05,30.01757834,1.00702528,-0.14779833,-1.02745621,0.45185569,29.44197782,29.44197782,0.00000000,-0.22064640,0.29959882,15
2020-03-06,30.01757834,0.96890212,0.18984045,-0.05855409,0.64169614,30.60072039,30.60072039,0.00000000,-0.01257450,0.42547081,15
2020-03-09,30.01757834,2.93352261,0.22882005,2.87496852,0.87051619,33.76306305,33.76306305,0.00000000,0.61740000,0.57718787,15
2020-03-10,30.01757834,0.43465894,-0.43205354,3.30962746,0.43846265,33.76566845,33.76566845,0.00000000,0.71074308,0.29071869,15
2020-03-11,30.01757834,-0.34959548,0.21758641,2.96003198,0.65604906,33.63365937,33.63365937,0.00000000,0.63566739,0.43498739,15
2020-03-12,30.01757834,3.20069966,-0.06544818,6.16073163,0.59060088,36.76891085,36.76891085,0.00000000,1.32301821,0.39159256,15
2020-03-13,30.01757834,-0.99163948,0.05013685,5.16909215,0.64073772,35.82740821,35.82740821,0.00000000,1.11006345,0.42483534,15
2020-03-16,30.01757834,2.32889274,0.33865787,7.49798489,0.97939560,38.49495883,38.49495883,0.00000000,1.61019358,0.64937938,15
2020-03-17,30.01757834,-1.24635556,0.16658128,6.25162933,1.14597687,37.41518454,37.41518454,0.00000000,1.34253850,0.75982959,15
2020-03-18,30.01757834,1.33544269,0.39138017,7.58707202,1.53735705,39.14200740,39.14200740,0.00000000,1.62932506,1.01933066,15
2020-03-19,30.01757834,-0.23784006,0.00383887,7.34923196,1.54119591,38.90800621,38.90800621,0.00000000,1.57824886,1.02187599,15
2020-03-20,30.01757834,-0.77326273,0.16884457,6.57596923,1.71004049,38.30358806,38.30358806,0.00000000,1.41219056,1.13382686,15
2020-03-23,30.01757834,1.25177605,-0.01809751,7.82774528,1.69194298,39.53726660,39.53726660,0.00000000,1.68100968,1.12182747,15
2020-03-24,30.01757834,-2.00987303,-0.53340812,5.81787224,1.15853486,36.99398544,36.99398544,0.00000000,1.24938909,0.76815604,15
2020-03-25,30.01757834,-1.25389012,-0.18846180,4.56398212,0.97007306,35.55163352,35.55163352,0.00000000,0.98011597,0.64319815,15
2020-03-26,30.01757834,-0.38345063,-0.03266619,4.18053149,0.93740687,35.13551670,35.13551670,0.00000000,0.89776988,0.62153913,15
2020-03-27,30.01757834,0.90359681,-0.23178244,5.08412830,0.70562443,35.80733107,35.80733107,0.00000000,1.09181745,0.46785789,15
2020-03-30,30.01757834,0.86675338,0.06373259,5.95088168,0.76935702,36.73781705,36.73781705,0.00000000,1.27795289,0.51011520,15
2020-03-31,30.01757834,0.96157890,1.06315852,6.91246058,1.83251554,38.76255446,38.76255446,0.00000000,1.48445213,1.21503283,15
2020-04-01,30.01757834,1.47659941,0.05493403,8.38905999,1.88744957,40.29408790,40.29408790,0.00000000,1.80155212,1.25145634,15
2020-04-02,30.01757834,0.22363796,-0.16170257,8.61269795,1.72574700,40.35602329,40.35602329,0.00000000,1.84957841,1.14424092,15
2020-04-03,30.01757834,0.71982556,0.17888729,9.33252351,1.90463429,41.25473614,41.25473614,0.00000000,2.00416108,1.26285051,15
2020-04-06,30.01757834,-1.10189054,-0.33631591,8.23063298,1.56831838,39.81652970,39.81652970,0.00000000,1.76752989,1.03985930,15
2020-04-07,30.01757834,-1.15614536,0.03720874,7.07448762,1.60552712,38.69759307,38.69759307,0.00000000,1.51924747,1.06453021,15
2020-04-08,30.01757834,-0.22202268,0.02918437,6.85246494,1.63471149,38.50475476,38.50475476,0.00000000,1.47156806,1.08388064,15
2020-04-09,30.01757834,-0.95043794,-0.10289136,5.90202700,1.53182013,37.45142547,37.45142547,0.00000000,1.26746134,1.01565946,15
2020-04-14,30.01757834,0.68090210,-0.26201158,6.58292910,1.26980854,37.87031598,37.87031598,0.00000000,1.41368519,0.84193505,15
2020-04-15,30.01757834,1.78395483,-0.13601429,8.36688393,1.13379425,39.51825652,39.51825652,0.00000000,1.79678980,0.75175201,15
2020-04-16,30.01757834,0.37898665,0.34790107,8.74587058,1.48169533,40.24514425,40.24514425,0.00000000,1.87817725,0.98242466,15
2020-04-17,30.01757834,-0.97308628,-0.13049375,7.77278430,1.35120157,39.14156422,39.14156422,0.00000000,1.66920680,0.89590196,15
2020-04-20,30.01757834,0.09406482,0.00378607,7.86684913,1.35498764,39.23941511,39.23941511,0.00000000,1.68940724,0.89841228,15
2020-04-21,30.01757834,1.03091416,-0.02823604,8.89776328,1.32675161,40.24209323,40.24209323,0.00000000,1.91079624,0.87969064,15
2020-04-22,30.01757834,-0.57769813,0.17942427,8.32006516,1.50617588,39.84381938,39.84381938,0.00000000,1.78673546,0.99865627,15
2020-04-23,30.01757834,-0.91258656,0.11012357,7.40747859,1.61629945,39.04135639,39.04135639,0.00000000,1.59075734,1.07167271,15
2020-04-24,30.01757834,0.68501851,-0.19541028,8.09249711,1.42088917,39.53096462,39.53096462,0.00000000,1.73786519,0.94210770,15
2020-04-27,30.01757834,-1.03512864,-0.23073800,7.05736847,1.19015117,38.26509798,38.26509798,0.00000000,1.51557113,0.78911895,15
2020-04-28,30.01757834,-1.01426145,0.07838168,6.04310701,1.26853285,37.32921821,37.32921821,0.00000000,1.29775830,0.84108922,15
2020-04-29,30.01757834,-1.37391026,0.31935830,4.66919675,1.58789115,36.27466625,36.27466625,0.00000000,1.00271083,1.05283685,15
2020-04-30,30.01757834,1.23218508,-0.32244666,5.90138184,1.26544449,37.18440467,37.18440467,0.00000000,1.26732279,0.83904151,15
2020-05-01,30.01757834,0.19914059,0.33695274,6.10052243,1.60239723,37.72049800,37.72049800,0.00000000,1.31008827,1.06245497,15
2020-05-04,30.01757834,1.05953161,-0.00853346,7.16005404,1.59386377,38.77149615,38.77149615,0.00000000,1.53762287,1.05679694,15
2020-05-05,30.01757834,-0.65187265,0.21454246,6.50818139,1.80840623,38.33416596,38.33416596,0.00000000,1.39763311,1.19904737,15
2020-05-06,30.01757834,0.39125072,-0.10423424,6.89943211,1.70417199,38.62118244,38.62118244,0.00000000,1.48165427,1.12993580,15
2020-05-07,30.01757834,-0.62072649,0.22641167,6.27870562,1.93058366,38.22686762,38.22686762,0.00000000,1.34835314,1.28005601,15
2020-05-08,30.01757834,-0.26893862,-0.17408686,6.00976700,1.75649680,37.78384214,37.78384214,0.00000000,1.29059853,1.16462929,15
2020-05-11,30.01757834,0.59036442,-0.14493141,6.60013142,1.61156538,38.22927514,38.22927514,0.00000000,1.41737939,1.06853383,15
2020-05-12,30.01757834,0.30514436,0.20237094,6.90527578,1.81393632,38.73679043,38.73679043,0.00000000,1.48290919,1.20271405,15
2020-05-13,30.01757834,0.80001515,0.01158692,7.70529092,1.82552324,39.54839250,39.54839250,0.00000000,1.65471259,1.21039665,15
2020-05-14,30.01757834,0.16134492,0.00280347,7.86663585,1.82832670,39.71254089,39.71254089,0.00000000,1.68936144,1.21225546,15
2020-05-15,30.01757834,-0.16199722,0.11868805,7.70463863,1.94701476,39.66923172,39.66923172,0.00000000,1.65457251,1.29095050,15
2020-05-18,30.01757834,-1.38633480,-0.05028212,6.31830383,1.89673264,38.23261481,38.23261481,0.00000000,1.35685686,1.25761140,15
2020-05-19,30.01757834,0.19483461,-0.16802562,6.51313844,1.72870702,38.25942379,38.25942379,0.00000000,1.39869763,1.14620353,15
2020-05-20,30.01757834,-0.24483686,-0.05444731,6.26830158,1.67425971,37.96013963,37.96013963,0.00000000,1.34611887,1.11010274,15
2020-05-21,30.01757834,0.68268750,-0.18616960,6.95098907,1.48809011,38.45665752,38.45665752,0.00000000,1.49272613,0.98666467,15
2020-05-22,30.01757834,0.17165312,0.27952238,7.12264219,1.76761250,38.90783303,38.90783303,0.00000000,1.52958867,1.17199945,15
2020-05-26,30.01757834,-1.84768333,-0.10101447,5.27495887,1.66659803,36.95913524,36.95913524,0.00000000,1.13279835,1.10502273,15
2020-05-27,30.01757834,-1.18326804,-0.16450869,4.09169083,1.50208934,35.61135851,35.61135851,0.00000000,0.87869133,0.99594673,15
2020-05-28,30.01757834,0.31375143,-0.18463997,4.40544226,1.31744937,35.74046997,35.74046997,0.00000000,0.94606950,0.87352287,15
2020-05-29,30.01757834,0.82922316,0.02380936,5.23466542,1.34125873,36.59350249,36.59350249,0.00000000,1.12414532,0.88930945,15
2020-06-01,30.01757834,-0.86307711,0.16163750,4.37158830,1.50289624,35.89206288,35.89206288,0.00000000,0.93879936,0.99648174,15
2020-06-02,30.01757834,-0.38083725,-0.08895289,3.99075105,1.41394335,35.42227274,35.42227274,0.00000000,0.85701449,0.93750233,15
2020-06-03,30.01757834,-0.90382500,0.06688430,3.08692605,1.48082765,34.58533204,34.58533204,0.00000000,0.66291792,0.98184936,15
2020-06-04,30.01757834,-0.19614523,-0.10981128,2.89078082,1.37101637,34.27937553,34.27937553,0.00000000,0.62079569,0.90903999,15
2020-06-05,30.01757834,-1.25535473,0.01010990,1.63542609,1.38112627,33.03413071,33.03413071,0.00000000,0.35120804,0.91574327,15
2020-06-08,30.01757834,-0.24540165,-0.16638660,1.39002444,1.21473967,32.62234245,32.62234245,0.00000000,0.29850799,0.80542214,15
2020-06-09,30.01757834,0.80476725,-0.19513228,2.19479168,1.01960739,33.23197742,33.23197742,0.00000000,0.47133190,0.67604145,15
2020-06-10,30.01757834,0.26463261,0.22071080,2.45942429,1.24031820,33.71732083,33.71732083,0.00000000,0.52816180,0.82238175,15
2020-06-11,30.01757834,1.53478599,0.26222805,3.99421028,1.50254625,35.51433487,35.51433487,0.00000000,0.85775736,0.99624968,15
2020-06-12,30.01757834,-0.34724224,0.08266505,3.64696804,1.58521130,35.24975767,35.24975767,0.00000000,0.78318703,1.05105999,15
2020-06-15,30.01757834,0.27795075,0.06407354,3.92491879,1.64928484,35.59178197,35.59178197,0.00000000,0.84287700,1.09354337,15
2020-06-16,30.01757834,-0.73342598,-0.17669340,3.19149280,1.47259144,34.68166258,34.68166258,0.00000000,0.68537364,0.97638841,15
2020-06-17,30.01757834,0.15098149,0.06337887,3.34247430,1.53597031,34.89602295,34.89602295,0.00000000,0.71779695,1.01841120,15
2020-06-18,30.01757834,0.10457024,0.05118253,3.44704454,1.58715284,35.05177571,35.05177571,0.00000000,0.74025342,1.05234731,15
2020-06-19,30.01757834,0.18961321,-0.03822140,3.63665774,1.54893144,35.20316752,35.20316752,0.00000000,0.78097289,1.02700496,15
2020-06-22,30.01757834,0.03429577,0.18428991,3.67095351,1.73322135,35.42175320,35.42175320,0.00000000,0.78833792,1.14919671,15
2020-06-23,30.01757834,-0.49712434,0.02938854,3.17382917,1.76260989,34.95401740,34.95401740,0.00000000,0.68158038,1.16868252,15
2020-06-24,30.01757834,0.77479332,0.01936746,3.94862249,1.78197735,35.74817817,35.74817817,0.00000000,0.84796738,1.18152394,15
2020-06-25,30.01757834,-0.41111644,0.09200383,3.53750605,1.87398118,35.42906557,35.42906557,0.00000000,0.75968005,1.24252625,15
2020-06-26,30.01757834,0.42975856,0.09274542,3.96726460,1.96672660,35.95156954,35.95156954,0.00000000,0.85197078,1.30402025,15
2020-06-29,30.01757834,-0.56605104,0.25550254,3.40121356,2.22222913,35.64102103,35.64102103,0.00000000,0.73041121,1.47342890,15
2020-06-30,30.01757834,-0.12202018,0.20764095,3.27919337,2.42987008,35.72664179,35.72664179,0.00000000,0.70420736,1.61110335,15
2020-07-01,30.01757834,0.27772906,0.02068261,3.55692244,2.45055269,36.02505347,36.02505347,0.00000000,0.76384972,1.62481676,15
2020-07-02,30.01757834,-0.70601411,0.01604588,2.85090832,2.46659857,35.33508523,35.33508523,0.00000000,0.61223307,1.63545584,15
2020-07-06,30.01757834,-0.52094195,-0.35090484,2.32996638,2.11569373,34.46323844,34.46323844,0.00000000,0.50036069,1.40279156,15
2020-07-07,30.01757834,0.33973312,0.22578181,2.66969950,2.34147554,35.02875338,35.02875338,0.00000000,0.57331844,1.55249415,15
2020-07-08,30.01757834,0.26381772,-0.02115877,2.93351722,2.32031677,35.27141233,35.27141233,0.00000000,0.62997334,1.53846502,15
2020-07-09,30.01757834,0.43365863,0.07110857,3.36717585,2.39142534,35.77617954,35.77617954,0.00000000,0.72310161,1.58561291,15
2020-07-10,30.01757834,-0.53483681,0.10914603,2.83233905,2.50057138,35.35048876,35.35048876,0.00000000,0.60824531,1.65798120,15
2020-07-13,30.01757834,-0.35304372,-0.02436073,2.47929533,2.47621064,34.97308431,34.97308431,0.00000000,0.53242911,1.64182904,15
2020-07-14,30.01757834,0.01058139,0.10935274,2.48987672,2.58556338,35.09301845,35.09301845,0.00000000,0.53470147,1.71433438,15
2020-07-15,30.01757834,-0.26950000,0.00931916,2.22037672,2.59488254,34.83283761,34.83283761,0.00000000,0.47682629,1.72051337,15
2020-07-16,30.01757834,-0.09352389,0.00266200,2.12685283,2.59754454,34.74197572,34.74197572,0.00000000,0.45674202,1.72227838,15
2020-07-17,30.01757834,0.25555377,0.03750292,2.38240660,2.63504746,35.03503240,35.03503240,0.00000000,0.51162224,1.74714435,15
2020-07-20,30.01757834,0.01450120,0.03059829,2.39690780,2.66564575,35.08013189,35.08013189,0.00000000,0.51473637,1.76743227,15
2020-07-21,30.01757834,-0.24700063,0.09563547,2.14990717,2.76128122,34.92876673,34.92876673,0.00000000,0.46169295,1.83084250,15
2020-07-22,30.01757834,0.33495638,0.03139375,2.48486355,2.79267497,35.29511687,35.29511687,0.00000000,0.53362489,1.85165784,15
2020-07-23,30.01757834,0.12516347,-0.01956847,2.61002703,2.77310650,35.40071187,35.40071187,0.00000000,0.56050377,1.83868315,15
2020-07-24,30.01757834,0.24064763,0.04179799,2.85067465,2.81490450,35.68315749,35.68315749,0.00000000,0.61218289,1.86639693,15
2020-07-27,30.01757834,0.30726704,-0.07519984,3.15794169,2.73970466,35.91522469,35.91522469,0.00000000,0.67816854,1.81653636,15
2020-07-28,30.01757834,0.01660328,0.08011868,3.17454497,2.81982334,36.01194665,36.01194665,0.00000000,0.68173409,1.86965832,15
2020-07-29,30.01757834,0.09309511,-0.11253494,3.26764008,2.70728840,35.99250682,35.99250682,0.00000000,0.70172629,1.79504305,15
2020-07-30,30.01757834,0.96721890,-0.01404210,4.23485898,2.69324630,36.94568362,36.94568362,0.00000000,0.90943671,1.78573257,15
2020-07-31,30.01757834,0.34053725,0.15614895,4.57539622,2.84939525,37.44236982,37.44236982,0.00000000,0.98256715,1.88926571,15
2020-08-03,30.01757834,-0.53173139,0.03306523,4.04366484,2.88246048,36.94370366,36.94370366,0.00000000,0.86837774,1.91118931,15
2020-08-04,30.01757834,-0.40579982,-0.13431072,3.63786502,2.74814976,36.40359312,36.40359312,0.00000000,0.78123216,1.82213581,15
2020-08-05,30.01757834,-0.02964110,0.01220777,3.60822392,2.76035753,36.38615979,36.38615979,0.00000000,0.77486673,1.83023006,15
2020-08-06,30.01757834,0.19592318,-0.04483360,3.80414710,2.71552393,36.53724937,36.53724937,0.00000000,0.81694126,1.80050355,15
2020-08-07,30.01757834,-0.09554180,0.02416623,3.70860529,2.73969016,36.46587379,36.46587379,0.00000000,0.79642364,1.81652674,15
2020-08-10,30.01757834,-0.25758521,0.08157712,3.45102008,2.82126728,36.28986570,36.28986570,0.00000000,0.74110717,1.87061571,15
2020-08-11,30.01757834,-0.89539766,-0.10521895,2.55562242,2.71604833,35.28924909,35.28924909,0.00000000,0.54882037,1.80085124,15
2020-08-12,30.01757834,-0.23273058,-0.05419354,2.32289184,2.66185479,35.00232497,35.00232497,0.00000000,0.49884143,1.76491871,15
2020-08-13,30.01757834,0.41755931,-0.09325699,2.74045114,2.56859780,35.32662728,35.32662728,0.00000000,0.58851237,1.70308551,15
2020-08-14,30.01757834,0.16080071,-0.01191181,2.90125185,2.55668599,35.47551618,35.47551618,0.00000000,0.62304435,1.69518749,15
2020-08-17,30.01757834,0.25070377,-0.00429704,3.15195561,2.55238895,35.72192291,35.72192291,0.00000000,0.67688303,1.69233838,15
2020-08-18,30.01757834,0.31710265,0.00735109,3.46905826,2.55974004,36.04637664,36.04637664,0.00000000,0.74498088,1.69721245,15
2020-08-19,30.01757834,-0.29945876,0.06390306,3.16959951,2.62364309,35.81082094,35.81082094,0.00000000,0.68067205,1.73958279,15
2020-08-20,30.01757834,0.55057480,0.01226997,3.72017431,2.63591307,36.37366571,36.37366571,0.00000000,0.79890809,1.74771828,15
2020-08-21,30.01757834,0.26831859,-0.07164016,3.98849289,2.56427291,36.57034414,36.57034414,0.00000000,0.85652955,1.70021792,15
2020-08-24,30.01757834,-0.48655432,0.01060671,3.50193857,2.57487962,36.09439653,36.09439653,0.00000000,0.75204193,1.70725061,15
2020-08-25,30.01757834,0.03760944,-0.18226233,3.53954800,2.39261729,35.94974364,35.94974364,0.00000000,0.76011856,1.58640322,15
2020-08-26,30.01757834,-0.11801544,0.09995694,3.42153257,2.49257423,35.93168513,35.93168513,0.00000000,0.73477472,1.65267876,15
2020-08-27,30.01757834,0.17713506,0.00119403,3.59866762,2.49376825,36.11001422,36.11001422,0.00000000,0.77281451,1.65347045,15
2020-08-28,30.01757834,-0.52713335,0.06142388,3.07153427,2.55519213,35.64430474,35.64430474,0.00000000,0.65961253,1.69419700,15
2020-08-31,30.01757834,0.44215780,0.13019923,3.51369207,2.68539136,36.21666177,36.21666177,0.00000000,0.75456599,1.78052442,15
2020-09-01,30.01757834,0.33254117,-0.07560429,3.84623325,2.60978707,36.47359866,36.47359866,0.00000000,0.82597927,1.73039568,15
2020-09-02,30.01757834,0.13069057,0.01144455,3.97692381,2.62123162,36.61573377,36.61573377,0.00000000,0.85404509,1.73798388,15
2020-09-03,30.01757834,0.02321970,-0.00683958,4.00014351,2.61439204,36.63211389,36.63211389,0.00000000,0.85903153,1.73344896,15
2020-09-04,30.01757834,-0.44002259,-0.02137267,3.56012092,2.59301937,36.17071863,36.17071863,0.00000000,0.76453660,1.71927801,15
2020-09-08,30.01757834,0.28942709,-0.12759061,3.84954801,2.46542876,36.33255511,36.33255511,0.00000000,0.82669112,1.63468021,15
2020-09-09,30.01757834,-0.28439908,0.27286414,3.56514893,2.73829290,36.32102017,36.32102017,0.00000000,0.76561636,1.81560030,15
2020-09-10,30.01757834,-0.01808536,0.03944272,3.54706357,2.77773561,36.34237752,36.34237752,0.00000000,0.76173253,1.84175244,15
2020-09-11,30.01757834,0.30186212,-0.08974639,3.84892569,2.68798922,36.55449325,36.55449325,0.00000000,0.82655747,1.78224691,15
2020-09-14,30.01757834,-0.18053257,0.00304089,3.66839312,2.69103012,36.37700158,36.37700158,0.00000000,0.78778807,1.78426314,15
2020-09-15,30.01757834,0.33952547,-0.00271392,4.00791860,2.68831619,36.71381313,36.71381313,0.00000000,0.86070123,1.78246370,15
2020-09-16,30.01757834,-0.00474743,0.05396565,4.00317117,2.74228184,36.76303134,36.76303134,0.00000000,0.85968172,1.81824513,15
2020-09-17,30.01757834,0.28868725,0.00526755,4.29185842,2.74754939,37.05698615,37.05698615,0.00000000,0.92167735,1.82173774,15
2020-09-18,30.01757834,0.56740017,-0.18675344,4.85925858,2.56079595,37.43763287,37.43763287,0.00000000,1.04352664,1.69791256,15
2020-09-21,30.01757834,1.16965277,-0.15151639,6.02891135,2.40927956,38.45576926,38.45576926,0.00000000,1.29470978,1.59745099,15
2020-09-22,30.01757834,0.01148916,0.12486675,6.04040052,2.53414632,38.59212517,38.59212517,0.00000000,1.29717708,1.68024276,15
2020-09-23,30.01757834,0.12916789,0.26903031,6.16956841,2.80317663,38.99032338,38.99032338,0.00000000,1.32491591,1.85862088,15
2020-09-24,30.01757834,0.29946552,0.02461560,6.46903393,2.82779223,39.31440450,39.31440450,0.00000000,1.38922618,1.87494203,15
2020-09-25,30.01757834,0.58930198,-0.19485068,7.05833591,2.63294155,39.70885580,39.70885580,0.00000000,1.51577889,1.74574805,15
2020-09-28,30.01757834,-1.25262587,0.13206181,5.80571004,2.76500336,38.58829173,38.58829173,0.00000000,1.24677726,1.83331043,15
2020-09-29,30.01757834,0.59066883,0.13491143,6.39637887,2.89991479,39.31387199,39.31387199,0.00000000,1.37362349,1.92276223,15
2020-09-30,30.01757834,-0.07471214,0.42123593,6.32166673,3.32115072,39.66039579,39.66039579,0.00000000,1.35757905,2.20205890,15
2020-10-01,30.01757834,0.19466262,-0.05550206,6.51632935,3.26564866,39.79955635,39.79955635,0.00000000,1.39938288,2.16525876,15
2020-10-02,30.01757834,0.02945826,-0.08232411,6.54578761,3.18332455,39.74669050,39.74669050,0.00000000,1.40570905,2.11067451,15
2020-10-05,30.01757834,-0.44499236,-0.06791961,6.10079525,3.11540494,39.23377852,39.23377852,0.00000000,1.31014686,2.06564102,15
2020-10-06,30.01757834,-0.77692849,0.21728039,5.32386676,3.33268532,38.67413042,38.67413042,0.00000000,1.14330133,2.20970682,15
2020-10-07,30.01757834,-0.02086599,-0.11831105,5.30300076,3.21437427,38.53495338,38.53495338,0.00000000,1.13882035,2.13126175,15
2020-10-08,30.01757834,-0.32028053,0.01319677,4.98272023,3.22757104,38.22786962,38.22786962,0.00000000,1.07004005,2.14001174,15
2020-10-09,30.01757834,0.23473867,-0.00895888,5.21745891,3.21861216,38.45364941,38.45364941,0.00000000,1.12045022,2.13407164,15
2020-10-12,30.01757834,-0.15372266,-0.33045700,5.06373625,2.88815516,37.96946975,37.96946975,0.00000000,1.08743825,1.91496512,15
2020-10-13,30.01757834,0.70275423,-0.06297805,5.76649048,2.82517711,38.60924592,38.60924592,0.00000000,1.23835485,1.87320809,15
2020-10-14,30.01757834,0.19168369,0.00211685,5.95817417,2.82729395,38.80304646,38.80304646,0.00000000,1.27951896,1.87461165,15
2020-10-15,30.01757834,0.31708542,0.03991239,6.27525959,2.86720634,39.16004428,39.16004428,0.00000000,1.34761311,1.90107519,15
2020-10-16,30.01757834,-0.34403632,-0.15411805,5.93122328,2.71308829,38.66188991,38.66188991,0.00000000,1.27373125,1.79888862,15
2020-10-19,30.01757834,-0.22097603,-0.00555278,5.71024725,2.70753551,38.43536111,38.43536111,0.00000000,1.22627661,1.79520690,15
2020-10-20,30.01757834,-0.16461441,0.11758977,5.54563284,2.82512528,38.38833646,38.38833646,0.00000000,1.19092563,1.87317373,15
2020-10-21,30.01757834,0.24926955,-0.16173338,5.79490239,2.66339190,38.47587263,38.47587263,0.00000000,1.24445631,1.76593787,15
2020-10-22,30.01757834,-0.20534418,-0.12757776,5.58955821,2.53581414,38.14295069,38.14295069,0.00000000,1.20035862,1.68134860,15
2020-10-23,30.01757834,-0.52593595,0.05688315,5.06362227,2.59269729,37.67389789,37.67389789,0.00000000,1.08741378,1.71906445,15
2020-10-26,30.01757834,0.40150296,-0.00333326,5.46512523,2.58936403,38.07206760,38.07206760,0.00000000,1.17363661,1.71685437,15
2020-10-27,30.01757834,0.86031555,0.14043668,6.32544078,2.72980071,39.07281983,39.07281983,0.00000000,1.35838953,1.80996964,15
2020-10-28,30.01757834,0.94100981,0.05317837,7.26645059,2.78297909,40.06700802,40.06700802,0.00000000,1.56047155,1.84522908,15
2020-10-29,30.01757834,0.61424503,-0.20855110,7.88069563,2.57442799,40.47270195,40.47270195,0.00000000,1.69238078,1.70695116,15
2020-10-30,30.01757834,-0.36411689,0.28021589,7.51657874,2.85464388,40.38880096,40.38880096,0.00000000,1.61418661,1.89274577,15
2020-11-02,30.01757834,-0.70808594,-0.29011249,6.80849280,2.56453139,39.39060253,39.39060253,0.00000000,1.46212503,1.70038931,15
2020-11-03,30.01757834,-0.95521901,0.02952430,5.85327379,2.59405569,38.46490782,38.46490782,0.00000000,1.25699158,1.71996513,15
2020-11-04,30.01757834,0.21922350,-0.02698977,6.07249729,2.56706591,38.65714154,38.65714154,0.00000000,1.30406987,1.70206980,15
2020-11-05,30.01757834,-0.55606210,-0.03326835,5.51643519,2.53379757,38.06781109,38.06781109,0.00000000,1.18465543,1.68001152,15
2020-11-06,30.01757834,0.24213226,-0.13011489,5.75856745,2.40368267,38.17982846,38.17982846,0.00000000,1.23665338,1.59374002,15
2020-11-09,30.01757834,-2.78701689,0.29314838,2.97155055,2.69683105,35.68595994,35.68595994,0.00000000,0.63814101,1.78810940,15
2020-11-10,30.01757834,-0.59875776,-0.22077929,2.37279279,2.47605176,34.86642289,34.86642289,0.00000000,0.50955767,1.64172369,15
2020-11-11,30.01757834,-0.03483341,-0.28575011,2.33795938,2.19030164,34.54583936,34.54583936,0.00000000,0.50207719,1.45225967,15
2020-11-12,30.01757834,0.53036675,0.08247334,2.86832613,2.27277498,35.15867945,35.15867945,0.00000000,0.61597354,1.50694287,15
2020-11-13,30.01757834,-0.10960079,0.21361610,2.75872534,2.48639108,35.26269476,35.26269476,0.00000000,0.59243675,1.64857908,15
2020-11-16,30.01757834,-0.57981501,-0.04564025,2.17891033,2.44075083,34.63723950,34.63723950,0.00000000,0.46792138,1.61831773,15
2020-11-17,30.01757834,-0.10699702,-0.25242862,2.07191331,2.18832221,34.27781385,34.27781385,0.00000000,0.44494375,1.45094722,15
2020-11-18,30.01757834,-0.13972339,0.14217540,1.93218992,2.33049761,34.28026587,34.28026587,0.00000000,0.41493813,1.54521533,15
2020-11-19,30.01757834,0.12344007,0.07629035,2.05562999,2.40678796,34.47999630,34.47999630,0.00000000,0.44144690,1.59579896,15
2020-11-20,30.01757834,-0.08196724,0.12240897,1.97366275,2.52919694,34.52043803,34.52043803,0.00000000,0.42384443,1.67696112,15
2020-11-23,30.01757834,-0.47503862,-0.00005042,1.49862413,2.52914651,34.04534899,34.04534899,0.00000000,0.32182980,1.67692769,15
2020-11-24,30.01757834,-0.88051440,0.04942497,0.61810973,2.57857149,33.21425956,33.21425956,0.00000000,0.13273917,1.70969847,15
2020-11-25,30.01757834,-0.04626551,-0.04410462,0.57184422,2.53446687,33.12388943,33.12388943,0.00000000,0.12280365,1.68045530,15
2020-11-27,30.01757834,0.09304750,-0.19997244,0.66489172,2.33449443,33.01696449,33.01696449,0.00000000,0.14278562,1.54786539,15
2020-11-30,30.01757834,0.42447902,0.15382117,1.08937074,2.48831560,33.59526468,33.59526468,0.00000000,0.23394256,1.64985512,15
2020-12-01,30.01757834,-0.71068127,0.07476163,0.37868947,2.56307723,32.95934505,32.95934505,0.00000000,0.08132363,1.69942514,15
2020-12-02,30.01757834,-0.32234298,-0.01089217,0.05634650,2.55218506,32.62610990,32.62610990,0.00000000,0.01210042,1.69220319,15
2020-12-03,30.01757834,0.15222659,0.14133948,0.20857309,2.69352455,32.91967598,32.91967598,0.00000000,0.04479111,1.78591705,15
2020-12-04,30.01757834,-0.46708214,0.06065842,-0.25850904,2.75418296,32.51325226,32.51325226,0.00000000,-0.05551486,1.82613607,15
2020-12-07,30.01757834,0.37783525,0.04271734,0.11932621,2.79690030,32.93380485,32.93380485,0.00000000,0.02562533,1.85445941,15
2020-12-08,30.01757834,0.24967310,0.08272148,0.36899931,2.87962179,33.26619944,33.26619944,0.00000000,0.07924267,1.90930714,15
2020-12-09,30.01757834,-0.05447571,-0.07890491,0.31452360,2.80071688,33.13281882,33.13281882,0.00000000,0.06754400,1.85698996,15
2020-12-10,30.01757834,0.11830775,0.09798375,0.43283135,2.89870062,33.34911031,33.34911031,0.00000000,0.09295061,1.92195719,15
2020-12-11,30.01757834,0.09265534,-0.07822671,0.52548669,2.82047391,33.36353894,33.36353894,0.00000000,0.11284836,1.87008968,15
2020-12-14,30.01757834,-0.16456883,0.09939056,0.36091786,2.91986447,33.29836067,33.29836067,0.00000000,0.07750717,1.93598969,15
2020-12-15,30.01757834,-0.26360594,0.04674756,0.09731193,2.96661203,33.08150229,33.08150229,0.00000000,0.02089775,1.96698523,15
2020-12-16,30.01757834,0.26683439,-0.09285188,0.36414632,2.87376015,33.25548480,33.25548480,0.00000000,0.07820049,1.90542064,15
2020-12-17,30.01757834,-0.00780693,0.07293680,0.35633939,2.94669695,33.32061467,33.32061467,0.00000000,0.07652395,1.95378072,15
2020-12-18,30.01757834,0.23253593,-0.02333656,0.58887532,2.92336039,33.52981404,33.52981404,0.00000000,0.12646108,1.93830762,15
2020-12-21,30.01757834,0.30883452,-0.17728370,0.89770984,2.74607668,33.66136486,33.66136486,0.00000000,0.19278335,1.82076127,15
2020-12-22,30.01757834,-0.12447561,0.17394687,0.77323423,2.92002356,33.71083613,33.71083613,0.00000000,0.16605219,1.93609517,15
2020-12-23,30.01757834,-0.41273767,0.15205394,0.36049656,3.07207750,33.45015240,33.45015240,0.00000000,0.07741670,2.03691316,15
2020-12-24,30.01757834,-0.05792972,-0.14250008,0.30256684,2.92957742,33.24972260,33.24972260,0.00000000,0.06497628,1.94242977,15
2020-12-28,30.01757834,0.00782824,-0.25558101,0.31039508,2.67399641,33.00196983,33.00196983,0.00000000,0.06665740,1.77296910,15
2020-12-29,30.01757834,0.02358170,-0.11587772,0.33397678,2.55811869,32.90967381,32.90967381,0.00000000,0.07172157,1.69613743,15
2020-12-30,30.01757834,0.06148437,0.01182580,0.39546115,2.56994449,32.98298398,32.98298398,0.00000000,0.08492535,1.70397841,15
2020-12-31,30.01757834,2.02604643,-0.33431919,2.42150759,2.23562530,34.67471123,34.67471123,0.00000000,0.52001918,1.48231110,15
2021-01-04,30.01757834,0.15535292,0.17742521,2.57686050,2.41305051,35.00748936,35.00748936,0.00000000,0.55338125,1.59995128,15
2021-01-05,30.01757834,-0.08490128,-0.02507654,2.49195922,2.38797397,34.89751154,34.89751154,0.00000000,0.53514868,1.58332451,15
2021-01-06,30.01757834,-1.07684159,-0.00560256,1.41511763,2.38237141,33.81506738,33.81506738,0.00000000,0.30389676,1.57960978,15
2021-01-07,30.01757834,-0.24673778,-0.24189230,1.16837985,2.14047911,33.32643730,33.32643730,0.00000000,0.25090978,1.41922529,15
2021-01-08,30.01757834,0.16261315,-0.11045664,1.33099299,2.03002247,33.37859381,33.37859381,0.00000000,0.28583098,1.34598801,15
2021-01-11,30.01757834,0.09908180,-0.14577829,1.43007479,1.88424419,33.33189732,33.33189732,0.00000000,0.30710881,1.24933104,15
2021-01-12,30.01757834,-0.20837788,-0.10346551,1.22169691,1.78077868,33.02005393,33.02005393,0.00000000,0.26235963,1.18072917,15
2021-01-13,30.01757834,0.17391722,-0.07152018,1.39561413,1.70925850,33.12245097,33.12245097,0.00000000,0.29970838,1.13330836,15
2021-01-14,30.01757834,0.05552825,-0.11679289,1.45114238,1.59246561,33.06118633,33.06118633,0.00000000,0.31163308,1.05586990,15
2021-01-15,30.01757834,0.40232898,-0.05192316,1.85347136,1.54054245,33.41159215,33.41159215,0.00000000,0.39803330,1.02144272,15
2021-01-19,30.01757834,0.24963776,-0.13238699,2.10310913,1.40815546,33.52884292,33.52884292,0.00000000,0.45164306,0.93366472,15
2021-01-20,30.01757834,-0.02388872,0.06941967,2.07922040,1.47757513,33.57437388,33.57437388,0.00000000,0.44651295,0.97969281,15
2021-01-21,30.01757834,0.12417856,0.02169392,2.20339897,1.49926906,33.72024636,33.72024636,0.00000000,0.47318032,0.99407677,15
2021-01-22,30.01757834,0.34896405,0.11715233,2.55236301,1.61642139,34.18636274,34.18636274,0.00000000,0.54812041,1.07175356,15
2021-01-25,30.01757834,0.60883668,-0.13206967,3.16119969,1.48435172,34.66312975,34.66312975,0.00000000,0.67886819,0.98418596,15
2021-01-26,30.01757834,-0.24365863,0.18330377,2.91754106,1.66765548,34.60277488,34.60277488,0.00000000,0.62654246,1.10572386,15
2021-01-27,30.01757834,0.53477835,-0.09600283,3.45231941,1.57165266,35.04155041,35.04155041,0.00000000,0.74138620,1.04207006,15
2021-01-28,30.01757834,-0.28193764,0.12357414,3.17038177,1.69522679,34.88318691,34.88318691,0.00000000,0.68084005,1.12400477,15
2021-01-29,30.01757834,0.52545740,0.13472106,3.69583917,1.82994786,35.54336537,35.54336537,0.00000000,0.79368212,1.21333035,15
2021-02-01,30.01757834,-0.20911986,-0.03749221,3.48671931,1.79245565,35.29675330,35.29675330,0.00000000,0.74877359,1.18847148,15
2021-02-02,30.01757834,-0.47119644,-0.00965445,3.01552287,1.78280120,34.81590242,34.81590242,0.00000000,0.64758407,1.18207019,15
2021-02-03,30.01757834,-0.14024977,-0.18019862,2.87527310,1.60260258,34.49545403,34.49545403,0.00000000,0.61746541,1.06259113,15
2021-02-04,30.01757834,-0.24106972,-0.01116459,2.63420338,1.59143800,34.24321972,34.24321972,0.00000000,0.56569564,1.05518855,15
2021-02-05,30.01757834,-0.21172980,-0.05252335,2.42247358,1.53891465,33.97896657,33.97896657,0.00000000,0.52022663,1.02036342,15
2021-02-08,30.01757834,-0.28809791,-0.06970109,2.13437567,1.46921356,33.62116757,33.62116757,0.00000000,0.45835755,0.97414874,15
2021-02-09,30.01757834,0.11057689,0.01448560,2.24495256,1.48369916,33.74623006,33.74623006,0.00000000,0.48210396,0.98375329,15
2021-02-10,30.01757834,-0.26492668,-0.09540173,1.98002588,1.38829743,33.38590164,33.38590164,0.00000000,0.42521091,0.92049803,15
2021-02-11,30.01757834,-0.32335449,0.04154708,1.65667139,1.42984450,33.10409423,33.10409423,0.00000000,0.35577047,0.94804544,15
2021-02-12,30.01757834,-0.23636354,-0.07567413,1.42030785,1.35417037,32.79205655,32.79205655,0.00000000,0.30501136,0.89787040,15
2021-02-16,30.01757834,-0.63930657,-0.16391028,0.78100128,1.19026009,31.98883971,31.98883971,0.00000000,0.16772016,0.78919117,15
2021-02-17,30.01757834,-0.14609268,-0.10634423,0.63490860,1.08391586,31.73640280,31.73640280,0.00000000,0.13634673,0.71868059,15
2021-02-18,30.01757834,0.26360718,0.10668167,0.89851577,1.19059753,32.10669164,32.10669164,0.00000000,0.19295642,0.78941491,15
2021-02-19,30.01757834,-0.38402773,0.08427245,0.51448804,1.27486998,31.80693636,31.80693636,0.00000000,0.11048640,0.84529099,15
2021-02-22,30.01757834,-0.35737674,-0.08583743,0.15711130,1.18903255,31.36372219,31.36372219,0.00000000,0.03373968,0.78837726,15
2021-02-23,30.01757834,-0.04071060,-0.12831312,0.11640071,1.06071943,31.19469848,31.19469848,0.00000000,0.02499707,0.70330041,15
2021-02-24,30.01757834,-0.33987091,0.12240629,-0.22347021,1.18312572,30.97723385,30.97723385,0.00000000,-0.04799027,0.78446079,15
2021-02-25,30.01757834,0.08565806,-0.19032833,-0.13781214,0.99279738,30.87256358,30.87256358,0.00000000,-0.02959518,0.65826531,15
2021-02-26,30.01757834,0.51964090,0.15778264,0.38182875,1.15058003,31.54998712,31.54998712,0.00000000,0.08199779,0.76288167,15
2021-03-01,30.01757834,-0.30210346,0.03518389,0.07972529,1.18576392,31.28306755,31.28306755,0.00000000,0.01712102,0.78621003,15
2021-03-02,30.01757834,-0.30138284,0.14530708,-0.22165755,1.33107100,31.12699179,31.12699179,0.00000000,-0.04760100,0.88255457,15
2021-03-03,30.01757834,-0.62206377,-0.21413410,-0.84372132,1.11693690,30.29079392,30.29079392,0.00000000,-0.18118930,0.74057490,15
2021-03-04,30.01757834,0.35829486,-0.08019173,-0.48542646,1.03674518,30.56889706,30.56889706,0.00000000,-0.10424542,0.68740450,15
2021-03-05,30.01757834,-0.30391602,-0.01135434,-0.78934247,1.02539084,30.25362671,30.25362671,0.00000000,-0.16951144,0.67987611,15
2021-03-08,30.01757834,-0.67228574,-0.09647558,-1.46162821,0.92891526,29.48486539,29.48486539,0.00000000,-0.31388492,0.61590885,15
2021-03-09,30.01757834,0.33913431,-0.11123682,-1.12249390,0.81767844,29.71276288,29.71276288,0.00000000,-0.24105576,0.54215429,15
2021-03-10,30.01757834,-0.06794507,-0.05388582,-1.19043897,0.76379262,29.59093199,29.59093199,0.00000000,-0.25564698,0.50642578,15
2021-03-11,30.01757834,0.34988754,-0.12132294,-0.84055143,0.64246968,29.81949659,29.81949659,0.00000000,-0.18050857,0.42598370,15
2021-03-12,30.01757834,-0.28338917,0.08605198,-1.12394060,0.72852166,29.62215940,29.62215940,0.00000000,-0.24136644,0.48303969,15
2021-03-15,30.01757834,0.06268074,-0.24964876,-1.06125986,0.47887290,29.43519137,29.43519137,0.00000000,-0.22790574,0.31751234,15
2021-03-16,30.01757834,0.15518600,0.07438847,-0.90607387,0.55326137,29.66476584,29.66476584,0.00000000,-0.19457952,0.36683494,15
2021-03-17,30.01757834,-0.23458710,0.00923879,-1.14066097,0.56250015,29.43941752,29.43941752,0.00000000,-0.24495714,0.37296063,15
2021-03-18,30.01757834,-0.48979031,-0.10704540,-1.63045128,0.45545475,28.84258181,28.84258181,0.00000000,-0.35013970,0.30198515,15
2021-03-19,30.01757834,0.53488366,-0.03580225,-1.09556762,0.41965250,29.34166323,29.34166323,0.00000000,-0.23527334,0.27824679,15
2021-03-22,30.01757834,0.13324857,-0.08994597,-0.96231904,0.32970653,29.38496583,29.38496583,0.00000000,-0.20665818,0.21860893,15
2021-03-23,30.01757834,0.21682986,0.14995602,-0.74548919,0.47966256,29.75175171,29.75175171,0.00000000,-0.16009393,0.31803591,15
2021-03-24,30.01757834,-0.11301700,0.26668720,-0.85850619,0.74634975,29.90542191,29.90542191,0.00000000,-0.18436436,0.49486044,15
2021-03-25,30.01757834,-0.02232661,-0.10094621,-0.88083279,0.64540354,29.78214909,29.78214909,0.00000000,-0.18915900,0.42792897,15
2021-03-26,30.01757834,-0.35460403,-0.06220087,-1.23543682,0.58320268,29.36534420,29.36534420,0.00000000,-0.26531028,0.38668725,15
2021-03-29,30.01757834,0.25509865,-0.06267790,-0.98033817,0.52052478,29.55776495,29.55776495,0.00000000,-0.21052780,0.34512924,15
2021-03-30,30.01757834,-0.60856373,0.14234260,-1.58890191,0.66286738,29.09154382,29.09154382,0.00000000,-0.34121697,0.43950821,15
2021-03-31,30.01757834,0.46386990,0.33575301,-1.12503201,0.99862039,29.89116672,29.89116672,0.00000000,-0.24160082,0.66212620,15
2021-04-01,30.01757834,-0.07347906,-0.04192237,-1.19851106,0.95669802,29.77576530,29.77576530,0.00000000,-0.25738046,0.63432996,15
2021-04-06,30.01757834,-0.04124314,0.01922149,-1.23975420,0.97591951,29.75374365,29.75374365,0.00000000,-0.26623743,0.64707459,15
2021-04-07,30.01757834,-0.08775996,0.03583645,-1.32751416,1.01175596,29.70182015,29.70182015,0.00000000,-0.28508390,0.67083563,15
2021-04-08,30.01757834,0.08784826,0.07674797,-1.23966589,1.08850394,29.86641638,29.86641638,0.00000000,-0.26621847,0.72172267,15
2021-04-09,30.01757834,0.16776847,-0.05697313,-1.07189742,1.03153080,29.97721172,29.97721172,0.00000000,-0.23019016,0.68394715,15
2021-04-12,30.01757834,-0.03960125,0.00692438,-1.11149867,1.03845518,29.94453485,29.94453485,0.00000000,-0.23869454,0.68853830,15
2021-04-13,30.01757834,0.05162929,-0.07457740,-1.05986938,0.96387778,29.92158674,29.92158674,0.00000000,-0.22760714,0.63909043,15
2021-04-14,30.01757834,-0.14195346,-0.03069032,-1.20182284,0.93318745,29.74894295,29.74894295,0.00000000,-0.25809167,0.61874149,15
2021-04-15,30.01757834,0.16079349,-0.04517139,-1.04102935,0.88801606,29.86456505,29.86456505,0.00000000,-0.22356124,0.58879101,15
2021-04-16,30.01757834,-0.20879021,-0.01848548,-1.24981956,0.86953059,29.63728937,29.63728937,0.00000000,-0.26839897,0.57653438,15
2021-04-19,30.01757834,-0.13731860,0.00258074,-1.38713816,0.87211132,29.50255151,29.50255151,0.00000000,-0.29788816,0.57824551,15
2021-04-20,30.01757834,0.83623427,-0.12276560,-0.55090389,0.74934572,30.21602017,30.21602017,0.00000000,-0.11830671,0.49684689,15
2021-04-21,30.01757834,0.14648801,0.10167084,-0.40441588,0.85101656,30.46417902,30.46417902,0.00000000,-0.08684838,0.56425882,15
2021-04-22,30.01757834,-0.07153733,0.08453553,-0.47595321,0.93555209,30.47717722,30.47717722,0.00000000,-0.10221104,0.62030934,15
2021-04-23,30.01757834,-0.07543279,-0.10548000,-0.55138600,0.83007209,30.29626444,30.29626444,0.00000000,-0.11841024,0.55037178,15
2021-04-26,30.01757834,-0.46739426,0.16294074,-1.01878026,0.99301283,29.99181091,29.99181091,0.00000000,-0.21878324,0.65840816,15
2021-04-27,30.01757834,-0.25238890,0.05079554,-1.27116915,1.04380837,29.79021756,29.79021756,0.00000000,-0.27298380,0.69208769,15
2021-04-28,30.01757834,-0.41828095,-0.03381219,-1.68945010,1.00999618,29.33812442,29.33812442,0.00000000,-0.36280971,0.66966882,15
2021-04-29,30.01757834,-0.37595876,0.11002745,-2.06540886,1.12002363,29.07219311,29.07219311,0.00000000,-0.44354692,0.74262152,15
2021-04-30,30.01757834,0.12427748,0.24594868,-1.94113138,1.36597232,29.44241928,29.44241928,0.00000000,-0.41685831,0.90569557,15
2021-05-03,30.01757834,-0.03234978,0.06293074,-1.97348115,1.42890305,29.47300024,29.47300024,0.00000000,-0.42380543,0.94742123,15
2021-05-04,30.01757834,0.31551514,-0.10780447,-1.65796601,1.32109859,29.68071092,29.68071092,0.00000000,-0.35604849,0.87594245,15
2021-05-05,30.01757834,-0.43489235,-0.02792881,-2.09285836,1.29316978,29.21788976,29.21788976,0.00000000,-0.44944170,0.85742451,15
2021-05-06,30.01757834,-0.40697705,-0.10299090,-2.49983541,1.19017888,28.70792181,28.70792181,0.00000000,-0.53684010,0.78913733,15
2021-05-07,30.01757834,0.11333128,-0.13002378,-2.38650413,1.06015510,28.69122931,28.69122931,0.00000000,-0.51250218,0.70292624,15
2021-05-10,30.01757834,-0.44217004,0.07486074,-2.82867418,1.13501585,28.32392001,28.32392001,0.00000000,-0.60745828,0.75256198,15
2021-05-11,30.01757834,0.29843533,0.05134164,-2.53023885,1.18635749,28.67369698,28.67369698,0.00000000,-0.54336924,0.78660359,15
2021-05-12,30.01757834,-0.20672629,0.07649910,-2.73696514,1.26285659,28.54346979,28.54346979,0.00000000,-0.58776375,0.83732562,15
2021-05-13,30.01757834,0.10262872,-0.04895063,-2.63433642,1.21390596,28.59714788,28.59714788,0.00000000,-0.56572421,0.80486935,15
2021-05-14,30.01757834,-0.21162187,-0.12784879,-2.84595829,1.08605717,28.25767721,28.25767721,0.00000000,-0.61117005,0.72010037,15
2021-05-17,30.01757834,0.04108580,-0.05328160,-2.80487250,1.03277556,28.24548140,28.24548140,0.00000000,-0.60234686,0.68477248,15
2021-05-18,30.01757834,0.29306054,-0.20745392,-2.51181196,0.82532164,28.33108802,28.33108802,0.00000000,-0.53941206,0.54722204,15
2021-05-19,30.01757834,0.27585813,-0.09226525,-2.23595383,0.73305639,28.51468090,28.51468090,0.00000000,-0.48017148,0.48604640,15
2021-05-20,30.01757834,-0.08223362,0.11141001,-2.31818745,0.84446640,28.54385730,28.54385730,0.00000000,-0.49783116,0.55991580,15
2021-05-21,30.01757834,-0.09150150,0.07739323,-2.40968895,0.92185963,28.52974902,28.52974902,0.00000000,-0.51748113,0.61123068,15
2021-05-24,30.01757834,0.04330631,-0.09136932,-2.36638264,0.83049032,28.48168602,28.48168602,0.00000000,-0.50818109,0.55064908,15
2021-05-25,30.01757834,0.09471754,-0.07975891,-2.27166510,0.75073140,28.49664464,28.49664464,0.00000000,-0.48784048,0.49776566,15
2021-05-26,30.01757834,0.29919901,-0.08696470,-1.97246609,0.66376671,28.70887896,28.70887896,0.00000000,-0.42358744,0.44010450,15
2021-05-27,30.01757834,-0.37391612,0.23872138,-2.34638221,0.90248809,28.57368422,28.57368422,0.00000000,-0.50388599,0.59838655,15
2021-05-28,30.01757834,-0.14533446,-0.08152775,-2.49171667,0.82096034,28.34682201,28.34682201,0.00000000,-0.53509660,0.54433032,15
2021-06-01,30.01757834,-0.08594173,0.04930722,-2.57765840,0.87026756,28.31018750,28.31018750,0.00000000,-0.55355260,0.57702302,15
2021-06-02,30.01757834,-0.03435816,-0.00744980,-2.61201656,0.86281776,28.26837954,28.26837954,0.00000000,-0.56093102,0.57208350,15
2021-06-03,30.01757834,-0.01380996,0.05620148,-2.62582651,0.91901924,28.31077107,28.31077107,0.00000000,-0.56389671,0.60934738,15
2021-06-04,30.01757834,0.10460316,-0.08621915,-2.52122335,0.83280009,28.32915507,28.32915507,0.00000000,-0.54143316,0.55218055,15
2021-06-07,30.01757834,-0.12382965,0.14082714,-2.64505300,0.97362723,28.34615257,28.34615257,0.00000000,-0.56802560,0.64555471,15
2021-06-08,30.01757834,0.18322895,-0.08306410,-2.46182405,0.89056313,28.44631743,28.44631743,0.00000000,-0.52867715,0.59047982,15
2021-06-09,30.01757834,0.21237147,0.01943926,-2.24945257,0.91000239,28.67812816,28.67812816,0.00000000,-0.48307034,0.60336884,15
2021-06-10,30.01757834,-0.13079826,0.13330506,-2.38025083,1.04330745,28.68063496,28.68063496,0.00000000,-0.51115929,0.69175555,15
2021-06-11,30.01757834,0.02788036,0.01373230,-2.35237047,1.05703974,28.72224761,28.72224761,0.00000000,-0.50517197,0.70086063,15
2021-06-14,30.01757834,0.03193643,0.05918935,-2.32043404,1.11622909,28.81337340,28.81337340,0.00000000,-0.49831362,0.74010559,15
2021-06-15,30.01757834,0.04355728,0.07647905,-2.27687675,1.19270815,28.93340973,28.93340973,0.00000000,-0.48895969,0.79081433,15
2021-06-16,30.01757834,0.28834971,-0.12463551,-1.98852704,1.06807264,29.09712393,29.09712393,0.00000000,-0.42703653,0.70817589,15
2021-06-17,30.01757834,-0.04595431,0.04978103,-2.03448136,1.11785367,29.10095065,29.10095065,0.00000000,-0.43690523,0.74118275,15
2021-06-18,30.01757834,0.80003222,-0.03746821,-1.23444913,1.08038546,29.86351466,29.86351466,0.00000000,-0.26509817,0.71633979,15
2021-06-21,30.01757834,-0.02452852,0.10917405,-1.25897766,1.18955950,29.94816018,29.94816018,0.00000000,-0.27036568,0.78872665,15
2021-06-22,30.01757834,0.03463165,-0.14304030,-1.22434601,1.04651920,29.83975153,29.83975153,0.00000000,-0.26292852,0.69388508,15
2021-06-23,30.01757834,0.10147309,-0.06251600,-1.12287292,0.98400320,29.87870862,29.87870862,0.00000000,-0.24113716,0.65243441,15
2021-06-24,30.01757834,-0.30573654,0.00314487,-1.42860946,0.98714807,29.57611695,29.57611695,0.00000000,-0.30679413,0.65451959,15
2021-06-25,30.01757834,-0.12089568,-0.04038337,-1.54950513,0.94676470,29.41483791,29.41483791,0.00000000,-0.33275650,0.62774376,15
2021-06-28,30.01757834,0.37636755,0.05683303,-1.17313758,1.00359773,29.84803849,29.84803849,0.00000000,-0.25193150,0.66542639,15
2021-06-29,30.01757834,-0.12494669,0.17503163,-1.29808427,1.17862937,29.89812343,29.89812343,0.00000000,-0.27876383,0.78147953,15
2021-06-30,30.01757834,0.16626348,0.12640675,-1.13182080,1.30503611,30.19079366,30.19079366,0.00000000,-0.24305872,0.86529237,15
2021-07-01,30.01757834,-0.34917275,0.07716967,-1.48099355,1.38220578,29.91879057,29.91879057,0.00000000,-0.31804363,0.91645902,15
2021-07-02,30.01757834,0.35578871,-0.09487581,-1.12520484,1.28732997,30.17970347,30.17970347,0.00000000,-0.24163794,0.85355248,15
2021-07-06,30.01757834,0.26469076,0.02439035,-0.86051408,1.31172033,30.46878458,30.46878458,0.00000000,-0.18479555,0.86972428,15
2021-07-07,30.01757834,0.13483723,0.22210691,-0.72567685,1.53382724,30.82572872,30.82572872,0.00000000,-0.15583923,1.01699026,15
2021-07-08,30.01757834,0.46646090,0.09185050,-0.25921596,1.62567773,31.38404011,31.38404011,0.00000000,-0.05566667,1.07789090,15
2021-07-09,30.01757834,-0.54453109,0.08981462,-0.80374705,1.71549236,30.92932365,30.92932365,0.00000000,-0.17260482,1.13744167,15
2021-07-12,30.01757834,-0.04601119,-0.05842247,-0.84975824,1.65706989,30.82488999,30.82488999,0.00000000,-0.18248573,1.09870518,15
2021-07-13,30.01757834,0.22270633,-0.11240745,-0.62705190,1.54466244,30.93518888,30.93518888,0.00000000,-0.13465951,1.02417444,15
2021-07-14,30.01757834,-0.03350457,0.10451737,-0.66055647,1.64917980,31.00620168,31.00620168,0.00000000,-0.14185462,1.09347373,15
2021-07-15,30.01757834,0.13418238,-0.11660736,-0.52637409,1.53257244,31.02377670,31.02377670,0.00000000,-0.11303893,1.01615828,15
2021-07-16,30.01757834,0.32797177,-0.01200608,-0.19840232,1.52056636,31.33974238,31.33974238,0.00000000,-0.04260693,1.00819775,15
2021-07-19,30.01757834,0.85648870,-0.01446873,0.65808639,1.50609763,32.18176235,32.18176235,0.00000000,0.14132417,0.99860439,15
2021-07-20,30.01757834,-0.27530768,0.14914144,0.38277871,1.65523907,32.05559611,32.05559611,0.00000000,0.08220179,1.09749127,15
2021-07-21,30.01757834,-0.61331111,0.09073707,-0.23053241,1.74597614,31.53302207,31.53302207,0.00000000,-0.04950688,1.15765366,15
2021-07-22,30.01757834,0.10401252,-0.04564370,-0.12651989,1.70033243,31.59139088,31.59139088,0.00000000,-0.02717017,1.12739002,15
2021-07-23,30.01757834,-0.22264625,0.08165550,-0.34916614,1.78198793,31.45040013,31.45040013,0.00000000,-0.07498349,1.18153096,15
2021-07-26,30.01757834,-0.32203544,0.00601932,-0.67120158,1.78800725,31.13438400,31.13438400,0.00000000,-0.14414066,1.18552201,15
2021-07-27,30.01757834,0.13108493,-0.15979969,-0.54011665,1.62820755,31.10566924,31.10566924,0.00000000,-0.11599015,1.07956827,15
2021-07-28,30.01757834,0.04083041,-0.02541954,-0.49928624,1.60278802,31.12108012,31.12108012,0.00000000,-0.10722181,1.06271408,15
2021-07-29,30.01757834,-0.28212745,0.18193596,-0.78141369,1.78472397,31.02088862,31.02088862,0.00000000,-0.16780873,1.18334507,15
2021-07-30,30.01757834,0.23533627,0.02249977,-0.54607743,1.80722375,31.27872466,31.27872466,0.00000000,-0.11727022,1.19826334,15
2021-08-02,30.01757834,-0.05681977,-0.06765463,-0.60289719,1.73956912,31.15425027,31.15425027,0.00000000,-0.12947228,1.15340555,15
2021-08-03,30.01757834,-0.39666569,0.04454265,-0.99956288,1.78411177,30.80212724,30.80212724,0.00000000,-0.21465630,1.18293915,15
2021-08-04,30.01757834,-0.27809080,0.10634804,-1.27765368,1.89045982,30.63038448,30.63038448,0.00000000,-0.27437635,1.25345226,15
2021-08-05,30.01757834,-0.09577723,0.02374762,-1.37343091,1.91420744,30.55835488,30.55835488,0.00000000,-0.29494453,1.26919791,15
2021-08-06,30.01757834,-0.46339344,0.07374981,-1.83682435,1.98795725,30.16871124,30.16871124,0.00000000,-0.39445835,1.31809705,15
2021-08-09,30.01757834,-0.08953291,-0.04864375,-1.92635726,1.93931350,30.03053459,30.03053459,0.00000000,-0.41368556,1.28584425,15
2021-08-10,30.01757834,0.03825180,-0.07911856,-1.88810545,1.86019495,29.98966783,29.98966783,0.00000000,-0.40547098,1.23338541,15
2021-08-11,30.01757834,-0.24358859,-0.23270806,-2.13169404,1.62748689,29.51337118,29.51337118,0.00000000,-0.45778167,1.07909044,15
2021-08-12,30.01757834,0.13945326,-0.03547274,-1.99224078,1.59201415,29.61735171,29.61735171,0.00000000,-0.42783406,1.05557056,15
2021-08-13,30.01757834,-0.03514248,0.09511490,-2.02738326,1.68712905,29.67732413,29.67732413,0.00000000,-0.43538091,1.11863563,15
2021-08-16,30.01757834,0.28639782,-0.01855936,-1.74098545,1.66856969,29.94516259,29.94516259,0.00000000,-0.37387693,1.10633002,15
2021-08-17,30.01757834,0.33448888,-0.03562630,-1.40649657,1.63294339,30.24402516,30.24402516,0.00000000,-0.30204539,1.08270833,15
2021-08-18,30.01757834,-0.09000266,-0.01862149,-1.49649923,1.61432191,30.13540102,30.13540102,0.00000000,-0.32137347,1.07036152,15
2021-08-19,30.01757834,0.51348995,0.03589115,-0.98300928,1.65021305,30.68478212,30.68478212,0.00000000,-0.21110142,1.09415882,15
2021-08-20,30.01757834,-0.06010607,0.04820552,-1.04311534,1.69841857,30.67288157,30.67288157,0.00000000,-0.22400920,1.12612105,15
2021-08-23,30.01757834,-0.24166793,0.00196200,-1.28478327,1.70038058,30.43317565,30.43317565,0.00000000,-0.27590743,1.12742194,15
2021-08-24,30.01757834,-0.08430684,0.02274481,-1.36909011,1.72312539,30.37161362,30.37161362,0.00000000,-0.29401234,1.14250268,15
2021-08-25,30.01757834,-0.42939357,0.10509098,-1.79848368,1.82821637,30.04731103,30.04731103,0.00000000,-0.38622469,1.21218230,15
2021-08-26,30.01757834,0.13579198,-0.03689291,-1.66269170,1.79132346,30.14621010,30.14621010,0.00000000,-0.35706334,1.18772079,15
2021-08-27,30.01757834,0.00509599,-0.03216569,-1.65759571,1.75915777,30.11914040,30.11914040,0.00000000,-0.35596897,1.16639363,15
2021-08-30,30.01757834,0.14285061,0.04923898,-1.51474510,1.80839676,30.31122999,30.31122999,0.00000000,-0.32529178,1.19904109,15
2021-08-31,30.01757834,-0.13736409,-0.03031197,-1.65210919,1.77808478,30.14355393,30.14355393,0.00000000,-0.35479074,1.17894301,15
2021-09-01,30.01757834,-0.22650659,-0.05405787,-1.87861578,1.72402691,29.86298947,29.86298947,0.00000000,-0.40343307,1.14310043,15
2021-09-02,30.01757834,-0.02001571,0.05766527,-1.89863149,1.78169217,29.90063902,29.90063902,0.00000000,-0.40773145,1.18133486,15
2021-09-03,30.01757834,0.28865120,-0.15093395,-1.60998030,1.63075823,30.03835627,30.03835627,0.00000000,-0.34574355,1.08125947,15
2021-09-07,30.01757834,-0.20825012,-0.07317684,-1.81823041,1.55758139,29.75692932,29.75692932,0.00000000,-0.39046530,1.03274023,15
2021-09-08,30.01757834,0.28428756,-0.09282319,-1.53394285,1.46475820,29.94839369,29.94839369,0.00000000,-0.32941450,0.97119466,15
2021-09-09,30.01757834,0.06264037,-0.01348694,-1.47130248,1.45127126,29.99754712,29.99754712,0.00000000,-0.31596247,0.96225226,15
2021-09-10,30.01757834,0.14833558,-0.16394145,-1.32296690,1.28732981,29.98194125,29.98194125,0.00000000,-0.28410738,0.85355237,15
2021-09-13,30.01757834,-0.34853869,-0.01649592,-1.67150558,1.27083389,29.61690664,29.61690664,0.00000000,-0.35895612,0.84261490,15
2021-09-14,30.01757834,0.40467978,-0.02759452,-1.26682580,1.24323937,29.99399191,29.99399191,0.00000000,-0.27205107,0.82431860,15
2021-09-15,30.01757834,-0.04796516,0.01875139,-1.31479096,1.26199076,29.96477814,29.96477814,0.00000000,-0.28235159,0.83675154,15
2021-09-16,30.01757834,-0.05054569,0.09153988,-1.36533665,1.35353064,30.00577233,30.00577233,0.00000000,-0.29320629,0.89744623,15
2021-09-17,30.01757834,0.18073994,-0.04243950,-1.18459671,1.31109114,30.14407277,30.14407277,0.00000000,-0.25439235,0.86930710,15
2021-09-20,30.01757834,1.12371190,-0.01921718,-0.06088481,1.29187395,31.24856748,31.24856748,0.00000000,-0.01307502,0.85656532,15
2021-09-21,30.01757834,0.04432083,0.04181665,-0.01656398,1.33369060,31.33470496,31.33470496,0.00000000,-0.00355712,0.88429147,15
2021-09-22,30.01757834,-0.78718987,0.12230997,-0.80375385,1.45600057,30.66982505,30.66982505,0.00000000,-0.17260628,0.96538799,15
2021-09-23,30.01757834,-0.45488692,-0.03986414,-1.25864077,1.41613642,30.17507399,30.17507399,0.00000000,-0.27029333,0.93895643,15
2021-09-24,30.01757834,-0.06857820,-0.09316212,-1.32721897,1.32297430,30.01333367,30.01333367,0.00000000,-0.28502051,0.87718613,15
2021-09-27,30.01757834,-0.54832909,0.06140943,-1.87554806,1.38438373,29.52641401,29.52641401,0.00000000,-0.40277428,0.91790309,15
2021-09-28,30.01757834,0.35152630,-0.11512409,-1.52402176,1.26925964,29.76281622,29.76281622,0.00000000,-0.32728394,0.84157111,15
2021-09-29,30.01757834,-0.14496912,-0.04995518,-1.66899088,1.21930446,29.56789192,29.56789192,0.00000000,-0.35841609,0.80844878,15
2021-09-30,30.01757834,0.12725268,0.13632755,-1.54173820,1.35563201,29.83147215,29.83147215,0.00000000,-0.33108855,0.89883953,15
2021-10-01,30.01757834,0.18507270,0.00846407,-1.35666550,1.36409608,30.02500892,30.02500892,0.00000000,-0.29134416,0.90445155,15
2021-10-04,30.01757834,0.16085866,0.11756498,-1.19580684,1.48166106,30.30343256,30.30343256,0.00000000,-0.25679973,0.98240195,15
2021-10-05,30.01757834,-0.84100535,0.10713309,-2.03681219,1.58879415,29.56956029,29.56956029,0.00000000,-0.43740578,1.05343557,15
2021-10-06,30.01757834,-0.04935253,-0.04303661,-2.08616473,1.54575754,29.47717115,29.47717115,0.00000000,-0.44800424,1.02490053,15
2021-10-07,30.01757834,-0.52857240,0.15200923,-2.61473712,1.69776676,29.10060798,29.10060798,0.00000000,-0.56151526,1.12568888,15
2021-10-08,30.01757834,-0.11463000,0.05866495,-2.72936712,1.75643172,29.04464294,29.04464294,0.00000000,-0.58613207,1.16458614,15
2021-10-11,30.01757834,-0.13026972,0.04310180,-2.85963684,1.79953352,28.95747502,28.95747502,0.00000000,-0.61410752,1.19316440,15
2021-10-12,30.01757834,0.10893600,-0.01181812,-2.75070084,1.78771540,29.05459290,29.05459290,0.00000000,-0.59071349,1.18532850,15
2021-10-13,30.01757834,0.28898549,-0.03104126,-2.46171534,1.75667414,29.31253713,29.31253713,0.00000000,-0.52865381,1.16474687,15
2021-10-14,30.01757834,-0.15897122,0.07047217,-2.62068656,1.82714631,29.22403808,29.22403808,0.00000000,-0.56279290,1.21147281,15
2021-10-15,30.01757834,-0.36935992,-0.01025261,-2.99004649,1.81689369,28.84442555,28.84442555,0.00000000,-0.64211301,1.20467491,15
2021-10-18,30.01757834,0.00741087,0.01436327,-2.98263562,1.83125697,28.86619969,28.86619969,0.00000000,-0.64052153,1.21419834,15
2021-10-19,30.01757834,-0.03954141,-0.06506221,-3.02217703,1.76619476,28.76159607,28.76159607,0.00000000,-0.64901305,1.17105944,15
2021-10-20,30.01757834,0.00308870,-0.03331953,-3.01908833,1.73287522,28.73136523,28.73136523,0.00000000,-0.64834975,1.14896722,15
2021-10-21,30.01757834,0.17137942,0.00657816,-2.84770891,1.73945338,28.90932281,28.90932281,0.00000000,-0.61154599,1.15332881,15
2021-10-22,30.01757834,-0.12905065,0.04095214,-2.97675956,1.78040553,28.82122431,28.82122431,0.00000000,-0.63925964,1.18048176,15
2021-10-25,30.01757834,-0.07612887,0.08141319,-3.05288843,1.86181872,28.82650863,28.82650863,0.00000000,-0.65560833,1.23446204,15
2021-10-26,30.01757834,-0.04832743,0.06134524,-3.10121586,1.92316396,28.83952644,28.83952644,0.00000000,-0.66598666,1.27513645,15
2021-10-27,30.01757834,0.12741563,0.02968662,-2.97380023,1.95285058,28.99662869,28.99662869,0.00000000,-0.63862413,1.29481989,15
2021-10-28,30.01757834,0.09409868,0.03976272,-2.87970156,1.99261331,29.13049009,29.13049009,0.00000000,-0.61841642,1.32118420,15
2021-10-29,30.01757834,-0.16000934,0.12743777,-3.03971090,2.12005107,29.09791852,29.09791852,0.00000000,-0.65277845,1.40568066,15
2021-11-01,30.01757834,-0.39240260,-0.10492266,-3.43211349,2.01512842,28.60059326,28.60059326,0.00000000,-0.73704698,1.33611264,15
2021-11-02,30.01757834,0.40634234,-0.16016585,-3.02577115,1.85496257,28.84676976,28.84676976,0.00000000,-0.64978489,1.22991613,15
2021-11-03,30.01757834,-0.00587383,-0.01251899,-3.03164498,1.84244357,28.82837693,28.82837693,0.00000000,-0.65104630,1.22161552,15
2021-11-04,30.01757834,0.26275153,-0.04992157,-2.76889346,1.79252201,29.04120689,29.04120689,0.00000000,-0.59462036,1.18851548,15
2021-11-05,30.01757834,-0.20595169,0.23043570,-2.97484515,2.02295771,29.06569090,29.06569090,0.00000000,-0.63884852,1.34130378,15
2021-11-08,30.01757834,0.08212203,-0.15674506,-2.89272312,1.86621265,28.99106787,28.99106787,0.00000000,-0.62121280,1.23737539,15
2021-11-09,30.01757834,0.18209041,0.03429492,-2.71063271,1.90050757,29.20745320,29.20745320,0.00000000,-0.58210885,1.26011433,15
2021-11-10,30.01757834,0.06108963,0.02411449,-2.64954308,1.92462206,29.29265732,29.29265732,0.00000000,-0.56898985,1.27610322,15
2021-11-11,30.01757834,-0.13596953,-0.06372196,-2.78551261,1.86090009,29.09296582,29.09296582,0.00000000,-0.59818933,1.23385295,15
2021-11-12,30.01757834,0.03963391,-0.05930854,-2.74587870,1.80159155,29.07329119,29.07329119,0.00000000,-0.58967794,1.19452896,15
2021-11-15,30.01757834,-0.32913714,0.05234724,-3.07501584,1.85393880,28.79650130,28.79650130,0.00000000,-0.66036020,1.22923733,15
2021-11-16,30.01757834,0.16099208,-0.07048238,-2.91402377,1.78345642,28.88701100,28.88701100,0.00000000,-0.62578712,1.18250463,15
2021-11-17,30.01757834,0.04976571,0.10221550,-2.86425805,1.88567192,29.03899221,29.03899221,0.00000000,-0.61509992,1.25027769,15
2021-11-18,30.01757834,0.16721565,-0.00342397,-2.69704240,1.88224795,29.20278389,29.20278389,0.00000000,-0.57919033,1.24800745,15
2021-11-19,30.01757834,0.38717162,-0.09062266,-2.30987079,1.79162529,29.49933284,29.49933284,0.00000000,-0.49604516,1.18792092,15
2021-11-22,30.01757834,-0.26457347,0.07303100,-2.57444425,1.86465629,29.30779038,29.30779038,0.00000000,-0.55286236,1.23634347,15
2021-11-23,30.01757834,-0.00652378,-0.03843268,-2.58096803,1.82622361,29.26283392,29.26283392,0.00000000,-0.55426334,1.21086103,15
2021-11-24,30.01757834,0.04187200,-0.01617365,-2.53909604,1.81004996,29.28853227,29.28853227,0.00000000,-0.54527132,1.20013723,15
2021-11-26,30.01757834,1.32953742,-0.12985639,-1.20955862,1.68019357,30.48821329,30.48821329,0.00000000,-0.25975293,1.11403713,15
2021-11-29,30.01757834,-0.07010296,0.14450024,-1.27966158,1.82469381,30.56261057,30.56261057,0.00000000,-0.27480755,1.20984671,15
2021-11-30,30.01757834,0.07957814,0.14419251,-1.20008344,1.96888633,30.78638123,30.78638123,0.00000000,-0.25771813,1.30545225,15
2021-12-01,30.01757834,-0.51166606,0.02045141,-1.71174950,1.98933774,30.29516658,30.29516658,0.00000000,-0.36759851,1.31901237,15
2021-12-02,30.01757834,-0.03848160,-0.21325144,-1.75023109,1.77608630,30.04343354,30.04343354,0.00000000,-0.37586244,1.17761793,15
2021-12-03,30.01757834,0.09616261,-0.10492770,-1.65406848,1.67115860,30.03466845,30.03466845,0.00000000,-0.35521150,1.10804657,15
2021-12-06,30.01757834,-0.26968769,0.03243614,-1.92375617,1.70359474,29.79741691,29.79741691,0.00000000,-0.41312698,1.12955306,15
2021-12-07,30.01757834,-0.26165474,-0.03465693,-2.18541091,1.66893781,29.50110524,29.50110524,0.00000000,-0.46931738,1.10657410,15
2021-12-08,30.01757834,0.09762072,0.06293851,-2.08779019,1.73187632,29.66166447,29.66166447,0.00000000,-0.44835331,1.14830491,15
2021-12-09,30.01757834,0.11831891,-0.04987241,-1.96947128,1.68200392,29.73011097,29.73011097,0.00000000,-0.42294431,1.11523746,15
2021-12-10,30.01757834,0.19704680,-0.00993551,-1.77242448,1.67206840,29.91722226,29.91722226,0.00000000,-0.38062847,1.10864981,15
2021-12-13,30.01757834,0.27322644,-0.01882211,-1.49919804,1.65324629,30.17162659,30.17162659,0.00000000,-0.32195304,1.09616998,15
2021-12-14,30.01757834,-0.14444694,0.03975337,-1.64364497,1.69299966,30.06693303,30.06693303,0.00000000,-0.35297305,1.12252809,15
2021-12-15,30.01757834,0.15024865,-0.07754969,-1.49339632,1.61544997,30.13963199,30.13963199,0.00000000,-0.32070712,1.07110947,15
2021-12-16,30.01757834,-0.41417225,0.08524406,-1.90756857,1.70069403,29.81070380,29.81070380,0.00000000,-0.40965069,1.12762978,15
2021-12-17,30.01757834,0.26387114,0.02581542,-1.64369743,1.72650946,30.10039037,30.10039037,0.00000000,-0.35298431,1.14474646,15
2021-12-20,30.01757834,0.23077305,0.09149738,-1.41292438,1.81800683,30.42266080,30.42266080,0.00000000,-0.30342576,1.20541296,15
2021-12-21,30.01757834,-0.52747284,0.06176691,-1.94039722,1.87977374,29.95695487,29.95695487,0.00000000,-0.41670065,1.24636695,15
2021-12-22,30.01757834,-0.09396885,-0.03624797,-2.03436606,1.84352577,29.82673805,29.82673805,0.00000000,-0.43688047,1.22233307,15
2021-12-23,30.01757834,-0.28544203,-0.02113811,-2.31980809,1.82238767,29.52015792,29.52015792,0.00000000,-0.49817920,1.20831764,15
2021-12-27,30.01757834,-0.06461943,0.04164856,-2.38442752,1.86403623,29.49718705,29.49718705,0.00000000,-0.51205623,1.23593233,15
2021-12-28,30.01757834,-0.07567016,-0.11611455,-2.46009768,1.74792167,29.30540233,29.30540233,0.00000000,-0.52830641,1.15894363,15
2021-12-29,30.01757834,-0.09493362,0.02533839,-2.55503130,1.77326006,29.23580710,29.23580710,0.00000000,-0.54869342,1.17574402,15
2021-12-30,30.01757834,-0.00395113,0.02344823,-2.55898243,1.79670829,29.25530420,29.25530420,0.00000000,-0.54954193,1.19129116,15
2021-12-31,30.01757834,1.29335065,-0.30008593,-1.26563178,1.49662236,30.24856892,30.24856892,0.00000000,-0.27179465,0.99232190,15
2022-01-03,30.01757834,-0.21363234,-0.08468170,-1.47926412,1.41194066,29.95025488,29.95025488,0.00000000,-0.31767223,0.93617446,15
2022-01-04,30.01757834,-0.67505697,-0.09181433,-2.15432109,1.32012633,29.18338358,29.18338358,0.00000000,-0.46264083,0.87529780,15
2022-01-05,30.01757834,-0.08341456,-0.14274483,-2.23773565,1.17738150,28.95722419,28.95722419,0.00000000,-0.48055413,0.78065214,15
2022-01-06,30.01757834,-0.39422472,0.14039409,-2.63196037,1.31777558,28.70339355,28.70339355,0.00000000,-0.56521395,0.87373916,15
2022-01-07,30.01757834,-0.28033108,-0.15809910,-2.91229145,1.15967648,28.26496338,28.26496338,0.00000000,-0.62541510,0.76891299,15
2022-01-10,30.01757834,-0.05608692,-0.06783006,-2.96837837,1.09184642,28.14104639,28.14104639,0.00000000,-0.63745978,0.72393888,15
2022-01-11,30.01757834,-0.06585917,-0.12529786,-3.03423754,0.96654856,27.94988935,27.94988935,0.00000000,-0.65160305,0.64086126,15
2022-01-12,30.01757834,-0.28688270,0.10426601,-3.32112024,1.07081456,27.76727266,27.76727266,0.00000000,-0.71321116,0.70999390,15
2022-01-13,30.01757834,-0.31899380,-0.07342028,-3.64011403,0.99739428,27.37485859,27.37485859,0.00000000,-0.78171513,0.66131324,15
2022-01-14,30.01757834,0.00429056,0.11818686,-3.63582347,1.11558115,27.49733602,27.49733602,0.00000000,-0.78079373,0.73967597,15
2022-01-18,30.01757834,0.18766747,0.08984668,-3.44815600,1.20542783,27.77485017,27.77485017,0.00000000,-0.74049211,0.79924800,15
2022-01-19,30.01757834,0.21022323,0.02740893,-3.23793277,1.23283675,28.01248233,28.01248233,0.00000000,-0.69534663,0.81742124,15
2022-01-20,30.01757834,0.10065929,0.00446650,-3.13727348,1.23730326,28.11760811,28.11760811,0.00000000,-0.67373004,0.82038272,15
2022-01-21,30.01757834,0.30238850,0.00878069,-2.83488498,1.24608395,28.42877731,28.42877731,0.00000000,-0.60879205,0.82620467,15
2022-01-24,30.01757834,0.73139404,-0.26817785,-2.10349093,0.97790610,28.89199350,28.89199350,0.00000000,-0.45172505,0.64839178,15
2022-01-25,30.01757834,-0.54238559,0.20191890,-2.64587652,1.17982500,28.55152682,28.55152682,0.00000000,-0.56820245,0.78227228,15
2022-01-26,30.01757834,-0.45591585,0.03747859,-3.10179238,1.21730360,28.13308956,28.13308956,0.00000000,-0.66611046,0.80712212,15
2022-01-27,30.01757834,-0.24433617,0.13043899,-3.34612855,1.34774258,28.01919237,28.01919237,0.00000000,-0.71858170,0.89360851,15
2022-01-28,30.01757834,0.23552072,-0.15735815,-3.11060783,1.19038443,28.09735494,28.09735494,0.00000000,-0.66800358,0.78927362,15
2022-01-31,30.01757834,-0.02386935,0.01215381,-3.13447718,1.20253824,28.08563940,28.08563940,0.00000000,-0.67312953,0.79733209,15
2022-02-01,30.01757834,-0.35140955,0.00109667,-3.48588673,1.20363491,27.73532652,27.73532652,0.00000000,-0.74859479,0.79805922,15
2022-02-02,30.01757834,-0.10041523,-0.03097063,-3.58630195,1.17266428,27.60394066,27.60394066,0.00000000,-0.77015898,0.77752443,15
2022-02-03,30.01757834,-0.14412125,0.06967658,-3.73042320,1.24234086,27.52949600,27.52949600,0.00000000,-0.80110904,0.82372285,15
2022-02-04,30.01757834,0.01262971,-0.17472631,-3.71779350,1.06761455,27.36739939,27.36739939,0.00000000,-0.79839681,0.70787216,15
2022-02-07,30.01757834,-0.28761250,-0.09415373,-4.00540600,0.97346082,26.98563316,26.98563316,0.00000000,-0.86016165,0.64544438,15
2022-02-08,30.01757834,-0.22871514,-0.04776510,-4.23412114,0.92569572,26.70915291,26.70915291,0.00000000,-0.90927826,0.61377416,15
2022-02-09,30.01757834,-0.06213785,-0.06712428,-4.29625899,0.85857144,26.57989079,26.57989079,0.00000000,-0.92262238,0.56926801,15
2022-02-10,30.01757834,-0.18049930,0.05887680,-4.47675829,0.91744823,26.45826828,26.45826828,0.00000000,-0.96138464,0.60830574,15
2022-02-11,30.01757834,0.26361897,-0.05989536,-4.21313932,0.85755288,26.66199189,26.66199189,0.00000000,-0.90477242,0.56859267,15
2022-02-14,30.01757834,0.63316444,-0.07926066,-3.57997488,0.77829221,27.21589567,27.21589567,0.00000000,-0.76880024,0.51603960,15
2022-02-15,30.01757834,-0.19216763,0.25128883,-3.77214251,1.02958105,27.27501687,27.27501687,0.00000000,-0.81006827,0.68265439,15
2022-02-16,30.01757834,0.20518216,-0.15550215,-3.56696036,0.87407889,27.32469688,27.32469688,0.00000000,-0.76600537,0.57955009,15
2022-02-17,30.01757834,0.25866529,0.06256849,-3.30829507,0.93664738,27.64593066,27.64593066,0.00000000,-0.71045695,0.62103556,15
2022-02-18,30.01757834,-0.01934668,0.09710134,-3.32764174,1.03374872,27.72368532,27.72368532,0.00000000,-0.71461165,0.68541773,15
2022-02-22,30.01757834,0.28960809,-0.00182895,-3.03803366,1.03191977,28.01146446,28.01146446,0.00000000,-0.65241827,0.68420506,15
2022-02-23,30.01757834,0.23369691,0.00073585,-2.80433675,1.03265563,28.24589722,28.24589722,0.00000000,-0.60223181,0.68469296,15
2022-02-24,30.01757834,1.76465203,-0.23073352,-1.03968472,0.80192211,29.77981573,29.77981573,0.00000000,-0.22327248,0.53170719,15
2022-02-25,30.01757834,-0.77946422,0.34317064,-1.81914894,1.14509274,29.34352214,29.34352214,0.00000000,-0.39066256,0.75924337,15
2022-02-28,30.01757834,1.32832424,-0.30992490,-0.49082470,0.83516784,30.36192148,30.36192148,0.00000000,-0.10540469,0.55375047,15
2022-03-01,30.01757834,1.60643130,-0.21801861,1.11560660,0.61714923,31.75033417,31.75033417,0.00000000,0.23957671,0.40919521,15
2022-03-02,30.01757834,-0.36564556,0.23382052,0.74996104,0.85096975,31.61850913,31.61850913,0.00000000,0.16105427,0.56422779,15
2022-03-03,30.01757834,0.19742425,-0.26764376,0.94738529,0.58332599,31.54828962,31.54828962,0.00000000,0.20345116,0.38676902,15
2022-03-04,30.01757834,1.79161488,-0.27613870,2.73900017,0.30718729,33.06376580,33.06376580,0.00000000,0.58820077,0.20367775,15
2022-03-07,30.01757834,0.91721203,0.11318105,3.65621219,0.42036834,34.09415888,34.09415888,0.00000000,0.78517222,0.27872142,15
2022-03-08,30.01757834,-0.63010090,0.29555647,3.02611130,0.71592481,33.75961445,33.75961445,0.00000000,0.64985794,0.47468746,15
2022-03-09,30.01757834,-2.01158614,0.32591592,1.01452516,1.04184073,32.07394423,32.07394423,0.00000000,0.21786946,0.69078306,15
2022-03-10,30.01757834,1.05585604,-0.45856656,2.07038120,0.58327418,32.67123371,32.67123371,0.00000000,0.44461473,0.38673466,15
2022-03-11,30.01757834,0.01604579,0.01708173,2.08642698,0.60035591,32.70436123,32.70436123,0.00000000,0.44806056,0.39806054,15
2022-03-14,30.01757834,-0.49956563,-0.04617779,1.58686135,0.55417812,32.15861781,32.15861781,0.00000000,0.34077876,0.36744278,15
2022-03-15,30.01757834,0.09357490,0.06720973,1.68043625,0.62138785,32.31940244,32.31940244,0.00000000,0.36087398,0.41200558,15
2022-03-16,30.01757834,-1.49190432,0.27337739,0.18853193,0.89476523,31.10087551,31.10087551,0.00000000,0.04048727,0.59326598,15
2022-03-17,30.01757834,0.08244489,-0.35432650,0.27097682,0.54043873,30.82899389,30.82899389,0.00000000,0.05819232,0.35833301,15
2022-03-18,30.01757834,-0.06614819,-0.01894818,0.20482864,0.52149055,30.74389753,30.74389753,0.00000000,0.04398699,0.34576959,15
2022-03-21,30.01757834,0.07968912,0.08902438,0.28451775,0.61051494,30.91261103,30.91261103,0.00000000,0.06110024,0.40479640,15
2022-03-22,30.01757834,-0.44660025,-0.15313563,-0.16208250,0.45737931,30.31287515,30.31287515,0.00000000,-0.03480724,0.30326121,15
2022-03-23,30.01757834,0.42002413,-0.02876890,0.25794163,0.42861041,30.70413038,30.70413038,0.00000000,0.05539301,0.28418625,15
2022-03-24,30.01757834,0.34992132,-0.09470905,0.60786295,0.33390136,30.95934265,30.95934265,0.00000000,0.13053868,0.22139027,15
2022-03-25,30.01757834,0.11142599,-0.04897238,0.71928894,0.28492898,31.02179626,31.02179626,0.00000000,0.15446743,0.18891958,15
2022-03-28,30.01757834,-0.12014038,0.03678688,0.59914856,0.32171587,30.93844277,30.93844277,0.00000000,0.12866726,0.21331079,15
2022-03-29,30.01757834,-1.11851748,0.14708444,-0.51936891,0.46880031,29.96700973,29.96700973,0.00000000,-0.11153457,0.31083380,15
2022-03-30,30.01757834,0.40817427,-0.03329325,-0.11119465,0.43550706,30.34189076,30.34189076,0.00000000,-0.02387907,0.28875901,15
2022-03-31,30.01757834,0.62276087,0.29625668,0.51156623,0.73176374,31.26090831,31.26090831,0.00000000,0.10985894,0.48518932,15
2022-04-01,30.01757834,0.01651676,-0.04376003,0.52808298,0.68800371,31.23366504,31.23366504,0.00000000,0.11340591,0.45617463,15
2022-04-04,30.01757834,0.21664527,-0.07893692,0.74472825,0.60906680,31.37137339,31.37137339,0.00000000,0.15993052,0.40383622,15
2022-04-05,30.01757834,0.92059882,-0.06691965,1.66532708,0.54214715,32.22505256,32.22505256,0.00000000,0.35762928,0.35946575,15
2022-04-06,30.01757834,0.56990751,0.00025073,2.23523459,0.54239788,32.79521080,32.79521080,0.00000000,0.48001702,0.35963200,15
2022-04-07,30.01757834,0.37475873,-0.00006781,2.60999332,0.54233007,33.16990173,33.16990173,0.00000000,0.56049653,0.35958704,15
2022-04-08,30.01757834,-0.38170601,0.02980008,2.22828731,0.57213015,32.81799580,32.81799580,0.00000000,0.47852509,0.37934571,15
2022-04-11,30.01757834,-0.48826497,0.01997830,1.74002234,0.59210845,32.34970913,32.34970913,0.00000000,0.37367011,0.39259214,15
2022-04-12,30.01757834,0.31174767,-0.02812464,2.05177001,0.56398381,32.63333216,32.63333216,0.00000000,0.44061797,0.37394436,15
2022-04-13,30.01757834,-0.08740394,0.07398115,1.96436608,0.63796496,32.61990937,32.61990937,0.00000000,0.42184796,0.42299689,15
2022-04-14,30.01757834,-0.13995785,0.03607021,1.82440822,0.67403516,32.51602173,32.51602173,0.00000000,0.39179199,0.44691291,15
2022-04-19,30.01757834,-0.21296636,-0.04767713,1.61144186,0.62635803,32.25537823,32.25537823,0.00000000,0.34605743,0.41530102,15
2022-04-20,30.01757834,-0.59636713,0.04249040,1.01507474,0.66884843,31.70150151,31.70150151,0.00000000,0.21798748,0.44347389,15
2022-04-21,30.01757834,-0.34267043,0.11258375,0.67240431,0.78143218,31.47141483,31.47141483,0.00000000,0.14439894,0.51812153,15
2022-04-22,30.01757834,0.28416043,0.07467541,0.95656474,0.85610759,31.83025067,31.83025067,0.00000000,0.20542245,0.56763438,15
2022-04-25,30.01757834,0.42671263,0.05869019,1.38327737,0.91479778,32.31565349,32.31565349,0.00000000,0.29705906,0.60654838,15
2022-04-26,30.01757834,0.41807355,0.04179004,1.80135092,0.95658781,32.77551708,32.77551708,0.00000000,0.38684043,0.63425689,15
2022-04-27,30.01757834,0.22659467,0.02321327,2.02794559,0.97980108,33.02532502,33.02532502,0.00000000,0.43550167,0.64964823,15
2022-04-28,30.01757834,-0.67482799,0.06376940,1.35311760,1.04357049,32.41426643,32.41426643,0.00000000,0.29058224,0.69192996,15
2022-04-29,30.01757834,-0.14179420,0.18846661,1.21132340,1.23203709,32.46093883,32.46093883,0.00000000,0.26013191,0.81689104,15
2022-05-02,30.01757834,0.26499826,-0.07869398,1.47632166,1.15334311,32.64724311,32.64724311,0.00000000,0.31704034,0.76471370,15
2022-05-03,30.01757834,-0.70691901,0.07951835,0.76940265,1.23286146,32.01984246,32.01984246,0.00000000,0.16522936,0.81743763,15
2022-05-04,30.01757834,0.05853230,-0.12999200,0.82793495,1.10286947,31.94838275,31.94838275,0.00000000,0.17779918,0.73124761,15
2022-05-05,30.01757834,0.55426906,-0.01028356,1.38220401,1.09258591,32.49236826,32.49236826,0.00000000,0.29682856,0.72442919,15
2022-05-06,30.01757834,0.01012391,0.01234557,1.39232792,1.10493147,32.51483773,32.51483773,0.00000000,0.29900267,0.73261480,15
2022-05-09,30.01757834,0.41848311,0.03257237,1.81081103,1.13750384,32.96589321,32.96589321,0.00000000,0.38887199,0.75421162,15
2022-05-10,30.01757834,-0.11694393,0.17762650,1.69386710,1.31513034,33.02657578,33.02657578,0.00000000,0.36375826,0.87198526,15
2022-05-11,30.01757834,-0.45139087,0.26100463,1.24247623,1.57613497,32.83618954,32.83618954,0.00000000,0.26682199,1.04504202,15
2022-05-12,30.01757834,0.13693635,0.09835387,1.37941258,1.67448884,33.07147976,33.07147976,0.00000000,0.29622910,1.11025466,15
2022-05-13,30.01757834,-0.50286500,-0.01912939,0.87654758,1.65535945,32.54948537,32.54948537,0.00000000,0.18823875,1.09757109,15
2022-05-16,30.01757834,0.03196663,0.04742817,0.90851421,1.70278761,32.62888017,32.62888017,0.00000000,0.19510359,1.12901790,15
2022-05-17,30.01757834,-0.58745605,-0.01669740,0.32105817,1.68609022,32.02472672,32.02472672,0.00000000,0.06894730,1.11794685,15
2022-05-18,30.01757834,0.10015525,0.04202022,0.42121341,1.72811044,32.16690219,32.16690219,0.00000000,0.09045566,1.14580797,15
2022-05-19,30.01757834,0.03563980,0.00909077,0.45685322,1.73720120,32.21163276,32.21163276,0.00000000,0.09810931,1.15183552,15
2022-05-20,30.01757834,-0.04994754,-0.14070594,0.40690568,1.59649527,32.02097928,32.02097928,0.00000000,0.08738307,1.05854173,15
2022-05-23,30.01757834,-0.57848764,0.01150319,-0.17158197,1.60799846,31.45399484,31.45399484,0.00000000,-0.03684726,1.06616881,15
2022-05-24,30.01757834,-0.00097833,0.01260823,-0.17256029,1.62060669,31.46562473,31.46562473,0.00000000,-0.03705735,1.07452858,15
2022-05-25,30.01757834,-0.01720001,-0.00484826,-0.18976031,1.61575842,31.44357646,31.44357646,0.00000000,-0.04075106,1.07131399,15
2022-05-26,30.01757834,-0.36860366,-0.01425368,-0.55836397,1.60150475,31.06071912,31.06071912,0.00000000,-0.11990876,1.06186322,15
2022-05-27,30.01757834,-0.14939286,-0.06841094,-0.70775683,1.53309381,30.84291532,30.84291532,0.00000000,-0.15199090,1.01650396,15
2022-05-31,30.01757834,0.64692420,-0.22771554,-0.06083263,1.30537827,31.26212398,31.26212398,0.00000000,-0.01306382,0.86551924,15
2022-06-01,30.01757834,0.14857504,-0.01959511,0.08774242,1.28578316,31.39110391,31.39110391,0.00000000,0.01884270,0.85252688,15
2022-06-02,30.01757834,0.03071736,0.04908422,0.11845978,1.33486738,31.47090550,31.47090550,0.00000000,0.02543926,0.88507172,15
2022-06-03,30.01757834,0.13158167,0.01416470,0.25004145,1.34903208,31.61665187,31.61665187,0.00000000,0.05369645,0.89446350,15
2022-06-06,30.01757834,-0.25204333,-0.01160559,-0.00200187,1.33742649,31.35300295,31.35300295,0.00000000,-0.00042990,0.88676852,15
2022-06-07,30.01757834,0.23682600,-0.03115922,0.23482413,1.30626726,31.55866973,31.55866973,0.00000000,0.05042852,0.86610868,15
2022-06-08,30.01757834,0.20540082,0.06767709,0.44022495,1.37394436,31.83174765,31.83174765,0.00000000,0.09453839,0.91098136,15
2022-06-09,30.01757834,0.39526816,-0.02723057,0.83549312,1.34671378,32.19978524,32.19978524,0.00000000,0.17942230,0.89292638,15
2022-06-10,30.01757834,1.23440275,-0.07550045,2.06989587,1.27121334,33.35868755,33.35868755,0.00000000,0.44451050,0.84286649,15
2022-06-13,30.01757834,0.91996147,-0.00196934,2.98985734,1.26924400,34.27667968,34.27667968,0.00000000,0.64207239,0.84156074,15
2022-06-14,30.01757834,-0.23385557,0.11927798,2.75600177,1.38852198,34.16210209,34.16210209,0.00000000,0.59185187,0.92064692,15
2022-06-15,30.01757834,-0.59200924,0.02135844,2.16399253,1.40988041,33.59145128,33.59145128,0.00000000,0.46471778,0.93480844,15
2022-06-16,30.01757834,0.46841087,-0.03029324,2.63240340,1.37958718,34.02956891,34.02956891,0.00000000,0.56530910,0.91472278,15
2022-06-17,30.01757834,-0.07228364,0.03646624,2.56011976,1.41605341,33.99375151,33.99375151,0.00000000,0.54978617,0.93890139,15
2022-06-21,30.01757834,-1.00116887,-0.02521635,1.55895089,1.39083706,32.96736630,32.96736630,0.00000000,0.33478498,0.92218192,15
2022-06-22,30.01757834,0.38320590,-0.01082732,1.94215680,1.38000974,33.33974488,33.33974488,0.00000000,0.41707852,0.91500296,15
2022-06-23,30.01757834,0.96298684,-0.18773623,2.90514364,1.19227351,34.11499549,34.11499549,0.00000000,0.62388011,0.79052615,15
2022-06-24,30.01757834,-0.68913691,0.09643251,2.21600672,1.28870602,33.52229108,33.52229108,0.00000000,0.47588784,0.85446485,15
2022-06-27,30.01757834,0.01991938,0.00750780,2.23592610,1.29621382,33.54971826,33.54971826,0.00000000,0.48016553,0.85944283,15
2022-06-28,30.01757834,-0.18168927,-0.03130976,2.05423683,1.26490407,33.33671924,33.33671924,0.00000000,0.44114772,0.83868318,15
2022-06-29,30.01757834,0.23151320,0.16266698,2.28575003,1.42757105,33.73089942,33.73089942,0.00000000,0.49086522,0.94653805,15
2022-06-30,30.01757834,0.96100708,-0.39830128,3.24675711,1.02926977,34.29360522,34.29360522,0.00000000,0.69724166,0.68244800,15
2022-07-01,30.01757834,0.02618497,-0.05549707,3.27294208,0.97377270,34.26429312,34.26429312,0.00000000,0.70286489,0.64565117,15
2022-07-05,30.01757834,0.92574454,-0.01480628,4.19868662,0.95896642,35.17523138,35.17523138,0.00000000,0.90166869,0.63583400,15
2022-07-06,30.01757834,0.29132492,0.20276293,4.49001153,1.16172936,35.66931923,35.66931923,0.00000000,0.96423077,0.77027413,15
2022-07-07,30.01757834,-0.67296597,0.17485049,3.81704556,1.33657985,35.17120375,35.17120375,0.00000000,0.81971121,0.88620716,15
2022-07-08,30.01757834,-0.29434373,-0.01979226,3.52270183,1.31678759,34.85706775,34.85706775,0.00000000,0.75650084,0.87308408,15
2022-07-11,30.01757834,0.45699553,-0.02820499,3.97969736,1.28858260,35.28585830,35.28585830,0.00000000,0.85464071,0.85438302,15
2022-07-12,30.01757834,0.04859926,0.08030322,4.02829662,1.36888582,35.41476077,35.41476077,0.00000000,0.86507741,0.90762734,15
2022-07-13,30.01757834,0.47364742,0.05033419,4.50194404,1.41922000,35.93874238,35.93874238,0.00000000,0.96679328,0.94100097,15
2022-07-14,30.01757834,0.81666628,0.04159250,5.31861032,1.46081250,36.79700116,36.79700116,0.00000000,1.14217251,0.96857850,15
2022-07-15,30.01757834,-0.29872358,0.05037188,5.01988673,1.51118438,36.54864945,36.54864945,0.00000000,1.07802156,1.00197711,15
2022-07-18,30.01757834,-0.63569294,-0.06522389,4.38419380,1.44596049,35.84773263,35.84773263,0.00000000,0.94150639,0.95873100,15
2022-07-19,30.01757834,-0.82721464,0.04924194,3.55697916,1.49520243,35.06975993,35.06975993,0.00000000,0.76386190,0.99138043,15
2022-07-20,30.01757834,-0.15331060,-0.06039217,3.40366856,1.43481026,34.85605716,34.85605716,0.00000000,0.73093843,0.95133795,15
2022-07-21,30.01757834,0.11998990,0.02106392,3.52365846,1.45587418,34.99711098,34.99711098,0.00000000,0.75670628,0.96530418,15
2022-07-22,30.01757834,0.37765154,-0.11702103,3.90131000,1.33885315,35.25774149,35.25774149,0.00000000,0.83780701,0.88771445,15
2022-07-25,30.01757834,-0.51329707,0.05417641,3.38801293,1.39302956,34.79862083,34.79862083,0.00000000,0.72757638,0.92363563,15
2022-07-26,30.01757834,0.26098387,-0.07735201,3.64899680,1.31567755,34.98225268,34.98225268,0.00000000,0.78362271,0.87234808,15
2022-07-27,30.01757834,-0.26661955,-0.01632998,3.38237724,1.29934756,34.69930315,34.69930315,0.00000000,0.72636611,0.86152063,15
2022-07-28,30.01757834,-0.01572983,-0.01232697,3.36664742,1.28702059,34.67124635,34.67124635,0.00000000,0.72298813,0.85334735,15
2022-07-29,30.01757834,-0.50615728,0.06527150,2.86049014,1.35229209,34.23036057,34.23036057,0.00000000,0.61429076,0.89662502,15
2022-08-01,30.01757834,0.10099076,-0.00700023,2.96148089,1.34529186,34.32435109,34.32435109,0.00000000,0.63597855,0.89198358,15
2022-08-02,30.01757834,-0.13010760,0.29713948,2.83137329,1.64243134,34.49138297,34.49138297,0.00000000,0.60803792,1.08899923,15
2022-08-03,30.01757834,-0.51743287,0.20490722,2.31394042,1.84733856,34.17885732,34.17885732,0.00000000,0.49691912,1.22486110,15
2022-08-04,30.01757834,-0.58249065,0.17231238,1.73144977,2.01965094,33.76867906,33.76867906,0.00000000,0.37182914,1.33911126,15
2022-08-05,30.01757834,-0.26430045,-0.00524294,1.46714932,2.01440801,33.49913567,33.49913567,0.00000000,0.31507058,1.33563498,15
2022-08-08,30.01757834,-0.12765871,-0.01955819,1.33949061,1.99484982,33.35191877,33.35191877,0.00000000,0.28765584,1.32266711,15
2022-08-09,30.01757834,-0.00421325,0.03309035,1.33527735,2.02794017,33.38079587,33.38079587,0.00000000,0.28675105,1.34460736,15
2022-08-10,30.01757834,-0.22999666,0.00757590,1.10528069,2.03551607,33.15837510,33.15837510,0.00000000,0.23735922,1.34963049,15
2022-08-11,30.01757834,-0.11272478,-0.11064498,0.99255591,1.92487109,32.93500535,32.93500535,0.00000000,0.21315156,1.27626834,15
2022-08-12,30.01757834,-0.26113346,-0.07949873,0.73142245,1.84537237,32.59437316,32.59437316,0.00000000,0.15707310,1.22355743,15
2022-08-15,30.01757834,0.15485265,0.01002598,0.88627510,1.85539835,32.75925179,32.75925179,0.00000000,0.19032773,1.23020507,15
2022-08-16,30.01757834,-0.05660638,0.06655992,0.82966872,1.92195827,32.76920534,32.76920534,0.00000000,0.17817151,1.27433702,15
2022-08-17,30.01757834,0.30183811,-0.12567339,1.13150683,1.79628488,32.94537005,32.94537005,0.00000000,0.24299129,1.19101042,15
2022-08-18,30.01757834,0.14891255,0.07026583,1.28041938,1.86655071,33.16454843,33.16454843,0.00000000,0.27497029,1.23759954,15
2022-08-19,30.01757834,0.55680883,-0.08880446,1.83722821,1.77774625,33.63255280,33.63255280,0.00000000,0.39454508,1.17871855,15
2022-08-22,30.01757834,0.46850434,-0.01195552,2.30573255,1.76579073,34.08910162,34.08910162,0.00000000,0.49515647,1.17079155,15
2022-08-23,30.01757834,-0.04346343,0.15697615,2.26226912,1.92276688,34.20261434,34.20261434,0.00000000,0.48582269,1.27487317,15
2022-08-24,30.01757834,0.08682928,-0.01601982,2.34909840,1.90674706,34.27342380,34.27342380,0.00000000,0.50446930,1.26425137,15
2022-08-25,30.01757834,-0.05365136,-0.15537881,2.29544704,1.75136825,34.06439363,34.06439363,0.00000000,0.49294766,1.16122885,15
2022-08-26,30.01757834,0.38434902,-0.01077675,2.67979606,1.74059150,34.43796590,34.43796590,0.00000000,0.57548668,1.15408343,15
2022-08-29,30.01757834,-0.00203773,0.09412944,2.67775833,1.83472094,34.53005761,34.53005761,0.00000000,0.57504908,1.21649510,15
2022-08-30,30.01757834,-0.25494029,0.07065909,2.42281804,1.90538003,34.34577641,34.34577641,0.00000000,0.52030060,1.26334497,15
2022-08-31,30.01757834,0.00678310,0.02337197,2.42960114,1.92875200,34.37593148,34.37593148,0.00000000,0.52175727,1.27884154,15
2022-09-01,30.01757834,0.32397475,-0.04176285,2.75357588,1.88698915,34.65814338,34.65814338,0.00000000,0.59133091,1.25115107,15
2022-09-02,30.01757834,-0.75522907,0.22455084,1.99834682,2.11153999,34.12746515,34.12746515,0.00000000,0.42914533,1.40003747,15
2022-09-06,30.01757834,0.36890988,0.02837879,2.36725670,2.13991878,34.52475382,34.52475382,0.00000000,0.50836879,1.41885376,15
2022-09-07,30.01757834,0.23530265,-0.10649556,2.60255934,2.03342322,34.65356090,34.65356090,0.00000000,0.55890008,1.34824285,15
2022-09-08,30.01757834,-0.51712890,0.03926529,2.08543044,2.07268852,34.17569729,34.17569729,0.00000000,0.44784656,1.37427735,15
2022-09-09,30.01757834,-0.61983904,-0.00472893,1.46559140,2.06795958,33.55112932,33.55112932,0.00000000,0.31473601,1.37114187,15
2022-09-12,30.01757834,-0.61131132,0.12933598,0.85428008,2.19729556,33.06915398,33.06915398,0.00000000,0.18345680,1.45689692,15
2022-09-13,30.01757834,0.22854558,0.07238922,1.08282565,2.26968478,33.37008877,33.37008877,0.00000000,0.23253700,1.50489393,15
2022-09-14,30.01757834,0.04821766,0.13511282,1.13104331,2.40479760,33.55341925,33.55341925,0.00000000,0.24289175,1.59447927,15
2022-09-15,30.01757834,-0.02771573,-0.02866037,1.10332759,2.37613724,33.49704316,33.49704316,0.00000000,0.23693979,1.57547627,15
2022-09-16,30.01757834,0.47397666,-0.13676330,1.57730424,2.23937393,33.83425652,33.83425652,0.00000000,0.33872637,1.48479660,15
2022-09-19,30.01757834,-0.03754334,-0.02733979,1.53976090,2.21203414,33.76937338,33.76937338,0.00000000,0.33066393,1.46666920,15
2022-09-20,30.01757834,0.34112847,-0.01801054,1.88088937,2.19402359,34.09249131,34.09249131,0.00000000,0.40392133,1.45472747,15
2022-09-21,30.01757834,0.25826430,0.08309177,2.13915367,2.27711536,34.43384737,34.43384737,0.00000000,0.45938363,1.50982071,15
2022-09-22,30.01757834,-0.00980808,0.10794875,2.12934559,2.38506411,34.53198804,34.53198804,0.00000000,0.45727734,1.58139516,15
2022-09-23,30.01757834,0.72152505,-0.10649417,2.85087064,2.27856994,35.14701892,35.14701892,0.00000000,0.61222497,1.51078516,15
2022-09-26,30.01757834,0.41398694,0.28400278,3.26485758,2.56257272,35.84500864,35.84500864,0.00000000,0.70112874,1.69909063,15
2022-09-27,30.01757834,0.23505369,0.06082037,3.49991127,2.62339309,36.14088270,36.14088270,0.00000000,0.75160656,1.73941703,15
2022-09-28,30.01757834,0.82741792,-0.01440778,4.32732919,2.60898531,36.95389284,36.95389284,0.00000000,0.92929471,1.72986408,15
2022-09-29,30.01757834,0.74841260,0.02840486,5.07574179,2.63739017,37.73071030,37.73071030,0.00000000,1.09001645,1.74869767,15
2022-09-30,30.01757834,-0.20491754,0.13653461,4.87082425,2.77392478,37.66232736,37.66232736,0.00000000,1.04601037,1.83922570,15
2022-10-03,30.01757834,-0.25840327,0.09756094,4.61242097,2.87148572,37.50148503,37.50148503,0.00000000,0.99051822,1.90391260,15
2022-10-04,30.01757834,-1.07162767,0.01508991,3.54079330,2.88657563,36.44494727,36.44494727,0.00000000,0.76038599,1.91391783,15
2022-10-05,30.01757834,0.53588671,-0.41528881,4.07668002,2.47128682,36.56554518,36.56554518,0.00000000,0.87546775,1.63856434,15
2022-10-06,30.01757834,0.24799186,0.04060208,4.32467188,2.51188890,36.85413912,36.85413912,0.00000000,0.92872405,1.66548519,15
2022-10-07,30.01757834,0.06624025,0.19045160,4.39091213,2.70234050,37.11083097,37.11083097,0.00000000,0.94294916,1.79176239,15
2022-10-10,30.01757834,0.04153383,0.09370260,4.43244596,2.79604310,37.24606740,37.24606740,0.00000000,0.95186855,1.85389105,15
2022-10-11,30.01757834,0.52426237,0.05946196,4.95670834,2.85550506,37.82979173,37.82979173,0.00000000,1.06445399,1.89331676,15
2022-10-12,30.01757834,0.23369952,-0.05996892,5.19040786,2.79553614,38.00352233,38.00352233,0.00000000,1.11464101,1.85355491,15
2022-10-13,30.01757834,-0.73395142,0.07197319,4.45645643,2.86750933,37.34154410,37.34154410,0.00000000,0.95702481,1.90127609,15
2022-10-14,30.01757834,-0.14729957,-0.10729818,4.30915686,2.76021115,37.08694636,37.08694636,0.00000000,0.92539220,1.83013300,15
2022-10-17,30.01757834,-0.52422418,-0.11829757,3.78493268,2.64191358,36.44442460,36.44442460,0.00000000,0.81281496,1.75169687,15
2022-10-18,30.01757834,-0.36843009,-0.04174013,3.41650259,2.60017344,36.03425438,36.03425438,0.00000000,0.73369454,1.72402145,15
2022-10-19,30.01757834,0.05615717,0.04468539,3.47265977,2.64485883,36.13509694,36.13509694,0.00000000,0.74575430,1.75364969,15
2022-10-20,30.01757834,-0.13596817,-0.03743592,3.33669160,2.60742291,35.96169285,35.96169285,0.00000000,0.71655511,1.72882814,15
2022-10-21,30.01757834,-0.16742106,-0.14228025,3.16927054,2.46514266,35.65199154,35.65199154,0.00000000,0.68060141,1.63449051,15
2022-10-24,30.01757834,-0.19908220,0.15533877,2.97018834,2.62048143,35.60824810,35.60824810,0.00000000,0.63784847,1.73748647,15
2022-10-25,30.01757834,-0.14607741,-0.10120326,2.82411093,2.51927817,35.36096744,35.36096744,0.00000000,0.60647832,1.67038457,15
2022-10-26,30.01757834,0.25508276,-0.07691031,3.07919369,2.44236786,35.53913989,35.53913989,0.00000000,0.66125739,1.61938989,15
2022-10-27,30.01757834,-0.12799008,0.13516211,2.95120361,2.57752997,35.54631192,35.54631192,0.00000000,0.63377150,1.70900790,15
2022-10-28,30.01757834,0.21531413,-0.04125963,3.16651774,2.53627034,35.72036642,35.72036642,0.00000000,0.68001024,1.68165108,15
2022-10-31,30.01757834,-0.12166296,0.34014833,3.04485478,2.87641868,35.93885179,35.93885179,0.00000000,0.65388310,1.90718335,15
2022-11-01,30.01757834,-0.29755305,-0.02475647,2.74730173,2.85166221,35.61654227,35.61654227,0.00000000,0.58998353,1.89076880,15
2022-11-02,30.01757834,0.02254934,-0.09205766,2.76985106,2.75960455,35.54703395,35.54703395,0.00000000,0.59482601,1.82973080,15
2022-11-03,30.01757834,-0.22742423,0.27381091,2.54242683,3.03341547,35.59342064,35.59342064,0.00000000,0.54598661,2.01127865,15
2022-11-04,30.01757834,-0.66386629,-0.10995483,1.87856054,2.92346064,34.81959952,34.81959952,0.00000000,0.40342121,1.93837410,15
2022-11-07,30.01757834,-0.05639710,-0.17838071,1.82216345,2.74507992,34.58482171,34.58482171,0.00000000,0.39130992,1.82010038,15
2022-11-08,30.01757834,-0.10493335,-0.04642493,1.71723010,2.69865499,34.43346343,34.43346343,0.00000000,0.36877547,1.78931875,15
2022-11-09,30.01757834,0.16274017,-0.02036406,1.87997027,2.67829093,34.57583954,34.57583954,0.00000000,0.40372395,1.77581654,15
2022-11-10,30.01757834,0.01666523,-0.10660200,1.89663550,2.57168893,34.48590277,34.48590277,0.00000000,0.40730281,1.70513505,15
2022-11-11,30.01757834,-0.30188178,-0.30699921,1.59475372,2.26468972,33.87702177,33.87702177,0.00000000,0.34247364,1.50158200,15
2022-11-14,30.01757834,-0.19312990,0.18599595,1.40162382,2.45068567,33.86988783,33.86988783,0.00000000,0.30099896,1.62490494,15
2022-11-15,30.01757834,-0.12203882,-0.21376599,1.27958500,2.23691968,33.53408302,33.53408302,0.00000000,0.27479110,1.48316933,15
2022-11-16,30.01757834,0.28374568,0.06765887,1.56333068,2.30457855,33.88548757,33.88548757,0.00000000,0.33572554,1.52802994,15
2022-11-17,30.01757834,-0.15450396,0.09836353,1.40882672,2.40294209,33.82934715,33.82934715,0.00000000,0.30254579,1.59324899,15
2022-11-18,30.01757834,-0.14503881,0.13251081,1.26378791,2.53545289,33.81681914,33.81681914,0.00000000,0.27139868,1.68110908,15
2022-11-21,30.01757834,0.05607128,-0.05406922,1.31985919,2.48138367,33.81882120,33.81882120,0.00000000,0.28344000,1.64525897,15
2022-11-22,30.01757834,-0.05208057,-0.19840576,1.26777862,2.28297791,33.56833487,33.56833487,0.00000000,0.27225568,1.51370783,15
2022-11-23,30.01757834,-0.06753787,-0.01454860,1.20024075,2.26842931,33.48624840,33.48624840,0.00000000,0.25775191,1.50406151,15
2022-11-25,30.01757834,-0.19695580,-0.27003600,1.00328495,1.99839331,33.01925661,33.01925661,0.00000000,0.21545562,1.32501659,15
2022-11-28,30.01757834,0.32991905,0.15147549,1.33320400,2.14986881,33.50065115,33.50065115,0.00000000,0.28630580,1.42545104,15
2022-11-29,30.01757834,-0.30957859,-0.18385436,1.02362541,1.96601445,33.00721820,33.00721820,0.00000000,0.21982374,1.30354807,15
2022-11-30,30.01757834,-0.06532322,0.02778277,0.95830219,1.99379722,32.96967775,32.96967775,0.00000000,0.20579557,1.32196919,15
2022-12-01,30.01757834,0.47060999,-0.04426062,1.42891218,1.94953660,33.39602712,33.39602712,0.00000000,0.30685914,1.29262258,15
2022-12-02,30.01757834,0.02667793,0.19159199,1.45559011,2.14112859,33.61429704,33.61429704,0.00000000,0.31258823,1.41965592,15
2022-12-05,30.01757834,0.16408433,-0.00525579,1.61967444,2.13587280,33.77312558,33.77312558,0.00000000,0.34782537,1.41617111,15
2022-12-06,30.01757834,0.15809072,-0.07471337,1.77776516,2.06115943,33.85650293,33.85650293,0.00000000,0.38177538,1.36663309,15
2022-12-07,30.01757834,0.21985726,0.06808676,1.99762241,2.12924619,34.14444695,34.14444695,0.00000000,0.42898977,1.41177740,15
2022-12-08,30.01757834,0.00029037,-0.06963242,1.99791278,2.05961377,34.07510489,34.07510489,0.00000000,0.42905212,1.36560825,15
2022-12-09,30.01757834,-0.39759983,0.02397672,1.60031295,2.08359049,33.70148179,33.70148179,0.00000000,0.34366749,1.38150580,15
2022-12-12,30.01757834,-0.01749453,0.02778687,1.58281842,2.11137736,33.71177412,33.71177412,0.00000000,0.33991054,1.39992963,15
2022-12-13,30.01757834,-0.38382208,0.05349093,1.19899634,2.16486829,33.38144296,33.38144296,0.00000000,0.25748468,1.43539631,15
2022-12-14,30.01757834,0.15126912,0.00421131,1.35026546,2.16907959,33.53692339,33.53692339,0.00000000,0.28996975,1.43818858,15
2022-12-15,30.01757834,0.61666252,-0.05416020,1.96692798,2.11491939,34.09942572,34.09942572,0.00000000,0.42239813,1.40227815,15
2022-12-16,30.01757834,-0.22871682,0.05979036,1.73821116,2.17470976,33.93049926,33.93049926,0.00000000,0.37328116,1.44192161,15
2022-12-19,30.01757834,-0.03306590,0.05118095,1.70514527,2.22589071,33.94861432,33.94861432,0.00000000,0.36618025,1.47585667,15
2022-12-20,30.01757834,-0.31941859,-0.07520984,1.38572667,2.15068087,33.55398588,33.55398588,0.00000000,0.29758505,1.42598947,15
2022-12-21,30.01757834,-0.48637370,-0.10026372,0.89935297,2.05041715,32.96734846,32.96734846,0.00000000,0.19313621,1.35951052,15
2022-12-22,30.01757834,0.03986531,-0.12872866,0.93921828,1.92168848,32.87848511,32.87848511,0.00000000,0.20169729,1.27415814,15
2022-12-23,30.01757834,-0.08700179,-0.02313875,0.85221649,1.89854973,32.76834456,32.76834456,0.00000000,0.18301364,1.25881620,15
2022-12-27,30.01757834,-0.07836541,0.01827844,0.77385108,1.91682817,32.70825759,32.70825759,0.00000000,0.16618466,1.27093556,15
2022-12-28,30.01757834,0.00294275,-0.27728618,0.77679383,1.63954199,32.43391416,32.43391416,0.00000000,0.16681661,1.08708347,15
2022-12-29,30.01757834,-0.08255637,0.03622607,0.69423746,1.67576806,32.38758386,32.38758386,0.00000000,0.14908762,1.11110283,15
2022-12-30,30.01757834,0.13966622,-0.06000700,0.83390369,1.61576106,32.46724308,32.46724308,0.00000000,0.17908096,1.07131573,15
2023-01-03,30.01757834,-0.74295372,0.44795616,0.09094997,2.06371722,32.17224552,32.17224552,0.00000000,0.01953152,1.36832901,15
2023-01-04,30.01757834,-0.71316277,-0.12702948,-0.62221280,1.93668774,31.33205328,31.33205328,0.00000000,-0.13362031,1.28410326,15
2023-01-05,30.01757834,-0.23062691,0.19028747,-0.85283971,2.12697521,31.29171384,31.29171384,0.00000000,-0.18314748,1.41027165,15
2023-01-06,30.01757834,-0.11378869,-0.00468147,-0.96662840,2.12229374,31.17324368,31.17324368,0.00000000,-0.20758362,1.40716764,15
2023-01-09,30.01757834,0.13093347,-0.05886124,-0.83569493,2.06343250,31.24531591,31.24531591,0.00000000,-0.17946563,1.36814023,15
2023-01-10,30.01757834,0.14914672,0.00048087,-0.68654821,2.06391337,31.39494350,31.39494350,0.00000000,-0.14743635,1.36845907,15
2023-01-11,30.01757834,0.04073641,-0.10324760,-0.64581180,1.96066577,31.33243231,31.33243231,0.00000000,-0.13868820,1.30000168,15
2023-01-12,30.01757834,-0.36547115,-0.11254977,-1.01128295,1.84811600,30.85441139,30.85441139,0.00000000,-0.21717319,1.22537657,15
2023-01-13,30.01757834,-0.06113293,-0.15248918,-1.07241589,1.69562682,30.64078927,30.64078927,0.00000000,-0.23030150,1.12427000,15
2023-01-17,30.01757834,0.04003669,0.06616049,-1.03237919,1.76178731,30.74698645,30.74698645,0.00000000,-0.22170361,1.16813711,15
2023-01-18,30.01757834,-0.02699685,0.03034092,-1.05937605,1.79212823,30.75033052,30.75033052,0.00000000,-0.22750119,1.18825439,15
2023-01-19,30.01757834,0.32609899,0.05488445,-0.73327706,1.84701268,31.13131396,31.13131396,0.00000000,-0.15747138,1.22464503,15
2023-01-20,30.01757834,-0.23924026,-0.09461461,-0.97251732,1.75239807,30.79745909,30.79745909,0.00000000,-0.20884827,1.16191167,15
2023-01-23,30.01757834,-0.17294172,-0.01251987,-1.14545904,1.73987820,30.61199751,30.61199751,0.00000000,-0.24598753,1.15361048,15
2023-01-24,30.01757834,-0.20796729,0.00169793,-1.35342633,1.74157613,30.40572814,30.40572814,0.00000000,-0.29064854,1.15473628,15
2023-01-25,30.01757834,0.01410174,-0.04612962,-1.33932459,1.69544651,30.37370026,30.37370026,0.00000000,-0.28762019,1.12415045,15
2023-01-26,30.01757834,-0.34009679,0.00145155,-1.67942137,1.69689806,30.03505503,30.03505503,0.00000000,-0.36065604,1.12511289,15
2023-01-27,30.01757834,-0.27170942,-0.09127105,-1.95113079,1.60562701,29.67207456,29.67207456,0.00000000,-0.41900568,1.06459644,15
2023-01-30,30.01757834,0.13348385,0.08629539,-1.81764694,1.69192239,29.89185380,29.89185380,0.00000000,-0.39034000,1.12181382,15
2023-01-31,30.01757834,-0.15643812,0.10582256,-1.97408505,1.79774495,29.84123824,29.84123824,0.00000000,-0.42393511,1.19197851,15
2023-02-01,30.01757834,-0.09711518,0.05861713,-2.07120023,1.85636208,29.80274019,29.80274019,0.00000000,-0.44479062,1.23084406,15
2023-02-02,30.01757834,0.09188368,0.05950189,-1.97931655,1.91586397,29.95412575,29.95412575,0.00000000,-0.42505858,1.27029625,15
2023-02-03,30.01757834,-0.10242576,0.12158402,-2.08174232,2.03744799,29.97328402,29.97328402,0.00000000,-0.44705453,1.35091144,15
2023-02-06,30.01757834,0.28262063,0.08051996,-1.79912169,2.11796796,30.33642461,30.33642461,0.00000000,-0.38636170,1.40429947,15
2023-02-07,30.01757834,-0.32334642,-0.08322112,-2.12246811,2.03474683,29.92985707,29.92985707,0.00000000,-0.45580040,1.34912046,15
2023-02-08,30.01757834,0.05162874,-0.06022170,-2.07083936,1.97452513,29.92126410,29.92126410,0.00000000,-0.44471312,1.30919100,15
2023-02-09,30.01757834,-0.62856600,0.35230299,-2.69940537,2.32682812,29.64500110,29.64500110,0.00000000,-0.57969778,1.54278231,15
2023-02-10,30.01757834,0.31248652,-0.12955853,-2.38691884,2.19726959,29.82792909,29.82792909,0.00000000,-0.51259124,1.45687970,15
2023-02-13,30.01757834,-0.04356847,-0.01668000,-2.43048732,2.18058960,29.76768062,29.76768062,0.00000000,-0.52194758,1.44582018,15
2023-02-14,30.01757834,-0.05608652,-0.05884577,-2.48657383,2.12174382,29.65274833,29.65274833,0.00000000,-0.53399217,1.40680302,15
2023-02-15,30.01757834,-0.09487614,0.06312094,-2.58144997,2.18486476,29.62099313,29.62099313,0.00000000,-0.55436684,1.44865479,15
2023-02-16,30.01757834,-0.49235624,0.17524188,-3.07380622,2.36010665,29.30387877,29.30387877,0.00000000,-0.66010043,1.56484733,15
2023-02-17,30.01757834,0.03989542,-0.02893362,-3.03391079,2.33117302,29.31484057,29.31484057,0.00000000,-0.65153288,1.54566316,15
2023-02-21,30.01757834,0.18713591,-0.03214022,-2.84677488,2.29903280,29.46983626,29.46983626,0.00000000,-0.61134541,1.52435288,15
2023-02-22,30.01757834,0.33707553,0.00109994,-2.50969935,2.30013275,29.80801174,29.80801174,0.00000000,-0.53895838,1.52508218,15
2023-02-23,30.01757834,-0.11006366,-0.00703190,-2.61976301,2.29310085,29.69091618,29.69091618,0.00000000,-0.56259457,1.52041975,15
2023-02-24,30.01757834,0.16946685,0.06365232,-2.45029616,2.35675317,29.92403535,29.92403535,0.00000000,-0.52620153,1.56262384,15
2023-02-27,30.01757834,-0.28407524,0.11086027,-2.73437139,2.46761344,29.75082039,29.75082039,0.00000000,-0.58720674,1.63612874,15
2023-02-28,30.01757834,-0.15002705,0.08684344,-2.88439844,2.55445688,29.68763678,29.68763678,0.00000000,-0.61942508,1.69370950,15
2023-03-01,30.01757834,0.31571508,-0.21679382,-2.56868336,2.33766306,29.78655804,29.78655804,0.00000000,-0.55162521,1.54996632,15
2023-03-02,30.01757834,0.08773252,-0.04327140,-2.48095084,2.29439166,29.83101916,29.83101916,0.00000000,-0.53278463,1.52127561,15
2023-03-03,30.01757834,-0.24900947,-0.09423292,-2.72996031,2.20015874,29.48777678,29.48777678,0.00000000,-0.58625946,1.45879533,15
2023-03-06,30.01757834,-0.19458621,-0.03332819,-2.92454651,2.16683055,29.25986238,29.25986238,0.00000000,-0.62804688,1.43669737,15
2023-03-07,30.01757834,0.23444887,-0.05075275,-2.69009764,2.11607780,29.44355850,29.44355850,0.00000000,-0.57769894,1.40304622,15
2023-03-08,30.01757834,-0.01624085,0.10114283,-2.70633848,2.21722063,29.52846049,29.52846049,0.00000000,-0.58118667,1.47010806,15
2023-03-09,30.01757834,0.35330239,0.11377513,-2.35303609,2.33099576,29.99553801,29.99553801,0.00000000,-0.50531492,1.54554563,15
2023-03-10,30.01757834,0.74289467,0.07170281,-1.61014142,2.40269858,30.81013549,30.81013549,0.00000000,-0.34577816,1.59308753,15
2023-03-13,30.01757834,1.17312939,-0.16161416,-0.43701203,2.24108442,31.82165073,31.82165073,0.00000000,-0.09384841,1.48593072,15
2023-03-14,30.01757834,-0.32714853,0.27133267,-0.76416056,2.51241709,31.76583487,31.76583487,0.00000000,-0.16410362,1.66583540,15
2023-03-15,30.01757834,1.78302830,-0.52507294,1.01886774,1.98734415,33.02379023,33.02379023,0.00000000,0.21880203,1.31769054,15
2023-03-16,30.01757834,-0.03513494,0.02903446,0.98373280,2.01637861,33.01768975,33.01768975,0.00000000,0.21125679,1.33694158,15
2023-03-17,30.01757834,0.43225744,-0.08188199,1.41599024,1.93449662,33.36806520,33.36806520,0.00000000,0.30408416,1.28265046,15
2023-03-20,30.01757834,0.05920372,0.05926345,1.47519396,1.99376007,33.48653237,33.48653237,0.00000000,0.31679816,1.32194455,15
2023-03-21,30.01757834,-0.78333328,0.16254319,0.69186068,2.15630325,32.86574227,32.86574227,0.00000000,0.14857720,1.42971734,15
2023-03-22,30.01757834,0.06513590,-0.09664566,0.75699658,2.05965760,32.83423252,32.83423252,0.00000000,0.16256515,1.36563731,15
2023-03-23,30.01757834,0.43511924,-0.11125471,1.19211582,1.94840289,33.15809705,33.15809705,0.00000000,0.25600708,1.29187089,15
2023-03-24,30.01757834,1.03136925,-0.07125156,2.22348508,1.87715133,34.11821475,34.11821475,0.00000000,0.47749381,1.24462819,15
2023-03-27,30.01757834,-0.25562250,0.02841817,1.96786258,1.90556950,33.89101041,33.89101041,0.00000000,0.42259884,1.26347060,15
2023-03-28,30.01757834,-0.02902385,-0.12695009,1.93883873,1.77861941,33.73503648,33.73503648,0.00000000,0.41636596,1.17929749,15
2023-03-29,30.01757834,-0.45837099,-0.02791077,1.48046774,1.75070864,33.24875472,33.24875472,0.00000000,0.31793071,1.16079151,15
2023-03-30,30.01757834,-0.39589527,0.17693309,1.08457247,1.92764173,33.02979254,33.02979254,0.00000000,0.23291213,1.27810539,15
2023-03-31,30.01757834,-0.03378270,0.87096268,1.05078977,2.79860441,33.86697252,33.86697252,0.00000000,0.22565729,1.85558930,15
2023-04-03,30.01757834,-0.28694363,0.07012928,0.76384613,2.86873369,33.65015816,33.65015816,0.00000000,0.16403609,1.90208789,15
2023-04-04,30.01757834,0.08840153,-0.05258040,0.85224766,2.81615328,33.68597928,33.68597928,0.00000000,0.18302034,1.86722493,15
2023-04-05,30.01757834,0.08456987,0.08743532,0.93681753,2.90358861,33.85798448,33.85798448,0.00000000,0.20118173,1.92519813,15
2023-04-06,30.01757834,-0.29921124,0.02909386,0.63760629,2.93268247,33.58786710,33.58786710,0.00000000,0.13692606,1.94448855,15
2023-04-11,30.01757834,-0.14933532,-0.18098087,0.48827097,2.75170160,33.25755091,33.25755091,0.00000000,0.10485628,1.82449082,15
2023-04-12,30.01757834,-0.05688417,-0.05979244,0.43138680,2.69190916,33.14087430,33.14087430,0.00000000,0.09264039,1.78484598,15
2023-04-13,30.01757834,-0.04579316,-0.01359197,0.38559364,2.67831718,33.08148916,33.08148916,0.00000000,0.08280630,1.77583395,15
2023-04-14,30.01757834,-0.69724303,0.03536681,-0.31164939,2.71368399,32.41961294,32.41961294,0.00000000,-0.06692676,1.79928359,15
2023-04-17,30.01757834,0.25889750,-0.30181872,-0.05275190,2.41186528,32.37669172,32.37669172,0.00000000,-0.01132848,1.59916543,15
2023-04-18,30.01757834,-0.29547978,0.02252875,-0.34823168,2.43439403,32.10374069,32.10374069,0.00000000,-0.07478281,1.61410291,15
2023-04-19,30.01757834,-0.18240680,0.04475163,-0.53063848,2.47914566,31.96608552,31.96608552,0.00000000,-0.11395471,1.64377508,15
2023-04-20,30.01757834,0.20236202,-0.01020058,-0.32827646,2.46894509,32.15824697,32.15824697,0.00000000,-0.07049743,1.63701168,15
2023-04-21,30.01757834,0.16711469,0.07093704,-0.16116177,2.53988213,32.39629870,32.39629870,0.00000000,-0.03460952,1.68404584,15
2023-04-24,30.01757834,-0.05454480,0.09732330,-0.21570656,2.63720542,32.43907720,32.43907720,0.00000000,-0.04632302,1.74857517,15
2023-04-25,30.01757834,0.48477496,-0.06476064,0.26906839,2.57244478,32.85909151,32.85909151,0.00000000,0.05778248,1.70563621,15
2023-04-26,30.01757834,-0.11885017,0.19287774,0.15021822,2.76532252,32.93311908,32.93311908,0.00000000,0.03225939,1.83352205,15
2023-04-27,30.01757834,-0.23644107,-0.08165461,-0.08622285,2.68366791,32.61502340,32.61502340,0.00000000,-0.01851637,1.77938170,15
2023-04-28,30.01757834,-0.01261175,0.02733341,-0.09883460,2.71100132,32.62974506,32.62974506,0.00000000,-0.02122475,1.79750487,15
2023-05-02,30.01757834,0.42978040,-0.08709781,0.33094579,2.62390351,32.97242765,32.97242765,0.00000000,0.07107067,1.73975546,15
2023-05-03,30.01757834,0.17299398,0.09812714,0.50393978,2.72203066,33.24354877,33.24354877,0.00000000,0.10822116,1.80481777,15
2023-05-04,30.01757834,0.33989140,-0.36851681,0.84383117,2.35351384,33.21492336,33.21492336,0.00000000,0.18121289,1.56047604,15
2023-05-05,30.01757834,-0.61626055,-0.07450772,0.22757062,2.27900612,32.52415509,32.52415509,0.00000000,0.04887083,1.51107437,15
2023-05-08,30.01757834,-0.08291537,-0.24844314,0.14465526,2.03056298,32.19279658,32.19279658,0.00000000,0.03106474,1.34634639,15
2023-05-09,30.01757834,-0.02846861,0.05579434,0.11618665,2.08635732,32.22012231,32.22012231,0.00000000,0.02495110,1.38334032,15
2023-05-10,30.01757834,-0.40864499,0.38708707,-0.29245834,2.47344438,32.19856438,32.19856438,0.00000000,-0.06280548,1.63999489,15
2023-05-11,30.01757834,0.12047100,0.00964650,-0.17198734,2.48309088,32.32868189,32.32868189,0.00000000,-0.03693431,1.64639092,15
2023-05-12,30.01757834,-0.16065688,0.23467455,-0.33264421,2.71776544,32.40269956,32.40269956,0.00000000,-0.07143540,1.80198976,15
2023-05-15,30.01757834,-0.11822418,-0.23150809,-0.45086839,2.48625735,32.05296730,32.05296730,0.00000000,-0.09682407,1.64849041,15
2023-05-16,30.01757834,0.03184397,-0.00645364,-0.41902442,2.47980371,32.07835763,32.07835763,0.00000000,-0.08998557,1.64421139,15
2023-05-17,30.01757834,-0.21851787,-0.02916835,-0.63754230,2.45063536,31.83067141,31.83067141,0.00000000,-0.13691232,1.62487158,15
2023-05-18,30.01757834,-0.34516059,-0.08426759,-0.98270289,2.36636777,31.40124322,31.40124322,0.00000000,-0.21103562,1.56899871,15
2023-05-19,30.01757834,0.01133745,0.13020682,-0.97136543,2.49657459,31.54278749,31.54278749,0.00000000,-0.20860090,1.65533117,15
2023-05-22,30.01757834,-0.03751074,0.04904385,-1.00887617,2.54561843,31.55432060,31.55432060,0.00000000,-0.21665634,1.68784924,15
2023-05-23,30.01757834,-0.21753587,0.16899859,-1.22641204,2.71461703,31.50578332,31.50578332,0.00000000,-0.26337220,1.79990223,15
2023-05-24,30.01757834,0.39854560,0.08003805,-0.82786644,2.79465507,31.98436697,31.98436697,0.00000000,-0.17778447,1.85297073,15
2023-05-25,30.01757834,-0.01764361,0.18588822,-0.84551006,2.98054329,32.15261157,32.15261157,0.00000000,-0.18157343,1.97622223,15
2023-05-26,30.01757834,-0.10970211,0.02373366,-0.95521216,3.00427695,32.06664313,32.06664313,0.00000000,-0.20513198,1.99195862,15
2023-05-30,30.01757834,1.13843760,-0.40641020,0.18322544,2.59786675,32.79867054,32.79867054,0.00000000,0.03934770,1.72249202,15
2023-05-31,30.01757834,0.37543294,0.09877303,0.55865839,2.69663979,33.27287651,33.27287651,0.00000000,0.11997199,1.78798258,15
2023-06-01,30.01757834,-0.12973511,0.00969386,0.42892328,2.70633364,33.15283526,33.15283526,0.00000000,0.09211135,1.79441001,15
2023-06-02,30.01757834,-0.73654040,-0.05437994,-0.30761712,2.65195370,32.36191492,32.36191492,0.00000000,-0.06606083,1.75835388,15
2023-06-05,30.01757834,0.17532014,-0.13891101,-0.13229698,2.51304269,32.39832405,32.39832405,0.00000000,-0.02841080,1.66625019,15
2023-06-06,30.01757834,-0.18933406,0.01833728,-0.32163105,2.53137997,32.22732726,32.22732726,0.00000000,-0.06907032,1.67840856,15
2023-06-07,30.01757834,-0.06159509,-0.08067419,-0.38322614,2.45070578,32.08505798,32.08505798,0.00000000,-0.08229788,1.62491827,15
2023-06-08,30.01757834,-0.10057345,-0.05284431,-0.48379959,2.39786147,31.93164022,31.93164022,0.00000000,-0.10389605,1.58988033,15
2023-06-09,30.01757834,0.05142105,-0.06134153,-0.43237853,2.33651994,31.92171975,31.92171975,0.00000000,-0.09285337,1.54920838,15
2023-06-12,30.01757834,0.03962364,0.01070734,-0.39275490,2.34722729,31.97205073,31.97205073,0.00000000,-0.08434418,1.55630779,15
2023-06-13,30.01757834,-0.09126338,0.08924763,-0.48401828,2.43647492,31.97003498,31.97003498,0.00000000,-0.10394301,1.61548263,15
2023-06-14,30.01757834,-0.21505657,0.16834327,-0.69907485,2.60481819,31.92332168,31.92332168,0.00000000,-0.15012645,1.72710111,15
2023-06-15,30.01757834,0.17162248,-0.08373018,-0.52745237,2.52108801,32.01121398,32.01121398,0.00000000,-0.11327049,1.67158457,15
2023-06-16,30.01757834,-0.00589793,-0.04213266,-0.53335030,2.47895536,31.96318340,31.96318340,0.00000000,-0.11453707,1.64364890,15
2023-06-20,30.01757834,-0.03061088,0.08671584,-0.56396118,2.56567119,32.01928835,32.01928835,0.00000000,-0.12111076,1.70114505,15
2023-06-21,30.01757834,0.00236521,0.01718982,-0.56159598,2.58286102,32.03884338,32.03884338,0.00000000,-0.12060284,1.71254260,15
2023-06-22,30.01757834,0.42767180,-0.13751570,-0.13392417,2.44534532,32.32899948,32.32899948,0.00000000,-0.02876024,1.62136406,15
2023-06-23,30.01757834,0.27167051,0.05991744,0.13774634,2.50526276,32.66058744,32.66058744,0.00000000,0.02958105,1.66109178,15
2023-06-26,30.01757834,-0.02914023,0.02048533,0.10860610,2.52574809,32.65193253,32.65193253,0.00000000,0.02332318,1.67467439,15
2023-06-27,30.01757834,-0.29746191,-0.05108336,-0.18885581,2.47466473,32.30338726,32.30338726,0.00000000,-0.04055682,1.64080403,15
2023-06-28,30.01757834,-0.06308793,-0.03761779,-0.25194374,2.43704694,32.20268154,32.20268154,0.00000000,-0.05410496,1.61586190,15
2023-06-29,30.01757834,-0.34788982,-0.01771243,-0.59983356,2.41933451,31.83707929,31.83707929,0.00000000,-0.12881436,1.60411783,15
2023-06-30,30.01757834,-0.08365322,0.16369875,-0.68348678,2.58303326,31.91712482,31.91712482,0.00000000,-0.14677891,1.71265680,15
2023-07-03,30.01757834,-0.22808667,-0.13128676,-0.91157344,2.45174650,31.55775140,31.55775140,0.00000000,-0.19576056,1.62560831,15
2023-07-05,30.01757834,0.23440359,0.28638102,-0.67716985,2.73812752,32.07853601,32.07853601,0.00000000,-0.14542235,1.81549065,15
2023-07-06,30.01757834,0.79413302,0.89722610,0.11696317,3.63535362,33.76989513,33.76989513,0.00000000,0.02511786,2.41038829,15
2023-07-07,30.01757834,-0.17261480,0.17131693,-0.05565162,3.80667055,33.76859726,33.76859726,0.00000000,-0.01195120,2.52397843,15
2023-07-10,30.01757834,0.02080958,0.01108429,-0.03484205,3.81775484,33.80049113,33.80049113,0.00000000,-0.00748234,2.53132777,15
2023-07-11,30.01757834,-0.21172992,0.01678109,-0.24657197,3.83453593,33.60554231,33.60554231,0.00000000,-0.05295137,2.54245432,15
2023-07-12,30.01757834,-0.31265678,-0.00966355,-0.55922874,3.82487238,33.28322198,33.28322198,0.00000000,-0.12009447,2.53604699,15
2023-07-13,30.01757834,-0.24504450,0.01246503,-0.80427324,3.83733742,33.05064252,33.05064252,0.00000000,-0.17271782,2.54431182,15
2023-07-14,30.01757834,0.17554968,-0.06635489,-0.62872356,3.77098253,33.15983731,33.15983731,0.00000000,-0.13501850,2.50031581,15
2023-07-17,30.01757834,-0.01086648,-0.04371660,-0.63959004,3.72726593,33.10525424,33.10525424,0.00000000,-0.13735207,2.47132991,15
2023-07-18,30.01757834,-0.20722662,0.13521227,-0.84681666,3.86247820,33.03323988,33.03323988,0.00000000,-0.18185403,2.56098118,15
2023-07-19,30.01757834,-0.14646072,0.03241751,-0.99327738,3.89489571,32.91919667,32.91919667,0.00000000,-0.21330649,2.58247532,15
2023-07-20,30.01757834,-0.11264515,-0.01197040,-1.10592253,3.88292531,32.79458112,32.79458112,0.00000000,-0.23749706,2.57453846,15
2023-07-21,30.01757834,0.01951772,-0.08178757,-1.08640482,3.80113774,32.73231127,32.73231127,0.00000000,-0.23330563,2.52030995,15
2023-07-24,30.01757834,-0.17543659,0.21162098,-1.26184141,4.01275872,32.76849565,32.76849565,0.00000000,-0.27098067,2.66062332,15
2023-07-25,30.01757834,-0.03217763,-0.33209744,-1.29401904,3.68066128,32.40422058,32.40422058,0.00000000,-0.27789082,2.44042912,15
2023-07-26,30.01757834,0.12858445,0.05335827,-1.16543460,3.73401955,32.58616329,32.58616329,0.00000000,-0.25027729,2.47580784,15
2023-07-27,30.01757834,-0.14504456,-0.11987718,-1.31047915,3.61414237,32.32124155,32.32124155,0.00000000,-0.28142563,2.39632436,15
2023-07-28,30.01757834,-0.33387462,-0.09359382,-1.64435377,3.52054855,31.89377312,31.89377312,0.00000000,-0.35312526,2.33426783,15
2023-07-31,30.01757834,-0.03499146,-0.12303189,-1.67934523,3.39751666,31.73574977,31.73574977,0.00000000,-0.36063969,2.25269265,15
2023-08-01,30.01757834,0.26977317,0.06193160,-1.40957206,3.45944826,32.06745453,32.06745453,0.00000000,-0.30270585,2.29375583,15
2023-08-02,30.01757834,0.32632981,0.24206348,-1.08324225,3.70151173,32.63584782,32.63584782,0.00000000,-0.23262647,2.45425383,15
2023-08-03,30.01757834,-0.33558426,0.11468334,-1.41882651,3.81619508,32.41494691,32.41494691,0.00000000,-0.30469324,2.53029358,15
2023-08-04,30.01757834,-0.57813508,0.17722729,-1.99696160,3.99342236,32.01403911,32.01403911,0.00000000,-0.42884786,2.64780253,15
2023-08-07,30.01757834,-0.03465654,0.01588863,-2.03161814,4.00931099,31.99527120,31.99527120,0.00000000,-0.43629035,2.65833734,15
2023-08-08,30.01757834,0.41513315,0.04726044,-1.61648499,4.05657144,32.45766479,32.45766479,0.00000000,-0.34714044,2.68967295,15
2023-08-09,30.01757834,-0.09458899,0.05871528,-1.71107398,4.11528672,32.42179108,32.42179108,0.00000000,-0.36745344,2.72860358,15
2023-08-10,30.01757834,-0.21494094,0.00067717,-1.92601491,4.11596389,32.20752731,32.20752731,0.00000000,-0.41361204,2.72905257,15
2023-08-11,30.01757834,0.08038771,0.05807203,-1.84562720,4.17403592,32.34598705,32.34598705,0.00000000,-0.39634877,2.76755671,15
2023-08-14,30.01757834,0.02228393,0.21164694,-1.82334327,4.38568286,32.57991792,32.57991792,0.00000000,-0.39156329,2.90788729,15
2023-08-15,30.01757834,0.21701162,0.02734939,-1.60633165,4.41303224,32.82427893,32.82427893,0.00000000,-0.34496001,2.92602106,15
2023-08-16,30.01757834,0.17958022,0.21352153,-1.42675143,4.62655377,33.21738068,33.21738068,0.00000000,-0.30639512,3.06759457,15
2023-08-17,30.01757834,0.00153275,0.00693194,-1.42521868,4.63348572,33.22584537,33.22584537,0.00000000,-0.30606596,3.07219073,15
2023-08-18,30.01757834,0.14921409,0.01605065,-1.27600460,4.64953636,33.39111010,33.39111010,0.00000000,-0.27402221,3.08283297,15
2023-08-21,30.01757834,-0.01717857,0.16412583,-1.29318317,4.81366220,33.53805737,33.53805737,0.00000000,-0.27771131,3.19165512,15
2023-08-22,30.01757834,-0.05949612,-0.07640409,-1.35267929,4.73725811,33.40215716,33.40215716,0.00000000,-0.29048812,3.14099608,15
2023-08-23,30.01757834,-0.01827034,-0.07684509,-1.37094963,4.66041301,33.30704172,33.30704172,0.00000000,-0.29441168,3.09004463,15
2023-08-24,30.01757834,-0.07435197,-0.05228774,-1.44530160,4.60812527,33.18040201,33.18040201,0.00000000,-0.31037877,3.05537572,15
2023-08-25,30.01757834,0.03517700,-0.02753625,-1.41012460,4.58058902,33.18804276,33.18804276,0.00000000,-0.30282451,3.03711806,15
2023-08-28,30.01757834,-0.22583745,-0.12142734,-1.63596205,4.45916168,32.84077797,32.84077797,0.00000000,-0.35132314,2.95660676,15
2023-08-29,30.01757834,-0.21383491,-0.15327437,-1.84979696,4.30588731,32.47366869,32.47366869,0.00000000,-0.39724422,2.85497958,15
2023-08-30,30.01757834,0.03131560,0.03049341,-1.81848136,4.33638072,32.53547770,32.53547770,0.00000000,-0.39051919,2.87519796,15
2023-08-31,30.01757834,0.11035912,-0.01065889,-1.70812224,4.32572183,32.63517793,32.63517793,0.00000000,-0.36681955,2.86813068,15
2023-09-01,30.01757834,-0.06711334,-0.02336366,-1.77523559,4.30235817,32.54470092,32.54470092,0.00000000,-0.38123216,2.85263961,15
2023-09-05,30.01757834,0.35059037,-0.30390541,-1.42464522,3.99845276,32.59138588,32.59138588,0.00000000,-0.30594281,2.65113789,15
2023-09-06,30.01757834,0.13228911,-0.14899297,-1.29235611,3.84945979,32.57468202,32.57468202,0.00000000,-0.27753370,2.55234944,15
2023-09-07,30.01757834,0.06621981,0.05235246,-1.22613630,3.90181224,32.69325429,32.69325429,0.00000000,-0.26331299,2.58706127,15
2023-09-08,30.01757834,0.06746765,0.00085887,-1.15866865,3.90267111,32.76158081,32.76158081,0.00000000,-0.24882430,2.58763073,15
2023-09-11,30.01757834,-0.30608087,-0.01001198,-1.46474952,3.89265913,32.44548795,32.44548795,0.00000000,-0.31455522,2.58099238,15
2023-09-12,30.01757834,-0.26150754,-0.01200197,-1.72625706,3.88065716,32.17197844,32.17197844,0.00000000,-0.37071401,2.57303458,15
2023-09-13,30.01757834,-0.13214481,-0.06033594,-1.85840187,3.82032121,31.97949768,31.97949768,0.00000000,-0.39909213,2.53302938,15
2023-09-14,30.01757834,-0.37821583,-0.06883234,-2.23661770,3.75148887,31.53244951,31.53244951,0.00000000,-0.48031405,2.48739071,15
2023-09-15,30.01757834,-0.04411850,0.02171596,-2.28073620,3.77320483,31.51004696,31.51004696,0.00000000,-0.48978850,2.50178928,15
2023-09-18,30.01757834,0.86505332,-0.06530470,-1.41568289,3.70790013,32.30979558,32.30979558,0.00000000,-0.30401815,2.45848959,15
2023-09-19,30.01757834,-0.12661792,-0.15355982,-1.54230081,3.55434031,32.02961784,32.02961784,0.00000000,-0.33120937,2.35667315,15
2023-09-20,30.01757834,-0.27662445,0.13654948,-1.81892526,3.69088979,31.88954287,31.88954287,0.00000000,-0.39061452,2.44721104,15
2023-09-21,30.01757834,0.17404035,0.06282823,-1.64488491,3.75371802,32.12641145,32.12641145,0.00000000,-0.35323933,2.48886873,15
2023-09-22,30.01757834,0.27070062,-0.16957838,-1.37418429,3.58413964,32.22753368,32.22753368,0.00000000,-0.29510632,2.37643132,15
2023-09-25,30.01757834,0.10494320,0.14571011,-1.26924109,3.72984975,32.47818700,32.47818700,0.00000000,-0.27256975,2.47304309,15
2023-09-26,30.01757834,0.10476174,0.12325462,-1.16447935,3.85310437,32.70620336,32.70620336,0.00000000,-0.25007215,2.55476595,15
2023-09-27,30.01757834,-0.07759368,-0.09399993,-1.24207303,3.75910445,32.53460976,32.53460976,0.00000000,-0.26673540,2.49244015,15
2023-09-28,30.01757834,-0.16570391,0.14005744,-1.40777694,3.89916189,32.50896329,32.50896329,0.00000000,-0.30232035,2.58530397,15
2023-09-29,30.01757834,-0.03892786,-0.08329669,-1.44670480,3.81586520,32.38673874,32.38673874,0.00000000,-0.31068011,2.53007486,15
2023-10-02,30.01757834,0.15755559,0.03873713,-1.28914921,3.85460234,32.58303147,32.58303147,0.00000000,-0.27684502,2.55575917,15
2023-10-03,30.01757834,0.33969307,0.42568330,-0.94945614,4.28028564,33.34840784,33.34840784,0.00000000,-0.20389587,2.83800462,15
2023-10-04,30.01757834,0.09210165,0.03347681,-0.85735449,4.31376245,33.47398630,33.47398630,0.00000000,-0.18411703,2.86020112,15
2023-10-05,30.01757834,-0.12566672,-0.04255005,-0.98302121,4.27121240,33.30576953,33.30576953,0.00000000,-0.21110398,2.83198869,15
2023-10-06,30.01757834,-0.34231221,-0.13338622,-1.32533342,4.13782617,32.83007110,32.83007110,0.00000000,-0.28461559,2.74354816,15
2023-10-09,30.01757834,0.33653325,-0.15212046,-0.98880017,3.98570571,33.01448388,33.01448388,0.00000000,-0.21234501,2.64268607,15
2023-10-10,30.01757834,-0.33340738,-0.01919041,-1.32220755,3.96651531,32.66188609,32.66188609,0.00000000,-0.28394431,2.62996205,15
2023-10-11,30.01757834,-0.04610459,-0.04015159,-1.36831214,3.92636372,32.57562992,32.57562992,0.00000000,-0.29384527,2.60333990,15
2023-10-12,30.01757834,0.05798001,-0.44134775,-1.31033213,3.48501597,32.19226218,32.19226218,0.00000000,-0.28139406,2.31070827,15
2023-10-13,30.01757834,0.46815078,0.05651465,-0.84218135,3.54153062,32.71692761,32.71692761,0.00000000,-0.18085859,2.34817980,15
2023-10-16,30.01757834,-0.12033046,0.05079031,-0.96251181,3.59232093,32.64738746,32.64738746,0.00000000,-0.20669958,2.38185585,15
2023-10-17,30.01757834,0.03400546,-0.13719800,-0.92850635,3.45512293,32.54419491,32.54419491,0.00000000,-0.19939690,2.29088796,15
2023-10-18,30.01757834,0.16152814,0.06009251,-0.76697822,3.51521544,32.76581556,32.76581556,0.00000000,-0.16470871,2.33073176,15
2023-10-19,30.01757834,0.23071418,0.21997625,-0.53626404,3.73519169,33.21650599,33.21650599,0.00000000,-0.11516280,2.47658502,15
2023-10-20,30.01757834,0.37062690,0.00746957,-0.16563714,3.74266126,33.59460246,33.59460246,0.00000000,-0.03557061,2.48153765,15
2023-10-23,30.01757834,-0.04475404,0.07267319,-0.21039118,3.81533446,33.62252161,33.62252161,0.00000000,-0.04518154,2.52972295,15
2023-10-24,30.01757834,0.18140618,0.06217368,-0.02898501,3.87750814,33.86610147,33.86610147,0.00000000,-0.00622454,2.57094665,15
2023-10-25,30.01757834,-0.08569771,-0.02038169,-0.11468272,3.85712644,33.76002206,33.76002206,0.00000000,-0.02462813,2.55743275,15
2023-10-26,30.01757834,0.62458482,-0.33646554,0.50990210,3.52066091,34.04814134,34.04814134,0.00000000,0.10950157,2.33434232,15
2023-10-27,30.01757834,0.16688656,-0.13243973,0.67678865,3.38822117,34.08258817,34.08258817,0.00000000,0.14534048,2.24652936,15
2023-10-30,30.01757834,-0.07794461,0.23905628,0.59884404,3.62727746,34.24369984,34.24369984,0.00000000,0.12860186,2.40503346,15
2023-10-31,30.01757834,-0.32136344,0.00510464,0.27748060,3.63238209,33.92744104,33.92744104,0.00000000,0.05958901,2.40841805,15
2023-11-01,30.01757834,0.03337673,-0.18373354,0.31085734,3.44864855,33.77708423,33.77708423,0.00000000,0.06675667,2.28659518,15
2023-11-02,30.01757834,-0.40558135,-0.04687354,-0.09472401,3.40177501,33.32462934,33.32462934,0.00000000,-0.02034200,2.25551611,15
2023-11-03,30.01757834,-0.24581405,-0.11572734,-0.34053807,3.28604767,32.96308794,32.96308794,0.00000000,-0.07313061,2.17878414,15
2023-11-06,30.01757834,-0.02747631,0.07120268,-0.36801438,3.35725035,33.00681431,33.00681431,0.00000000,-0.07903115,2.22599443,15
2023-11-07,30.01757834,0.23445349,0.12065362,-0.13356089,3.47790397,33.36192142,33.36192142,0.00000000,-0.02868222,2.30599272,15
2023-11-08,30.01757834,-0.02032429,0.13775477,-0.15388518,3.61565874,33.47935190,33.47935190,0.00000000,-0.03304687,2.39732978,15
2023-11-09,30.01757834,-0.02637916,0.00970421,-0.18026434,3.62536295,33.46267696,33.46267696,0.00000000,-0.03871180,2.40376407,15
2023-11-10,30.01757834,0.06494564,0.00372716,-0.11531869,3.62909011,33.53134976,33.53134976,0.00000000,-0.02476471,2.40623533,15
2023-11-13,30.01757834,-0.19966030,-0.10484157,-0.31497899,3.52424854,33.22684789,33.22684789,0.00000000,-0.06764179,2.33672108,15
2023-11-14,30.01757834,-0.21989842,-0.13520134,-0.53487742,3.38904721,32.87174813,32.87174813,0.00000000,-0.11486502,2.24707705,15
2023-11-15,30.01757834,-0.11346650,-0.24397098,-0.64834392,3.14507622,32.51431064,32.51431064,0.00000000,-0.13923197,2.08531430,15
2023-11-16,30.01757834,0.08868405,0.05021654,-0.55965986,3.19529276,32.65321124,32.65321124,0.00000000,-0.12018705,2.11860992,15
2023-11-17,30.01757834,-0.37074855,0.22381106,-0.93040841,3.41910382,32.50627375,32.50627375,0.00000000,-0.19980537,2.26700582,15
2023-11-20,30.01757834,-0.07001590,-0.18396905,-1.00042431,3.23513477,32.25228880,32.25228880,0.00000000,-0.21484130,2.14502681,15
2023-11-21,30.01757834,0.14443579,0.06610927,-0.85598852,3.30124405,32.46283386,32.46283386,0.00000000,-0.18382369,2.18885996,15
2023-11-22,30.01757834,0.01323632,-0.04833303,-0.84275220,3.25291101,32.42773715,32.42773715,0.00000000,-0.18098118,2.15681318,15
2023-11-24,30.01757834,-0.16104043,0.08106726,-1.00379263,3.33397827,32.34776398,32.34776398,0.00000000,-0.21556464,2.21056409,15
2023-11-27,30.01757834,0.08553623,-0.03930218,-0.91825639,3.29467609,32.39399804,32.39399804,0.00000000,-0.19719572,2.18450514,15
2023-11-28,30.01757834,0.01927134,0.03286655,-0.89898505,3.32754264,32.44613593,32.44613593,0.00000000,-0.19305720,2.20629701,15
2023-11-29,30.01757834,0.00743058,0.08597138,-0.89155448,3.41351402,32.53953789,32.53953789,0.00000000,-0.19146148,2.26329955,15
2023-11-30,30.01757834,-0.35212987,-0.01225413,-1.24368434,3.40125989,32.17515389,32.17515389,0.00000000,-0.26708143,2.25517456,15
2023-12-01,30.01757834,-0.02947880,0.05603590,-1.27316314,3.45729579,32.20171099,32.20171099,0.00000000,-0.27341201,2.29232866,15
2023-12-04,30.01757834,-0.10687810,0.03331480,-1.38004124,3.49061060,32.12814769,32.12814769,0.00000000,-0.29636410,2.31441774,15
2023-12-05,30.01757834,-0.06035341,0.15404139,-1.44039466,3.64465198,32.22183567,32.22183567,0.00000000,-0.30932501,2.41655348,15
2023-12-06,30.01757834,-0.33878152,0.01765033,-1.77917618,3.66230231,31.90070448,31.90070448,0.00000000,-0.38207840,2.42825638,15
2023-12-07,30.01757834,-0.05089130,-0.06497650,-1.83006748,3.59732582,31.78483668,31.78483668,0.00000000,-0.39300731,2.38517430,15
2023-12-08,30.01757834,-0.27457770,0.03541824,-2.10464518,3.63274406,31.54567723,31.54567723,0.00000000,-0.45197292,2.40865805,15
2023-12-11,30.01757834,0.14009269,-0.00533139,-1.96455249,3.62741267,31.68043853,31.68043853,0.00000000,-0.42188799,2.40512312,15
2023-12-12,30.01757834,0.07468754,-0.13500950,-1.88986495,3.49240317,31.62011656,31.62011656,0.00000000,-0.40584883,2.31560629,15
2023-12-13,30.01757834,0.02057337,-0.08530491,-1.86929158,3.40709827,31.55538503,31.55538503,0.00000000,-0.40143070,2.25904564,15
2023-12-14,30.01757834,-0.58663903,0.08183688,-2.45593061,3.48893515,31.05058288,31.05058288,0.00000000,-0.52741153,2.31330685,15
2023-12-15,30.01757834,0.07286479,-0.10028832,-2.38306582,3.38864682,31.02315934,31.02315934,0.00000000,-0.51176381,2.24681158,15
2023-12-18,30.01757834,0.12879612,0.06091575,-2.25426970,3.44956257,31.21287121,31.21287121,0.00000000,-0.48410482,2.28720122,15
2023-12-19,30.01757834,-0.01761637,0.04130585,-2.27188607,3.49086842,31.23656070,31.23656070,0.00000000,-0.48788793,2.31458869,15
2023-12-20,30.01757834,-0.07978394,0.09637367,-2.35167000,3.58724209,31.25315043,31.25315043,0.00000000,-0.50502155,2.37848838,15
2023-12-21,30.01757834,0.04908716,-0.12683288,-2.30258285,3.46040922,31.17540471,31.17540471,0.00000000,-0.49448007,2.29439299,15
2023-12-22,30.01757834,-0.04788881,-0.05469913,-2.35047165,3.40571009,31.07281677,31.07281677,0.00000000,-0.50476420,2.25812522,15
2023-12-27,30.01757834,-0.14117321,-0.10570677,-2.49164486,3.30000332,30.82593679,30.82593679,0.00000000,-0.53508118,2.18803731,15
2023-12-28,30.01757834,0.11993920,-0.12821998,-2.37170567,3.17178334,30.81765601,30.81765601,0.00000000,-0.50932421,2.10302221,15
2023-12-29,30.01757834,-0.06744893,-0.03227057,-2.43915460,3.13951277,30.71793651,30.71793651,0.00000000,-0.52380888,2.08162550,15
2024-01-02,30.01757834,0.07082444,0.58785873,-2.36833016,3.72737149,31.37661968,31.37661968,0.00000000,-0.50859932,2.47139991,15
2024-01-03,30.01757834,0.34211977,-0.07461560,-2.02621038,3.65275590,31.64412385,31.64412385,0.00000000,-0.43512904,2.42192671,15
2024-01-04,30.01757834,-0.28077945,-0.05523486,-2.30698983,3.59752104,31.30810954,31.30810954,0.00000000,-0.49542647,2.38530374,15
2024-01-05,30.01757834,-0.11407871,0.00383818,-2.42106854,3.60135921,31.19786901,31.19786901,0.00000000,-0.51992490,2.38784860,15
2024-01-08,30.01757834,-0.07066576,0.18607148,-2.49173431,3.78743069,31.31327472,31.31327472,0.00000000,-0.53510038,2.51122161,15
2024-01-09,30.01757834,0.11516756,-0.05789286,-2.37656675,3.72953783,31.37054942,31.37054942,0.00000000,-0.51036813,2.47283627,15
2024-01-10,30.01757834,0.18164646,-0.01719348,-2.19492029,3.71234435,31.53500240,31.53500240,0.00000000,-0.47135952,2.46143630,15
2024-01-11,30.01757834,0.44865144,-0.11558398,-1.74626884,3.59676037,31.86806987,31.86806987,0.00000000,-0.37501154,2.38479938,15
2024-01-12,30.01757834,0.00429320,0.02308345,-1.74197564,3.61984382,31.89544652,31.89544652,0.00000000,-0.37408958,2.40010466,15
2024-01-16,30.01757834,0.19776788,0.07522756,-1.54420776,3.69507138,32.16844196,32.16844196,0.00000000,-0.33161889,2.44998361,15
2024-01-17,30.01757834,0.28729960,0.19285959,-1.25690816,3.88793097,32.64860115,32.64860115,0.00000000,-0.26992125,2.57785741,15
2024-01-18,30.01757834,-0.08810756,-0.06890944,-1.34501572,3.81902154,32.49158416,32.49158416,0.00000000,-0.28884236,2.53216764,15
2024-01-19,30.01757834,-0.07996938,-0.04645322,-1.42498510,3.77256832,32.36516155,32.36516155,0.00000000,-0.30601580,2.50136725,15
2024-01-22,30.01757834,-0.18214150,0.16766212,-1.60712661,3.94023044,32.35068217,32.35068217,0.00000000,-0.34513072,2.61253410,15
2024-01-23,30.01757834,-0.18478619,-0.10312881,-1.79191279,3.83710162,32.06276717,32.06276717,0.00000000,-0.38481359,2.54415547,15
2024-01-24,30.01757834,-0.22431574,-0.41707308,-2.01622854,3.42002854,31.42137835,31.42137835,0.00000000,-0.43298544,2.26761895,15
2024-01-25,30.01757834,0.10237747,-0.25710136,-1.91385107,3.16292718,31.26665445,31.26665445,0.00000000,-0.41099986,2.09715022,15
2024-01-26,30.01757834,-0.16999399,0.13752705,-2.08384506,3.30045423,31.23418751,31.23418751,0.00000000,-0.44750610,2.18833628,15
2024-01-29,30.01757834,0.13916072,-0.16874024,-1.94468434,3.13171400,31.20460799,31.20460799,0.00000000,-0.41762131,2.07645460,15
2024-01-30,30.01757834,-0.11811170,0.06562418,-2.06279605,3.19733818,31.15212047,31.15212047,0.00000000,-0.44298582,2.11996612,15
2024-01-31,30.01757834,-0.00952791,-0.00575010,-2.07232396,3.19158808,31.13684246,31.13684246,0.00000000,-0.44503194,2.11615357,15
2024-02-01,30.01757834,0.72649759,-0.00330380,-1.34582637,3.18828428,31.86003625,31.86003625,0.00000000,-0.28901645,2.11396301,15
2024-02-02,30.01757834,-0.05995212,0.04904095,-1.40577849,3.23732523,31.84912508,31.84912508,0.00000000,-0.30189118,2.14647917,15
2024-02-05,30.01757834,0.12998765,-0.06544766,-1.27579084,3.17187757,31.91366508,31.91366508,0.00000000,-0.27397631,2.10308470,15
2024-02-06,30.01757834,0.06934003,-0.25046709,-1.20645081,2.92141049,31.73253802,31.73253802,0.00000000,-0.25908552,1.93701476,15
2024-02-07,30.01757834,0.14600389,0.01912656,-1.06044692,2.94053704,31.89766847,31.89766847,0.00000000,-0.22773116,1.94969645,15
2024-02-08,30.01757834,0.54280246,-0.02015985,-0.51764446,2.92037719,32.42031107,32.42031107,0.00000000,-0.11116424,1.93632964,15
2024-02-09,30.01757834,0.26108424,0.01407391,-0.25656022,2.93445110,32.69546921,32.69546921,0.00000000,-0.05509635,1.94566122,15
2024-02-12,30.01757834,-0.11832828,0.01139296,-0.37488850,2.94584406,32.58853390,32.58853390,0.00000000,-0.08050737,1.95321522,15
2024-02-13,30.01757834,0.13409890,-0.01184667,-0.24078960,2.93399739,32.71078613,32.71078613,0.00000000,-0.05170961,1.94536039,15
2024-02-14,30.01757834,-0.03279486,-0.11005771,-0.27358446,2.82393968,32.56793356,32.56793356,0.00000000,-0.05875231,1.87238763,15
2024-02-15,30.01757834,-0.16777455,-0.11473973,-0.44135901,2.70919995,32.28541928,32.28541928,0.00000000,-0.09478193,1.79631049,15
2024-02-16,30.01757834,-0.17701691,-0.06192578,-0.61837592,2.64727417,32.04647659,32.04647659,0.00000000,-0.13279634,1.75525116,15
2024-02-20,30.01757834,-0.29773989,-0.15248069,-0.91611581,2.49479348,31.59625600,31.59625600,0.00000000,-0.19673603,1.65415022,15
2024-02-21,30.01757834,-0.10691045,-0.15172990,-1.02302626,2.34306358,31.33761566,31.33761566,0.00000000,-0.21969507,1.55354708,15
2024-02-22,30.01757834,-0.17539946,-0.11159618,-1.19842573,2.23146740,31.05062001,31.05062001,0.00000000,-0.25736214,1.47955425,15
2024-02-23,30.01757834,-0.18944999,0.03157489,-1.38787572,2.26304229,30.89274491,30.89274491,0.00000000,-0.29804656,1.50048969,15
2024-02-26,30.01757834,0.17584342,0.10870012,-1.21203230,2.37174241,31.17728845,31.17728845,0.00000000,-0.26028415,1.57256232,15
2024-02-27,30.01757834,-0.12591385,-0.05683743,-1.33794614,2.31490498,30.99453717,30.99453717,0.00000000,-0.28732417,1.53487678,15
2024-02-28,30.01757834,-0.08189693,0.15870742,-1.41984308,2.47361240,31.07134767,31.07134767,0.00000000,-0.30491155,1.64010630,15
2024-02-29,30.01757834,-0.06498093,0.02458804,-1.48482400,2.49820044,31.03095478,31.03095478,0.00000000,-0.31886622,1.65640917,15
2024-03-01,30.01757834,-0.29616630,0.04719523,-1.78099030,2.54539567,30.78198371,30.78198371,0.00000000,-0.38246798,1.68770154,15
2024-03-04,30.01757834,-0.04411872,-0.00948159,-1.82510902,2.53591408,30.72838340,30.72838340,0.00000000,-0.39194249,1.68141486,15
2024-03-05,30.01757834,-0.02364482,0.05342100,-1.84875384,2.58933508,30.75815958,30.75815958,0.00000000,-0.39702021,1.71683517,15
2024-03-06,30.01757834,0.04724568,-0.16556304,-1.80150816,2.42377204,30.63984222,30.63984222,0.00000000,-0.38687420,1.60706009,15
2024-03-07,30.01757834,-0.21935088,0.01766135,-2.02085904,2.44143339,30.43815269,30.43815269,0.00000000,-0.43397984,1.61877029,15
2024-03-08,30.01757834,0.01236686,-0.12868075,-2.00849217,2.31275264,30.32183881,30.32183881,0.00000000,-0.43132405,1.53344969,15
2024-03-11,30.01757834,-0.07276726,0.05730629,-2.08125944,2.37005893,30.30637783,30.30637783,0.00000000,-0.44695083,1.57144611,15
2024-03-12,30.01757834,-0.21013593,-0.03636061,-2.29139537,2.33369832,30.05988129,30.05988129,0.00000000,-0.49207756,1.54733753,15
2024-03-13,30.01757834,-0.01240855,0.05531512,-2.30380392,2.38901344,30.10278786,30.10278786,0.00000000,-0.49474230,1.58401372,15
2024-03-14,30.01757834,0.12453341,0.03719957,-2.17927051,2.42621301,30.26452084,30.26452084,0.00000000,-0.46799873,1.60867856,15
2024-03-15,30.01757834,-0.14252551,0.11346890,-2.32179603,2.53968192,30.23546423,30.23546423,0.00000000,-0.49860611,1.68391309,15
2024-03-18,30.01757834,-0.05223848,-0.02270721,-2.37403451,2.51697471,30.16051854,30.16051854,0.00000000,-0.50982433,1.66885728,15
2024-03-19,30.01757834,-0.20568221,0.14346411,-2.57971672,2.66043882,30.09830044,30.09830044,0.00000000,-0.55399462,1.76397986,15
2024-03-20,30.01757834,-0.04216361,-0.04666770,-2.62188033,2.61377111,30.00946912,30.00946912,0.00000000,-0.56304927,1.73303726,15
2024-03-21,30.01757834,-0.35930610,-0.19677153,-2.98118643,2.41699958,29.45339149,29.45339149,0.00000000,-0.64021031,1.60256968,15
2024-03-22,30.01757834,0.01392480,0.05597452,-2.96726163,2.47297410,29.52329081,29.52329081,0.00000000,-0.63721996,1.63968308,15
2024-03-25,30.01757834,0.11018428,0.05937074,-2.85707735,2.53234484,29.69284583,29.69284583,0.00000000,-0.61355787,1.67904831,15
2024-03-26,30.01757834,-0.32146141,-0.03462531,-3.17853876,2.49771954,29.33675912,29.33675912,0.00000000,-0.68259176,1.65609032,15
2024-03-27,30.01757834,0.03219433,-0.00703662,-3.14634443,2.49068292,29.36191683,29.36191683,0.00000000,-0.67567802,1.65142475,15
2024-03-28,30.01757834,-0.21852164,0.15504974,-3.36486606,2.64573265,29.29844493,29.29844493,0.00000000,-0.72260558,1.75422907,15
2024-04-02,30.01757834,0.01565769,0.18673476,-3.34920838,2.83246741,29.50083738,29.50083738,0.00000000,-0.71924309,1.87804186,15
2024-04-03,30.01757834,-0.28154714,0.12790506,-3.63075551,2.96037247,29.34719530,29.34719530,0.00000000,-0.77970539,1.96284815,15
2024-04-04,30.01757834,-0.14079224,0.02412259,-3.77154775,2.98449507,29.23052566,29.23052566,0.00000000,-0.80994055,1.97884242,15
2024-04-05,30.01757834,0.14902650,0.04779489,-3.62252125,3.03228995,29.42734705,29.42734705,0.00000000,-0.77793708,2.01053239,15
2024-04-08,30.01757834,-0.06803827,-0.13775844,-3.69055952,2.89453152,29.22155034,29.22155034,0.00000000,-0.79254831,1.91919290,15
2024-04-09,30.01757834,0.19795289,-0.08714816,-3.49260662,2.80738336,29.33235508,29.33235508,0.00000000,-0.75003789,1.86141011,15
2024-04-10,30.01757834,-0.02857454,-0.05357670,-3.52118116,2.75380666,29.25020383,29.25020383,0.00000000,-0.75617428,1.82588656,15
2024-04-11,30.01757834,0.22537724,-0.05699125,-3.29580392,2.69681541,29.41858983,29.41858983,0.00000000,-0.70777448,1.78809903,15
2024-04-12,30.01757834,-0.02988461,0.24076484,-3.32568853,2.93758025,29.62947006,29.62947006,0.00000000,-0.71419220,1.94773598,15
2024-04-15,30.01757834,0.10073505,-0.03708103,-3.22495348,2.90049922,29.69312409,29.69312409,0.00000000,-0.69255933,1.92314974,15
2024-04-16,30.01757834,0.54335258,0.00643893,-2.68160090,2.90693815,30.24291559,30.24291559,0.00000000,-0.57587427,1.92741901,15
2024-04-17,30.01757834,-0.09323878,-0.03529442,-2.77483968,2.87164373,30.11438239,30.11438239,0.00000000,-0.59589731,1.90401737,15
2024-04-18,30.01757834,-0.41070649,-0.12857028,-3.18554617,2.74307346,29.57510562,29.57510562,0.00000000,-0.68409660,1.81877001,15
2024-04-19,30.01757834,-0.10642099,0.00431064,-3.29196716,2.74738409,29.47299527,29.47299527,0.00000000,-0.70695053,1.82162814,15
2024-04-22,30.01757834,-0.27810577,-0.08849246,-3.57007294,2.65889163,29.10639703,29.10639703,0.00000000,-0.76667380,1.76295401,15
2024-04-23,30.01757834,-0.27703575,-0.03915978,-3.84710869,2.61973185,28.79020150,28.79020150,0.00000000,-0.82616727,1.73698947,15
2024-04-24,30.01757834,0.00978399,-0.05455669,-3.83732470,2.56517516,28.74542880,28.74542880,0.00000000,-0.82406616,1.70081615,15
2024-04-25,30.01757834,0.00132107,-0.03917173,-3.83600363,2.52600343,28.70757814,28.70757814,0.00000000,-0.82378246,1.67484369,15
2024-04-26,30.01757834,-0.02578569,0.05597838,-3.86178932,2.58198181,28.73777083,28.73777083,0.00000000,-0.82931994,1.71195965,15
2024-04-29,30.01757834,-0.10316885,-0.20723733,-3.96495817,2.37474448,28.42736465,28.42736465,0.00000000,-0.85147547,1.57455282,15
2024-04-30,30.01757834,0.02639597,0.01735211,-3.93856220,2.39209659,28.47111274,28.47111274,0.00000000,-0.84580693,1.58605798,15
2024-05-01,30.01757834,-0.02536887,0.02653043,-3.96393107,2.41862703,28.47227430,28.47227430,0.00000000,-0.85125490,1.60364874,15
2024-05-02,30.01757834,-0.36638164,0.19577356,-4.33031271,2.61440058,28.30166621,28.30166621,0.00000000,-0.92993542,1.73345462,15
2024-05-03,30.01757834,0.17652203,-0.08274912,-4.15379068,2.53165146,28.39543912,28.39543912,0.00000000,-0.89202728,1.67858857,15
2024-05-06,30.01757834,-0.09099593,-0.06917047,-4.24478660,2.46248099,28.23527273,28.23527273,0.00000000,-0.91156867,1.63272572,15
2024-05-07,30.01757834,-0.25403504,0.00082065,-4.49882165,2.46330164,27.98205833,27.98205833,0.00000000,-0.96612274,1.63326984,15
2024-05-08,30.01757834,-0.09882919,0.01655932,-4.59765084,2.47986096,27.89978847,27.89978847,0.00000000,-0.98734633,1.64424935,15
2024-05-09,30.01757834,-0.15236271,-0.13727860,-4.75001355,2.34258236,27.61014715,27.61014715,0.00000000,-1.02006625,1.55322802,15
2024-05-10,30.01757834,-0.26993468,-0.34113587,-5.01994823,2.00144649,26.99907660,26.99907660,0.00000000,-1.07803477,1.32704097,15
2024-05-13,30.01757834,-0.13708051,0.02390615,-5.15702874,2.02535264,26.88590225,26.88590225,0.00000000,-1.10747283,1.34289172,15
2024-05-14,30.01757834,-0.19020634,0.11436273,-5.34723507,2.13971537,26.81005864,26.81005864,0.00000000,-1.14831968,1.41871889,15
2024-05-15,30.01757834,-0.03020161,-0.00834920,-5.37743669,2.13136617,26.77150782,26.77150782,0.00000000,-1.15480548,1.41318303,15
2024-05-16,30.01757834,-0.00470572,-0.31669535,-5.38214241,1.81467082,26.45010675,26.45010675,0.00000000,-1.15581604,1.20320105,15
2024-05-17,30.01757834,-0.08943744,0.00362374,-5.47157985,1.81829456,26.36429305,26.36429305,0.00000000,-1.17502274,1.20560374,15
2024-05-20,30.01757834,-0.12505868,-0.01575976,-5.59663854,1.80253480,26.22347461,26.22347461,0.00000000,-1.20187912,1.19515437,15
2024-05-21,30.01757834,0.26465865,-0.06328575,-5.33197989,1.73924905,26.42484750,26.42484750,0.00000000,-1.14504362,1.15319333,15
2024-05-22,30.01757834,0.12944067,-0.01061810,-5.20253922,1.72863094,26.54367007,26.54367007,0.00000000,-1.11724622,1.14615309,15
2024-05-23,30.01757834,0.00144139,0.11102487,-5.20109782,1.83965582,26.65613634,26.65613634,0.00000000,-1.11693668,1.21976713,15
2024-05-24,30.01757834,-0.02245046,0.03717012,-5.22354828,1.87682593,26.67085599,26.67085599,0.00000000,-1.12175792,1.24441243,15
2024-05-28,30.01757834,-0.04334261,-0.01548088,-5.26689089,1.86134506,26.61203251,26.61203251,0.00000000,-1.13106575,1.23414798,15
2024-05-29,30.01757834,0.51399829,0.01889893,-4.75289260,1.88024399,27.14492972,27.14492972,0.00000000,-1.02068453,1.24667874,15
2024-05-30,30.01757834,-0.14854872,0.18491419,-4.90144132,2.06515818,27.18129520,27.18129520,0.00000000,-1.05258539,1.36928443,15
2024-05-31,30.01757834,-0.04289092,0.02406692,-4.94433224,2.08922511,27.16247120,27.16247120,0.00000000,-1.06179622,1.38524178,15
2024-06-03,30.01757834,0.06812911,-0.12970796,-4.87620313,1.95951715,27.10089236,27.10089236,0.00000000,-1.04716549,1.29924010,15
2024-06-04,30.01757834,0.39818170,-0.04718499,-4.47802143,1.91233216,27.45188907,27.45188907,0.00000000,-0.96165589,1.26795452,15
2024-06-05,30.01757834,0.15015241,0.00576629,-4.32786902,1.91809845,27.60780778,27.60780778,0.00000000,-0.92941064,1.27177781,15
2024-06-06,30.01757834,-0.07268288,0.04766140,-4.40055189,1.96575986,27.58278630,27.58278630,0.00000000,-0.94501930,1.30337927,15
2024-06-07,30.01757834,0.00000925,-0.06209531,-4.40054265,1.90366455,27.52070024,27.52070024,0.00000000,-0.94501731,1.26220753,15
2024-06-10,30.01757834,0.69704379,-0.10730935,-3.70349886,1.79635520,28.11043468,28.11043468,0.00000000,-0.79532703,1.19105704,15
2024-06-11,30.01757834,0.83666212,0.02419162,-2.86683674,1.82054682,28.97128842,28.97128842,0.00000000,-0.61565370,1.20709708,15
2024-06-12,30.01757834,-0.35729303,0.17184691,-3.22412977,1.99239373,28.78584229,28.78584229,0.00000000,-0.69238244,1.32103861,15
2024-06-13,30.01757834,0.38067018,-0.10333996,-2.84345959,1.88905376,29.06317251,29.06317251,0.00000000,-0.61063345,1.25251999,15
2024-06-14,30.01757834,0.52199978,-0.09378755,-2.32145981,1.79526622,29.49138475,29.49138475,0.00000000,-0.49853391,1.19033500,15
2024-06-17,30.01757834,-0.07298009,-0.03278851,-2.39443991,1.76247771,29.38561614,29.38561614,0.00000000,-0.51420639,1.16859488,15
2024-06-18,30.01757834,-0.08968410,-0.10793072,-2.48412401,1.65454698,29.18800131,29.18800131,0.00000000,-0.53346607,1.09703239,15
2024-06-20,30.01757834,-0.17713725,-0.22669818,-2.66126125,1.42784880,28.78416589,28.78416589,0.00000000,-0.57150633,0.94672221,15
2024-06-21,30.01757834,0.27939375,0.09506222,-2.38186750,1.52291102,29.15862186,29.15862186,0.00000000,-0.51150647,1.00975236,15
2024-06-24,30.01757834,-0.42552399,-0.07028470,-2.80739149,1.45262631,28.66281316,28.66281316,0.00000000,-0.60288782,0.96315072,15
2024-06-25,30.01757834,0.16957978,-0.10028800,-2.63781171,1.35233832,28.73210494,28.73210494,0.00000000,-0.56647053,0.89665567,15
2024-06-26,30.01757834,0.12030441,-0.04312518,-2.51750730,1.30921314,28.80928418,28.80928418,0.00000000,-0.54063514,0.86806192,15
2024-06-27,30.01757834,0.07141989,0.04784527,-2.44608741,1.35705841,28.92854934,28.92854934,0.00000000,-0.52529770,0.89978529,15
2024-06-28,30.01757834,0.13981205,-0.25021777,-2.30627536,1.10684064,28.81814362,28.81814362,0.00000000,-0.49527304,0.73388066,15
2024-07-01,30.01757834,-0.48185779,0.01774731,-2.78813315,1.12458795,28.35403314,28.35403314,0.00000000,-0.59875209,0.74564785,15
2024-07-02,30.01757834,0.17785219,-0.15337445,-2.61028096,0.97121350,28.37851088,28.37851088,0.00000000,-0.56055830,0.64395431,15
2024-07-03,30.01757834,-0.36885648,0.14704344,-2.97913744,1.11825694,28.15669785,28.15669785,0.00000000,-0.63977029,0.74145014,15
2024-07-05,30.01757834,-0.34800719,0.32422212,-3.32714462,1.44247906,28.13291278,28.13291278,0.00000000,-0.71450490,0.95642268,15
2024-07-08,30.01757834,0.19792021,0.38612422,-3.12922441,1.82860328,28.71695721,28.71695721,0.00000000,-0.67200150,1.21243884,15
2024-07-09,30.01757834,0.27993601,-0.05579305,-2.84928840,1.77281023,28.94110016,28.94110016,0.00000000,-0.61188519,1.17544576,15
2024-07-10,30.01757834,-0.18650478,-0.00481400,-3.03579318,1.76799623,28.74978139,28.74978139,0.00000000,-0.65193712,1.17225389,15
2024-07-11,30.01757834,-0.07790913,-0.07321864,-3.11370231,1.69477759,28.59865362,28.59865362,0.00000000,-0.66866812,1.12370693,15
2024-07-12,30.01757834,-0.12603147,-0.10167898,-3.23973379,1.59309862,28.37094317,28.37094317,0.00000000,-0.69573340,1.05628961,15
2024-07-15,30.01757834,-0.05970576,0.05351704,-3.29943955,1.64661565,28.36475445,28.36475445,0.00000000,-0.70855523,1.09177359,15
2024-07-16,30.01757834,-0.02694779,0.12030817,-3.32638734,1.76692382,28.45811482,28.45811482,0.00000000,-0.71434227,1.17154284,15
2024-07-17,30.01757834,-0.14364154,0.06825289,-3.47002887,1.83517671,28.38272617,28.38272617,0.00000000,-0.74518931,1.21679729,15
2024-07-18,30.01757834,-0.10122466,0.06139244,-3.57125353,1.89656915,28.34289396,28.34289396,0.00000000,-0.76692733,1.25750299,15
2024-07-19,30.01757834,0.12117188,0.17739456,-3.45008165,2.07396371,28.64146039,28.64146039,0.00000000,-0.74090565,1.37512285,15
2024-07-22,30.01757834,-0.16452860,-0.04779892,-3.61461026,2.02616479,28.42913287,28.42913287,0.00000000,-0.77623819,1.34343021,15
2024-07-23,30.01757834,-0.05671275,-0.12805206,-3.67132301,1.89811273,28.24436806,28.24436806,0.00000000,-0.78841727,1.25852645,15
2024-07-24,30.01757834,0.09750796,-0.02312417,-3.57381505,1.87498856,28.31875185,28.31875185,0.00000000,-0.76747741,1.24319418,15
2024-07-25,30.01757834,0.05626030,0.14102011,-3.51755474,2.01600867,28.51603226,28.51603226,0.00000000,-0.75539550,1.33669629,15
2024-07-26,30.01757834,-0.03119440,0.03428368,-3.54874914,2.05029235,28.51912155,28.51912155,0.00000000,-0.76209451,1.35942777,15
2024-07-29,30.01757834,0.05829876,-0.12475788,-3.49045038,1.92553446,28.45266242,28.45266242,0.00000000,-0.74957484,1.27670818,15
2024-07-30,30.01757834,-0.27712226,0.15346027,-3.76757265,2.07899473,28.32900043,28.32900043,0.00000000,-0.80908689,1.37845863,15
2024-07-31,30.01757834,-0.02210733,-0.08035681,-3.78967998,1.99863793,28.22653628,28.22653628,0.00000000,-0.81383445,1.32517877,15
2024-08-01,30.01757834,0.87344180,-0.05324132,-2.91623818,1.94539660,29.04673676,29.04673676,0.00000000,-0.62626267,1.28987759,15
2024-08-02,30.01757834,0.78347255,0.14071991,-2.13276563,2.08611651,29.97092922,29.97092922,0.00000000,-0.45801180,1.38318066,15
2024-08-05,30.01757834,0.38624357,0.55006146,-1.74652206,2.63617798,30.90723426,30.90723426,0.00000000,-0.37506592,1.74789393,15
2024-08-06,30.01757834,0.03831524,-0.12644879,-1.70820682,2.50972919,30.81910071,30.81910071,0.00000000,-0.36683772,1.66405321,15
2024-08-07,30.01757834,-0.37098027,-0.16958504,-2.07918709,2.34014415,30.27853540,30.27853540,0.00000000,-0.44650580,1.55161138,15
2024-08-08,30.01757834,-0.01391824,-0.06771728,-2.09310533,2.27242687,30.19689989,30.19689989,0.00000000,-0.44949474,1.50671206,15
2024-08-09,30.01757834,-0.06912113,-0.06862819,-2.16222646,2.20379869,30.05915057,30.05915057,0.00000000,-0.46433851,1.46120876,15
2024-08-12,30.01757834,-0.06966453,-0.09810381,-2.23189098,2.10569487,29.89138223,29.89138223,0.00000000,-0.47929898,1.39616191,15
2024-08-13,30.01757834,-0.09170485,-0.02359969,-2.32359583,2.08209518,29.77607769,29.77607769,0.00000000,-0.49899262,1.38051435,15
2024-08-14,30.01757834,-0.10609397,-0.04266800,-2.42968981,2.03942718,29.62731572,29.62731572,0.00000000,-0.52177632,1.35222372,15
2024-08-15,30.01757834,-0.05650962,-0.12965626,-2.48619943,1.90977092,29.44114983,29.44114983,0.00000000,-0.53391177,1.26625631,15
2024-08-16,30.01757834,-0.13660082,-0.15838082,-2.62280025,1.75139010,29.14616820,29.14616820,0.00000000,-0.56324682,1.16124334,15
2024-08-19,30.01757834,-0.05067284,-0.11283424,-2.67347308,1.63855586,28.98266112,28.98266112,0.00000000,-0.57412882,1.08642962,15
2024-08-20,30.01757834,0.12905523,-0.03727316,-2.54441786,1.60128270,29.07444318,29.07444318,0.00000000,-0.54641418,1.06171599,15
2024-08-21,30.01757834,-0.05846324,0.10494243,-2.60288110,1.70622513,29.12092237,29.12092237,0.00000000,-0.55896918,1.13129712,15
2024-08-22,30.01757834,-0.06857478,-0.03396180,-2.67145587,1.67226332,29.01838579,29.01838579,0.00000000,-0.57369562,1.10877905,15
2024-08-23,30.01757834,-0.21160428,-0.02480496,-2.88306015,1.64745837,28.78197656,28.78197656,0.00000000,-0.61913768,1.09233235,15
2024-08-26,30.01757834,0.04728882,-0.00025453,-2.83577133,1.64720384,28.82901086,28.82901086,0.00000000,-0.60898239,1.09216359,15
2024-08-27,30.01757834,-0.13923872,-0.10105356,-2.97501005,1.54615029,28.58871858,28.58871858,0.00000000,-0.63888393,1.02516094,15
2024-08-28,30.01757834,0.00753496,0.05323034,-2.96747509,1.59938063,28.64948388,28.64948388,0.00000000,-0.63726580,1.06045484,15
2024-08-29,30.01757834,-0.06773841,0.25412431,-3.03521350,1.85350494,28.83586977,28.83586977,0.00000000,-0.65181264,1.22894966,15
2024-08-30,30.01757834,-0.24194914,0.17482774,-3.27716264,2.02833267,28.76874837,28.76874837,0.00000000,-0.70377126,1.34486761,15
2024-09-03,30.01757834,0.31639022,0.19016886,-2.96077242,2.21850153,29.27530745,29.27530745,0.00000000,-0.63582640,1.47095735,15
2024-09-04,30.01757834,0.05322090,0.09794360,-2.90755152,2.31644514,29.42647196,29.42647196,0.00000000,-0.62439720,1.53589797,15
2024-09-05,30.01757834,-0.31639947,0.19455694,-3.22395099,2.51100208,29.30462943,29.30462943,0.00000000,-0.69234405,1.66489718,15
2024-09-06,30.01757834,0.25301637,0.02684132,-2.97093462,2.53784340,29.58448712,29.58448712,0.00000000,-0.63800874,1.68269408,15
2024-09-09,30.01757834,-0.18512023,0.16393249,-3.15605485,2.70177589,29.56329938,29.56329938,0.00000000,-0.67776334,1.79138803,15
2024-09-10,30.01757834,0.22263122,-0.06531635,-2.93342364,2.63645954,29.72061424,29.72061424,0.00000000,-0.62995325,1.74808062,15
2024-09-11,30.01757834,-0.02722252,0.20699892,-2.96064616,2.84345846,29.90039064,29.90039064,0.00000000,-0.63579929,1.88532938,15
2024-09-12,30.01757834,-0.18204398,-0.08750263,-3.14269014,2.75595583,29.63084403,29.63084403,0.00000000,-0.67489326,1.82731155,15
2024-09-13,30.01757834,-0.02834980,-0.11800489,-3.17103994,2.63795094,29.48448934,29.48448934,0.00000000,-0.68098139,1.74906948,15
2024-09-16,30.01757834,-0.05230290,-0.07620301,-3.22334284,2.56174793,29.35598343,29.35598343,0.00000000,-0.69221345,1.69854376,15
2024-09-17,30.01757834,-0.24016623,-0.10788622,-3.46350907,2.45386171,29.00793098,29.00793098,0.00000000,-0.74378919,1.62701078,15
2024-09-18,30.01757834,-0.02240902,0.02074579,-3.48591809,2.47460750,29.00626774,29.00626774,0.00000000,-0.74860153,1.64076608,15
2024-09-19,30.01757834,-0.20908769,-0.06537513,-3.69500578,2.40923237,28.73180493,28.73180493,0.00000000,-0.79350314,1.59741970,15
2024-09-20,30.01757834,0.12449051,-0.15497567,-3.57051526,2.25425670,28.70131977,28.70131977,0.00000000,-0.76676878,1.49466448,15
2024-09-23,30.01757834,0.52860245,-0.21468209,-3.04191281,2.03957461,29.01524014,29.01524014,0.00000000,-0.65325131,1.35232147,15
2024-09-24,30.01757834,-0.28274586,-0.29358809,-3.32465867,1.74598652,28.43890619,28.43890619,0.00000000,-0.71397104,1.15766055,15
2024-09-25,30.01757834,0.24293902,-0.14693328,-3.08171965,1.59905325,28.53491194,28.53491194,0.00000000,-0.66179984,1.06023777,15
2024-09-26,30.01757834,-0.48122989,-0.09920991,-3.56294953,1.49984334,27.95447214,27.95447214,0.00000000,-0.76514404,0.99445754,15
2024-09-27,30.01757834,-0.01801391,0.25492301,-3.58096344,1.75476634,28.19138124,28.19138124,0.00000000,-0.76901253,1.16348193,15
2024-09-30,30.01757834,0.54574092,0.25457356,-3.03522253,2.00933991,28.99169572,28.99169572,0.00000000,-0.65181457,1.33227463,15
2024-10-01,30.01757834,0.18675404,-0.04472691,-2.84846849,1.96461300,29.13372286,29.13372286,0.00000000,-0.61170911,1.30261886,15
2024-10-02,30.01757834,-0.05417615,-0.27618271,-2.90264463,1.68843029,28.80336400,28.80336400,0.00000000,-0.62334345,1.11949841,15
2024-10-03,30.01757834,0.18388326,0.06531019,-2.71876137,1.75374048,29.05255745,29.05255745,0.00000000,-0.58385449,1.16280174,15
2024-10-04,30.01757834,-0.42209562,-0.05797119,-3.14085699,1.69576929,28.57249065,28.57249065,0.00000000,-0.67449959,1.12436447,15
2024-10-07,30.01757834,-0.25800996,-0.04671171,-3.39886695,1.64905758,28.26776898,28.26776898,0.00000000,-0.72990728,1.09339269,15
2024-10-08,30.01757834,0.04445120,0.41128040,-3.35441575,2.06033798,28.72350057,28.72350057,0.00000000,-0.72036138,1.36608844,15
2024-10-09,30.01757834,-0.12225109,0.16355685,-3.47666684,2.22389484,28.76480633,28.76480633,0.00000000,-0.74661482,1.47453333,15
2024-10-10,30.01757834,-0.02405432,-0.30132505,-3.50072116,1.92256979,28.43942696,28.43942696,0.00000000,-0.75178049,1.27474248,15
2024-10-11,30.01757834,-0.09730398,-0.09555199,-3.59802515,1.82701780,28.24657099,28.24657099,0.00000000,-0.77267654,1.21138760,15
2024-10-14,30.01757834,-0.07275510,-0.21930201,-3.67078025,1.60771580,27.95451388,27.95451388,0.00000000,-0.78830071,1.06598140,15
2024-10-15,30.01757834,-0.00571896,0.13339503,-3.67649921,1.74111082,28.08218995,28.08218995,-0.00000000,-0.78952886,1.15442776,15
2024-10-16,30.01757834,-0.12560507,-0.11440532,-3.80210429,1.62670550,27.84217956,27.84217956,0.00000000,-0.81650257,1.07857235,15
2024-10-17,30.01757834,-0.25890073,0.13669386,-4.06100502,1.76339936,27.71997268,27.71997268,0.00000000,-0.87210155,1.16920597,15
2024-10-18,30.01757834,-0.15332537,-0.16673443,-4.21433039,1.59666493,27.39991288,27.39991288,0.00000000,-0.90502820,1.05865422,15
2024-10-21,30.01757834,0.11579288,0.18494706,-4.09853751,1.78161199,27.70065282,27.70065282,0.00000000,-0.88016166,1.18128169,15
2024-10-22,30.01757834,-0.02408322,-0.00753161,-4.12262073,1.77408038,27.66903799,27.66903799,0.00000000,-0.88533353,1.17628793,15
2024-10-23,30.01757834,0.08793257,-0.04218859,-4.03468816,1.73189179,27.71478196,27.71478196,0.00000000,-0.86645000,1.14831516,15
2024-10-24,30.01757834,-0.05662344,-0.01141097,-4.09131161,1.72048082,27.64674755,27.64674755,0.00000000,-0.87860989,1.14074922,15
2024-10-25,30.01757834,0.11189076,0.05915064,-3.97942084,1.77963146,27.81778895,27.81778895,0.00000000,-0.85458133,1.17996852,15
2024-10-28,30.01757834,-0.19576098,0.02668126,-4.17518183,1.80631272,27.64870924,27.64870924,0.00000000,-0.89662104,1.19765929,15
2024-10-29,30.01757834,-0.04744187,-0.00555589,-4.22262370,1.80075683,27.59571147,27.59571147,0.00000000,-0.90680919,1.19397550,15
2024-10-30,30.01757834,-0.01578193,0.14591449,-4.23840563,1.94667132,27.72584403,27.72584403,0.00000000,-0.91019836,1.29072278,15
2024-10-31,30.01757834,-0.37831974,0.06575092,-4.61672537,2.01242223,27.41327520,27.41327520,0.00000000,-0.99144259,1.33431833,15
2024-11-01,30.01757834,-0.22732194,-0.10094391,-4.84404731,1.91147832,27.08500935,27.08500935,0.00000000,-1.04026002,1.26738839,15
2024-11-04,30.01757834,-0.01908167,0.07882241,-4.86312898,1.99030073,27.14475009,27.14475009,0.00000000,-1.04435781,1.31965087,15
2024-11-05,30.01757834,-0.02125839,-0.12623637,-4.88438737,1.86406436,26.99725533,26.99725533,0.00000000,-1.04892305,1.23595099,15
2024-11-06,30.01757834,0.06978028,-0.15242594,-4.81460709,1.71163842,26.91460967,26.91460967,0.00000000,-1.03393773,1.13488635,15
2024-11-07,30.01757834,0.39231895,-0.27127305,-4.42228814,1.44036538,27.03565558,27.03565558,0.00000000,-0.94968716,0.95502122,15
2024-11-08,30.01757834,0.07788400,-0.01853771,-4.34440414,1.42182767,27.09500187,27.09500187,0.00000000,-0.93296156,0.94272996,15
2024-11-11,30.01757834,-0.22392517,0.19240568,-4.56832931,1.61423334,27.06348238,27.06348238,0.00000000,-0.98104953,1.07030280,15
2024-11-12,30.01757834,0.29854867,0.06816570,-4.26978063,1.68239905,27.43019675,27.43019675,0.00000000,-0.91693615,1.11549945,15
2024-11-13,30.01757834,0.10382740,0.03191969,-4.16595323,1.71431874,27.56594384,27.56594384,0.00000000,-0.89463919,1.13666351,15
2024-11-14,30.01757834,-0.08978973,0.10705365,-4.25574296,1.82137238,27.58320776,27.58320776,0.00000000,-0.91392155,1.20764446,15
2024-11-15,30.01757834,-0.13570587,-0.02578167,-4.39144883,1.79559071,27.42172022,27.42172022,0.00000000,-0.94306441,1.19055016,15
2024-11-18,30.01757834,-0.18914962,-0.20839146,-4.58059845,1.58719925,27.02417913,27.02417913,0.00000000,-0.98368433,1.05237809,15
2024-11-19,30.01757834,0.16641547,-0.00073582,-4.41418298,1.58646343,27.18985879,27.18985879,0.00000000,-0.94794658,1.05189021,15
2024-11-20,30.01757834,0.03096644,0.06938097,-4.38321654,1.65584441,27.29020620,27.29020620,0.00000000,-0.94129653,1.09789263,15
2024-11-21,30.01757834,-0.04953511,0.06741666,-4.43275165,1.72326107,27.30808775,27.30808775,0.00000000,-0.95193420,1.14259264,15
2024-11-22,30.01757834,0.32424539,0.03059403,-4.10850626,1.75385509,27.66292717,27.66292717,0.00000000,-0.88230245,1.16287773,15
2024-11-25,30.01757834,0.01427699,-0.00027520,-4.09422927,1.75357989,27.67692896,27.67692896,0.00000000,-0.87923646,1.16269526,15
2024-11-26,30.01757834,0.26194608,-0.00864862,-3.83228319,1.74493127,27.93022642,27.93022642,0.00000000,-0.82298349,1.15696087,15
2024-11-27,30.01757834,0.26291984,-0.07355539,-3.56936335,1.67137588,28.11959087,28.11959087,0.00000000,-0.76652141,1.10819064,15
2024-11-29,30.01757834,-0.24873424,0.09754227,-3.81809758,1.76891816,27.96839891,27.96839891,0.00000000,-0.81993713,1.17286516,15
2024-12-02,30.01757834,0.20008461,-0.12018876,-3.61801297,1.64872939,28.04829476,28.04829476,0.00000000,-0.77696893,1.09317509,15
2024-12-03,30.01757834,0.09008936,-0.19999891,-3.52792361,1.44873049,27.93838521,27.93838521,0.00000000,-0.75762222,0.96056763,15
2024-12-04,30.01757834,-0.16261409,0.02550290,-3.69053770,1.47423338,27.80127402,27.80127402,0.00000000,-0.79254362,0.97747709,15
2024-12-05,30.01757834,-0.45069160,0.12093503,-4.14122930,1.59516842,27.47151746,27.47151746,0.00000000,-0.88932972,1.05766197,15
2024-12-06,30.01757834,-0.16201651,-0.08494739,-4.30324581,1.51022103,27.22455356,27.22455356,0.00000000,-0.92412280,1.00133837,15
2024-12-09,30.01757834,-0.31014346,-0.09251066,-4.61338927,1.41771036,26.82189943,26.82189943,0.00000000,-0.99072616,0.94000001,15
2024-12-10,30.01757834,0.00701021,0.01580387,-4.60637906,1.43351423,26.84471351,26.84471351,0.00000000,-0.98922072,0.95047863,15
2024-12-11,30.01757834,-0.02816270,0.03607376,-4.63454176,1.46958799,26.85262457,26.85262457,0.00000000,-0.99526866,0.97439701,15
2024-12-12,30.01757834,-0.03463058,-0.09395519,-4.66917234,1.37563280,26.72403880,26.72403880,0.00000000,-1.00270559,0.91210087,15
2024-12-13,30.01757834,0.01566325,0.13920022,-4.65350909,1.51483302,26.87890227,26.87890227,0.00000000,-0.99934190,1.00439631,15
2024-12-16,30.01757834,0.02404698,-0.11096479,-4.62946210,1.40386823,26.79198447,26.79198447,0.00000000,-0.99417781,0.93082212,15
2024-12-17,30.01757834,0.17628565,0.03899294,-4.45317645,1.44286117,27.00726306,27.00726306,0.00000000,-0.95632043,0.95667603,15
2024-12-18,30.01757834,-0.05977447,0.06646405,-4.51295092,1.50932522,27.01395264,27.01395264,0.00000000,-0.96915701,1.00074442,15
2024-12-19,30.01757834,0.13051779,-0.00978311,-4.38243313,1.49954212,27.13468732,27.13468732,0.00000000,-0.94112829,0.99425782,15
2024-12-20,30.01757834,0.08330768,-0.00144282,-4.29912545,1.49809930,27.21655218,27.21655218,0.00000000,-0.92323795,0.99330117,15
2024-12-23,30.01757834,-0.05220967,-0.28709013,-4.35133512,1.21100916,26.87725238,26.87725238,0.00000000,-0.93444999,0.80294866,15
2024-12-24,30.01757834,0.00695811,-0.16105128,-4.34437701,1.04995788,26.72315921,26.72315921,0.00000000,-0.93295573,0.69616506,15
2024-12-27,30.01757834,-0.23673601,0.04111873,-4.58111302,1.09107661,26.52754193,26.52754193,0.00000000,-0.98379483,0.72342847,15
2024-12-30,30.01757834,-0.06445318,0.01323797,-4.64556620,1.10431458,26.47632672,26.47632672,0.00000000,-0.99763616,0.73220578,15
2024-12-31,30.01757834,0.36131474,-0.11971307,-4.28425146,0.98460151,26.71792839,26.71792839,0.00000000,-0.92004376,0.65283111,15
2025-01-02,30.01757834,0.02765091,0.43198857,-4.25660055,1.41659008,27.17756787,27.17756787,0.00000000,-0.91410572,0.93925722,15
2025-01-03,30.01757834,0.16868132,-0.09172639,-4.08791923,1.32486369,27.25452280,27.25452280,0.00000000,-0.87788138,0.87843887,15
2025-01-06,30.01757834,-0.36204122,0.03003823,-4.44996046,1.35490193,26.92251981,26.92251981,0.00000000,-0.95562980,0.89835545,15
2025-01-07,30.01757834,0.04185194,-0.07198386,-4.40810851,1.28291806,26.89238789,26.89238789,0.00000000,-0.94664208,0.85062720,15
2025-01-08,30.01757834,-0.11111703,0.01403119,-4.51922555,1.29694925,26.79530205,26.79530205,0.00000000,-0.97050449,0.85993045,15
2025-01-10,30.01757834,0.10270660,0.18830768,-4.41651894,1.48525693,27.08631633,27.08631633,0.00000000,-0.94844822,0.98478615,15
2025-01-13,30.01757834,-0.02272324,0.06536773,-4.43924218,1.55062466,27.12896082,27.12896082,0.00000000,-0.95332804,1.02812764,15
2025-01-14,30.01757834,-0.30131097,0.00185570,-4.74055315,1.55248036,26.82950555,26.82950555,0.00000000,-1.01803463,1.02935804,15
2025-01-15,30.01757834,-0.46800712,-0.10252289,-5.20856028,1.44995747,26.25897554,26.25897554,0.00000000,-1.11853924,0.96138117,15
2025-01-16,30.01757834,-0.07259935,-0.06028104,-5.28115963,1.38967643,26.12609514,26.12609514,0.00000000,-1.13412996,0.92141237,15
2025-01-17,30.01757834,-0.04805124,0.09782149,-5.32921087,1.48749792,26.17586539,26.17586539,0.00000000,-1.14444898,0.98627202,15
2025-01-21,30.01757834,-0.26139646,-0.16904924,-5.59060733,1.31844868,25.74541969,25.74541969,0.00000000,-1.20058391,0.87418546,15
2025-01-22,30.01757834,0.13278971,0.06750206,-5.45781762,1.38595074,25.94571146,25.94571146,0.00000000,-1.17206730,0.91894208,15
2025-01-23,30.01757834,-0.28331497,-0.12974141,-5.74113260,1.25620933,25.53265508,25.53265508,0.00000000,-1.23290924,0.83291822,15
2025-01-24,30.01757834,-0.00546183,-0.13480181,-5.74659442,1.12140753,25.39239144,25.39239144,0.00000000,-1.23408217,0.74353910,15
2025-01-27,30.01757834,-0.07525557,-0.11761266,-5.82184999,1.00379487,25.19952322,25.19952322,0.00000000,-1.25024332,0.66555710,15
2025-01-28,30.01757834,-0.10512906,0.05181841,-5.92697906,1.05561328,25.14621257,25.14621257,0.00000000,-1.27281980,0.69991483,15
2025-01-29,30.01757834,-0.12560366,0.03441639,-6.05258272,1.09002967,25.05502529,25.05502529,0.00000000,-1.29979321,0.72273430,15
2025-01-30,30.01757834,-0.12755230,0.00827895,-6.18013503,1.09830863,24.93575194,24.93575194,0.00000000,-1.32718509,0.72822359,15
2025-01-31,30.01757834,-0.02169370,0.00168256,-6.20182873,1.09999119,24.91574080,24.91574080,0.00000000,-1.33184382,0.72933919,15
2025-02-03,30.01757834,0.32016602,0.01511764,-5.88166271,1.11510883,25.25102446,25.25102446,0.00000000,-1.26308811,0.73936281,15
2025-02-04,30.01757834,-0.25428026,-0.12086577,-6.13594297,0.99424306,24.87587843,24.87587843,0.00000000,-1.31769484,0.65922386,15
2025-02-05,30.01757834,-0.04340604,0.07306190,-6.17934901,1.06730496,24.90553429,24.90553429,0.00000000,-1.32701629,0.70766689,15
2025-02-06,30.01757834,-0.75847048,0.06081578,-6.93781949,1.12812074,24.20787959,24.20787959,0.00000000,-1.48989796,0.74799024,15
2025-02-07,30.01757834,-0.22104206,0.08145200,-7.15886155,1.20957274,24.06828953,24.06828953,0.00000000,-1.53736678,0.80199625,15
2025-02-10,30.01757834,0.12100855,-0.07142819,-7.03785300,1.13814455,24.11786989,24.11786989,0.00000000,-1.51138018,0.75463643,15
2025-02-11,30.01757834,-0.27530788,0.02290663,-7.31316088,1.16105118,23.86546863,23.86546863,0.00000000,-1.57050259,0.76982446,15
2025-02-12,30.01757834,-0.13234804,-0.17143184,-7.44550892,0.98961934,23.56168876,23.56168876,0.00000000,-1.59892436,0.65615814,15
2025-02-13,30.01757834,0.15227555,-0.05752311,-7.29323337,0.93209622,23.65644119,23.65644119,0.00000000,-1.56622316,0.61801796,15
2025-02-14,30.01757834,-0.09298367,-0.07947721,-7.38621704,0.85261902,23.48398031,23.48398031,0.00000000,-1.58619142,0.56532132,15
2025-02-18,30.01757834,-0.30687176,-0.06925877,-7.69308881,0.78336025,23.10784978,23.10784978,0.00000000,-1.65209218,0.51939992,15
2025-02-19,30.01757834,0.09017297,0.05897900,-7.60291584,0.84233925,23.25700175,23.25700175,0.00000000,-1.63272752,0.55850541,15
2025-02-20,30.01757834,0.03716539,0.08042295,-7.56575044,0.92276220,23.37459009,23.37459009,0.00000000,-1.62474625,0.61182912,15
2025-02-21,30.01757834,-0.13853381,0.06826981,-7.70428425,0.99103201,23.30432610,23.30432610,0.00000000,-1.65449641,0.65709480,15
2025-02-24,30.01757834,0.02809409,0.01816480,-7.67619016,1.00919681,23.35058499,23.35058499,0.00000000,-1.64846320,0.66913880,15
2025-02-25,30.01757834,-0.17084192,0.12247708,-7.84703208,1.13167389,23.30222015,23.30222015,0.00000000,-1.68515153,0.75034612,15
2025-02-26,30.01757834,-0.24180958,-0.02575655,-8.08884166,1.10591734,23.03465401,23.03465401,0.00000000,-1.73708018,0.73326847,15
2025-02-27,30.01757834,-0.04367254,0.01959548,-8.13251420,1.12551281,23.01057695,23.01057695,0.00000000,-1.74645886,0.74626108,15
2025-02-28,30.01757834,-0.02242487,0.08655911,-8.15493907,1.21207192,23.07471119,23.07471119,0.00000000,-1.75127461,0.80365331,15
2025-03-03,30.01757834,-0.07891481,-0.01249849,-8.23385388,1.19957343,22.98329789,22.98329789,0.00000000,-1.76822158,0.79536630,15
2025-03-04,30.01757834,0.41857795,0.04548837,-7.81527593,1.24506180,23.44736421,23.44736421,0.00000000,-1.67833189,0.82552695,15
2025-03-05,30.01757834,-0.45901917,-0.11974797,-8.27429510,1.12531383,22.86859707,22.86859707,0.00000000,-1.77690634,0.74612915,15
2025-03-06,30.01757834,-0.23695931,0.00819358,-8.51125442,1.13350741,22.63983134,22.63983134,0.00000000,-1.82779339,0.75156182,15
2025-03-07,30.01757834,0.06272003,0.07906256,-8.44853438,1.21256998,22.78161394,22.78161394,0.00000000,-1.81432425,0.80398354,15
2025-03-10,30.01757834,0.47763418,0.05585410,-7.97090020,1.26842408,23.31510222,23.31510222,0.00000000,-1.71175223,0.84101710,15
2025-03-11,30.01757834,0.22443033,-0.03557443,-7.74646987,1.23284964,23.50395811,23.50395811,0.00000000,-1.66355577,0.81742979,15
2025-03-12,30.01757834,-0.14996906,0.02900273,-7.89643893,1.26185237,23.38299178,23.38299178,0.00000000,-1.69576166,0.83665979,15
2025-03-13,30.01757834,0.03577125,-0.02907713,-7.86066768,1.23277525,23.38968591,23.38968591,0.00000000,-1.68807977,0.81738046,15
2025-03-14,30.01757834,-0.32470323,-0.15287166,-8.18537091,1.07990359,22.91211102,22.91211102,0.00000000,-1.75780985,0.71602029,15
2025-03-17,30.01757834,-0.19699895,-0.04207063,-8.38236986,1.03783296,22.67304144,22.67304144,0.00000000,-1.80011541,0.68812574,15
2025-03-18,30.01757834,-0.32772299,-0.06929534,-8.71009285,0.96853762,22.27602311,22.27602311,0.00000000,-1.87049398,0.64218010,15
2025-03-19,30.01757834,-0.09124775,-0.03103353,-8.80134060,0.93750409,22.15374184,22.15374184,0.00000000,-1.89008945,0.62160360,15
2025-03-20,30.01757834,0.17873968,0.03813181,-8.62260092,0.97563591,22.37061333,22.37061333,0.00000000,-1.85170507,0.64688655,15
2025-03-21,30.01757834,-0.01280920,-0.01747111,-8.63541012,0.95816480,22.34033302,22.34033302,0.00000000,-1.85445585,0.63530249,15
2025-03-24,30.01757834,-0.11424030,-0.09759695,-8.74965043,0.86056785,22.12849577,22.12849577,0.00000000,-1.87898898,0.57059172,15
2025-03-25,30.01757834,-0.30005030,0.14971636,-9.04970073,1.01028421,21.97816182,21.97816182,0.00000000,-1.94342483,0.66985980,15
2025-03-26,30.01757834,0.12452796,0.02291889,-8.92517277,1.03320311,22.12560868,22.12560868,0.00000000,-1.91668243,0.68505596,15
2025-03-27,30.01757834,0.14240354,0.02858498,-8.78276922,1.06178809,22.29659720,22.29659720,0.00000000,-1.88610124,0.70400897,15
2025-03-28,30.01757834,0.21607445,0.08298543,-8.56669478,1.14477351,22.59565708,22.59565708,0.00000000,-1.83969922,0.75903171,15
2025-03-31,30.01757834,0.41073783,0.34082371,-8.15595695,1.48559723,23.34721862,23.34721862,0.00000000,-1.75149320,0.98501179,15
2025-04-01,30.01757834,-0.12736836,0.06593502,-8.28332532,1.55153225,23.28578527,23.28578527,0.00000000,-1.77884558,1.02872941,15
2025-04-02,30.01757834,0.03227166,-0.03988483,-8.25105365,1.51164742,23.27817210,23.27817210,0.00000000,-1.77191523,1.00228413,15
2025-04-03,30.01757834,1.04702323,0.09016132,-7.20403042,1.60180873,24.41535665,24.41535665,0.00000000,-1.54706681,1.06206477,15
2025-04-04,30.01757834,1.11582868,0.09602379,-6.08820174,1.69783252,25.62720912,25.62720912,0.00000000,-1.30744240,1.12573248,15
2025-04-07,30.01757834,0.53658406,0.73474482,-5.55161768,2.43257734,26.89853800,26.89853800,0.00000000,-1.19221088,1.61289837,15
2025-04-08,30.01757834,-0.12715019,-0.13956380,-5.67876787,2.29301354,26.63182401,26.63182401,0.00000000,-1.21951640,1.52036186,15
2025-04-09,30.01757834,0.26557644,-0.14546711,-5.41319143,2.14754643,26.75193334,26.75193334,0.00000000,-1.16248382,1.42391121,15
2025-04-10,30.01757834,-0.56114348,-0.05001142,-5.97433491,2.09753501,26.14077844,26.14077844,0.00000000,-1.28298948,1.39075159,15
2025-04-11,30.01757834,-0.12309214,-0.10648605,-6.09742706,1.99104896,25.91120025,25.91120025,0.00000000,-1.30942354,1.32014698,15
2025-04-14,30.01757834,-0.53735681,-0.05655917,-6.63478386,1.93448979,25.31728427,25.31728427,0.00000000,-1.42482101,1.28264593,15
2025-04-15,30.01757834,-0.48282338,0.02292171,-7.11760724,1.95741150,24.85738259,24.85738259,0.00000000,-1.52850741,1.29784396,15
2025-04-16,30.01757834,0.00768592,0.17721893,-7.10992132,2.13463043,25.04228745,25.04228745,0.00000000,-1.52685686,1.41534737,15
2025-04-17,30.01757834,0.02219493,-0.16897105,-7.08772639,1.96565938,24.89551133,24.89551133,0.00000000,-1.52209050,1.30331265,15
2025-04-22,30.01757834,-0.18431333,0.05381382,-7.27203972,2.01947320,24.76501182,24.76501182,0.00000000,-1.56167182,1.33899341,15
2025-04-23,30.01757834,-0.48668211,-0.02485498,-7.75872182,1.99461822,24.25347473,24.25347473,0.00000000,-1.66618688,1.32251354,15
2025-04-24,30.01757834,0.01233436,-0.09756302,-7.74638746,1.89705519,24.16824607,24.16824607,0.00000000,-1.66353808,1.25782526,15
2025-04-25,30.01757834,-0.16715557,0.01344538,-7.91354303,1.91050057,24.01453588,24.01453588,0.00000000,-1.69943477,1.26674010,15
2025-04-28,30.01757834,-0.12448967,-0.10105358,-8.03803270,1.80944699,23.78899263,23.78899263,0.00000000,-1.72616894,1.19973744,15
2025-04-29,30.01757834,-0.17082059,0.09661759,-8.20885329,1.90606457,23.71478963,23.71478963,0.00000000,-1.76285270,1.26379885,15
2025-04-30,30.01757834,0.20411299,0.11519133,-8.00474029,2.02125591,24.03409395,24.03409395,0.00000000,-1.71901939,1.34017542,15
2025-05-01,30.01757834,-0.04566440,0.03041605,-8.05040469,2.05167196,24.01884560,24.01884560,0.00000000,-1.72882583,1.36034251,15
2025-05-02,30.01757834,-0.16128229,-0.01543492,-8.21168699,2.03623704,23.84212839,23.84212839,0.00000000,-1.76346123,1.35010853,15
2025-05-05,30.01757834,-0.01054986,0.01224674,-8.22223685,2.04848378,23.84382527,23.84382527,0.00000000,-1.76572682,1.35822862,15
2025-05-06,30.01757834,0.17424481,-0.08197015,-8.04799203,1.96651363,23.93609994,23.93609994,0.00000000,-1.72830771,1.30387905,15
2025-05-07,30.01757834,-0.01600857,-0.12216783,-8.06400060,1.84434580,23.79792354,23.79792354,0.00000000,-1.73174556,1.22287678,15
2025-05-08,30.01757834,-0.23671825,-0.03681049,-8.30071885,1.80753531,23.52439480,23.52439480,0.00000000,-1.78258084,1.19846992,15
2025-05-09,30.01757834,-0.06640106,-0.06839747,-8.36711991,1.73913784,23.38959627,23.38959627,0.00000000,-1.79684048,1.15311959,15
2025-05-12,30.01757834,-0.42412629,-0.04566839,-8.79124620,1.69346945,22.91980159,22.91980159,0.00000000,-1.88792168,1.12283958,15
2025-05-13,30.01757834,-0.00636156,-0.12493240,-8.79760776,1.56853705,22.78850762,22.78850762,0.00000000,-1.88928782,1.04000428,15
2025-05-14,30.01757834,-0.16178662,-0.12401282,-8.95939438,1.44452423,22.50270819,22.50270819,0.00000000,-1.92403153,0.95777871,15
2025-05-15,30.01757834,-0.01978217,0.01534351,-8.97917655,1.45986774,22.49826953,22.49826953,0.00000000,-1.92827975,0.96795208,15
2025-05-16,30.01757834,-0.00020738,0.01558267,-8.97938393,1.47545041,22.51364482,22.51364482,0.00000000,-1.92832429,0.97828403,15
2025-05-19,30.01757834,0.01867584,0.07880835,-8.96070809,1.55425876,22.61112902,22.61112902,0.00000000,-1.92431365,1.03053719,15
2025-05-20,30.01757834,-0.13847051,-0.03095778,-9.09917860,1.52330098,22.44170072,22.44170072,0.00000000,-1.95405021,1.01001092,15
2025-05-21,30.01757834,0.06163444,0.00765494,-9.03754417,1.53095593,22.51099010,22.51099010,0.00000000,-1.94081421,1.01508646,15
2025-05-22,30.01757834,0.02047469,0.01379344,-9.01706947,1.54474936,22.54525823,22.54525823,0.00000000,-1.93641726,1.02423207,15
2025-05-23,30.01757834,0.25552835,-0.09003850,-8.76154112,1.45471086,22.71074808,22.71074808,0.00000000,-1.88154251,0.96453286,15
2025-05-27,30.01757834,0.16309298,-0.12621885,-8.59844813,1.32849201,22.74762222,22.74762222,0.00000000,-1.84651826,0.88084459,15
2025-05-28,30.01757834,0.19678441,-0.02646313,-8.40166372,1.30202888,22.91794350,22.91794350,0.00000000,-1.80425877,0.86329846,15
2025-05-29,30.01757834,-0.12091708,-0.01516223,-8.52258080,1.28686665,22.78186419,22.78186419,0.00000000,-1.83022574,0.85324528,15
2025-05-30,30.01757834,0.01834404,0.01659659,-8.50423676,1.30346324,22.81680482,22.81680482,0.00000000,-1.82628635,0.86424950,15
2025-06-02,30.01757834,0.01237378,0.10667988,-8.49186298,1.41014312,22.93585848,22.93585848,0.00000000,-1.82362908,0.93498262,15
2025-06-03,30.01757834,-0.04334270,-0.21102609,-8.53520568,1.19911703,22.68148969,22.68148969,0.00000000,-1.83293693,0.79506368,15
2025-06-04,30.01757834,0.06533936,-0.01459267,-8.46986632,1.18452436,22.73223638,22.73223638,0.00000000,-1.81890529,0.78538815,15
2025-06-05,30.01757834,-0.14523805,-0.02920526,-8.61510437,1.15531910,22.55779306,22.55779306,0.00000000,-1.85009519,0.76602386,15
2025-06-06,30.01757834,-0.15314045,0.03905535,-8.76824483,1.19437444,22.44370796,22.44370796,0.00000000,-1.88298213,0.79191916,15
2025-06-09,30.01757834,-0.06865595,-0.09841937,-8.83690078,1.09595507,22.27663264,22.27663264,0.00000000,-1.89772601,0.72666309,15
2025-06-10,30.01757834,0.38098808,-0.14132479,-8.45591269,0.95463029,22.51629593,22.51629593,0.00000000,-1.81590875,0.63295897,15
2025-06-11,30.01757834,-0.02345365,-0.12414680,-8.47936635,0.83048349,22.36869548,22.36869548,0.00000000,-1.82094542,0.55064456,15
2025-06-12,30.01757834,-0.06768223,0.04337971,-8.54704858,0.87386320,22.34439296,22.34439296,0.00000000,-1.83548019,0.57940708,15
2025-06-13,30.01757834,0.16972342,0.07515379,-8.37732516,0.94901700,22.58927018,22.58927018,0.00000000,-1.79903206,0.62923712,15
2025-06-16,30.01757834,-0.35850747,-0.04790349,-8.73583263,0.90111351,22.18285921,22.18285921,0.00000000,-1.87602160,0.59747515,15
2025-06-17,30.01757834,0.30297469,0.03471494,-8.43285794,0.93582844,22.52054884,22.52054884,0.00000000,-1.81095774,0.62049257,15
2025-06-18,30.01757834,-0.11407834,-0.01464948,-8.54693629,0.92117897,22.39182102,22.39182102,0.00000000,-1.83545608,0.61077937,15
2025-06-20,30.01757834,0.21626720,-0.09001498,-8.33066908,0.83116399,22.51807324,22.51807324,0.00000000,-1.78901266,0.55109575,15
2025-06-23,30.01757834,0.13059994,-0.11474457,-8.20006914,0.71641941,22.53392861,22.53392861,0.00000000,-1.76096630,0.47501540,15
2025-06-24,30.01757834,-0.34999735,-0.11397533,-8.55006649,0.60244408,22.06995593,22.06995593,0.00000000,-1.83612829,0.39944509,15
2025-06-25,30.01757834,0.04408720,-0.10358080,-8.50597929,0.49886328,22.01046234,22.01046234,0.00000000,-1.82666056,0.33076678,15
2025-06-26,30.01757834,-0.05318988,-0.01631646,-8.55916917,0.48254682,21.94095599,21.94095599,0.00000000,-1.83808309,0.31994830,15
2025-06-27,30.01757834,-0.25821890,0.16289786,-8.81738806,0.64544468,21.84563496,21.84563496,0.00000000,-1.89353565,0.42795625,15
2025-06-30,30.01757834,0.17026295,0.22984778,-8.64712511,0.87529246,22.24574569,22.24574569,0.00000000,-1.85697165,0.58035474,15
2025-07-01,30.01757834,0.14688626,-0.04233393,-8.50023885,0.83295853,22.35029802,22.35029802,0.00000000,-1.82542780,0.55228561,15
2025-07-02,30.01757834,-0.22910151,-0.10199890,-8.72934036,0.73095963,22.01919761,22.01919761,0.00000000,-1.87462739,0.48465616,15
2025-07-03,30.01757834,-0.06503873,0.09547090,-8.79437909,0.82643053,22.04962978,22.04962978,0.00000000,-1.88859447,0.54795728,15
2025-07-07,30.01757834,0.07278604,-0.02943964,-8.72159305,0.79699089,22.09297618,22.09297618,0.00000000,-1.87296365,0.52843759,15
2025-07-08,30.01757834,-0.07607790,0.03727184,-8.79767094,0.83426273,22.05417012,22.05417012,0.00000000,-1.88930139,0.55315034,15
2025-07-09,30.01757834,-0.31728618,0.09019820,-9.11495712,0.92446093,21.82708214,21.82708214,0.00000000,-1.95743866,0.61295545,15
2025-07-10,30.01757834,0.06857267,-0.17378092,-9.04638446,0.75068001,21.72187389,21.72187389,0.00000000,-1.94271266,0.49773158,15
2025-07-11,30.01757834,0.16402529,0.01319611,-8.88235917,0.76387612,21.89909529,21.89909529,0.00000000,-1.90748820,0.50648114,15
2025-07-14,30.01757834,-0.07430795,0.00837514,-8.95666712,0.77225127,21.83316248,21.83316248,0.00000000,-1.92344585,0.51203421,15
2025-07-15,30.01757834,0.11526486,-0.00417433,-8.84140227,0.76807694,21.94425301,21.94425301,0.00000000,-1.89869270,0.50926646,15
2025-07-16,30.01757834,0.04408528,-0.01686328,-8.79731699,0.75121366,21.97147501,21.97147501,0.00000000,-1.88922538,0.49808541,15
2025-07-17,30.01757834,-0.17898654,0.10269558,-8.97630352,0.85390923,21.89518405,21.89518405,0.00000000,-1.92766277,0.56617678,15
2025-07-18,30.01757834,-0.09444097,-0.06800804,-9.07074449,0.78590120,21.73273504,21.73273504,0.00000000,-1.94794398,0.52108467,15
2025-07-21,30.01757834,-0.02445618,0.07383030,-9.09520068,0.85973150,21.78210916,21.78210916,0.00000000,-1.95319595,0.57003718,15
2025-07-22,30.01757834,0.08768657,-0.00023078,-9.00751411,0.85950072,21.86956495,21.86956495,0.00000000,-1.93436525,0.56988417,15
2025-07-23,30.01757834,-0.13590520,-0.16816990,-9.14341931,0.69133082,21.56548985,21.56548985,0.00000000,-1.96355091,0.45838064,15
2025-07-24,30.01757834,-0.20352557,0.02038635,-9.34694488,0.71171717,21.38235063,21.38235063,0.00000000,-2.00725807,0.47189762,15
2025-07-25,30.01757834,0.03506950,0.06745128,-9.31187538,0.77916844,21.48487140,21.48487140,0.00000000,-1.99972689,0.51662058,15
2025-07-28,30.01757834,0.12971413,-0.00472547,-9.18216125,0.77444297,21.60986006,21.60986006,0.00000000,-1.97187075,0.51348740,15
2025-07-29,30.01757834,-0.11383131,0.12834955,-9.29599256,0.90279252,21.62437830,21.62437830,0.00000000,-1.99631605,0.59858841,15
2025-07-30,30.01757834,-0.12853326,0.03803024,-9.42452582,0.94082277,21.53387528,21.53387528,0.00000000,-2.02391859,0.62380401,15
2025-07-31,30.01757834,-0.06102787,0.05831507,-9.48555369,0.99913784,21.53116249,21.53116249,0.00000000,-2.03702433,0.66246929,15
2025-08-01,30.01757834,0.31401546,0.06686264,-9.17153822,1.06600048,21.91204059,21.91204059,0.00000000,-1.96958946,0.70680196,15
2025-08-04,30.01757834,-0.16325295,-0.00062504,-9.33479117,1.06537544,21.74816260,21.74816260,0.00000000,-2.00464806,0.70638753,15
2025-08-05,30.01757834,-0.03227280,-0.08338170,-9.36706397,0.98199374,21.63250810,21.63250810,0.00000000,-2.01157865,0.65110205,15
2025-08-06,30.01757834,-0.11223891,0.08826798,-9.47930288,1.07026172,21.60853717,21.60853717,0.00000000,-2.03568197,0.70962734,15
2025-08-07,30.01757834,-0.09047527,-0.07886991,-9.56977816,0.99139181,21.43919199,21.43919199,0.00000000,-2.05511155,0.65733336,15
2025-08-08,30.01757834,-0.29508507,0.10106881,-9.86486322,1.09246062,21.24517574,21.24517574,0.00000000,-2.11848112,0.72434612,15
2025-08-11,30.01757834,-0.04287094,0.06572678,-9.90773416,1.15818739,21.26803157,21.26803157,0.00000000,-2.12768766,0.76792566,15
2025-08-12,30.01757834,-0.11737883,-0.08110191,-10.02511299,1.07708549,21.06955083,21.06955083,0.00000000,-2.15289479,0.71415178,15
2025-08-13,30.01757834,0.00877110,-0.06664891,-10.01634189,1.01043658,21.01167303,21.01167303,0.00000000,-2.15101119,0.66996082,15
2025-08-14,30.01757834,-0.10209410,0.03645871,-10.11843600,1.04689529,20.94603763,20.94603763,0.00000000,-2.17293592,0.69413444,15
2025-08-15,30.01757834,0.17031905,0.06796510,-9.94811695,1.11486039,21.18432178,21.18432178,0.00000000,-2.13635988,0.73919809,15
2025-08-18,30.01757834,0.13266402,0.10209465,-9.81545293,1.21695504,21.41908045,21.41908045,0.00000000,-2.10787025,0.80689102,15
2025-08-19,30.01757834,-0.07655120,0.04842828,-9.89200413,1.26538332,21.39095754,21.39095754,0.00000000,-2.12430964,0.83900095,15
2025-08-20,30.01757834,-0.05280642,-0.03832150,-9.94481055,1.22706183,21.29982961,21.29982961,0.00000000,-2.13564983,0.81359223,15
2025-08-21,30.01757834,0.04297679,0.00035940,-9.90183376,1.22742123,21.34316581,21.34316581,0.00000000,-2.12642055,0.81383053,15
2025-08-22,30.01757834,-0.16469551,-0.01052120,-10.06652926,1.21690003,21.16794910,21.16794910,0.00000000,-2.16178894,0.80685454,15
2025-08-25,30.01757834,0.32169249,-0.04322397,-9.74483677,1.17367606,21.44641762,21.44641762,0.00000000,-2.09270542,0.77819528,15
2025-08-26,30.01757834,0.60222806,-0.01719307,-9.14260871,1.15648299,22.03145262,22.03145262,0.00000000,-1.96337684,0.76679557,15
2025-08-27,30.01757834,0.06675699,0.05227717,-9.07585172,1.20876015,22.15048677,22.15048677,0.00000000,-1.94904076,0.80145747,15
2025-08-28,30.01757834,-0.06824573,-0.01885299,-9.14409745,1.18990716,22.06338805,22.06338805,0.00000000,-1.96369655,0.78895717,15
2025-08-29,30.01757834,-0.00316031,0.05308311,-9.14725776,1.24299028,22.11331085,22.11331085,0.00000000,-1.96437522,0.82415344,15
2025-09-02,30.01757834,0.15427252,-0.14057480,-8.99298524,1.10241548,22.12700857,22.12700857,0.00000000,-1.93124517,0.73094660,15
2025-09-03,30.01757834,-0.02962445,0.12029988,-9.02260970,1.22271536,22.21768400,22.21768400,0.00000000,-1.93760703,0.81071034,15
2025-09-04,30.01757834,-0.26694513,0.01005497,-9.28955483,1.23277033,21.96079384,21.96079384,0.00000000,-1.99493354,0.81737720,15
2025-09-05,30.01757834,0.15890167,-0.04710367,-9.13065316,1.18566666,22.07259184,22.07259184,0.00000000,-1.96080938,0.78614554,15
2025-09-08,30.01757834,-0.16194091,0.05098392,-9.29259408,1.23665058,21.96163484,21.96163484,0.00000000,-1.99558622,0.81994996,15
2025-09-09,30.01757834,-0.14341090,-0.09501521,-9.43600497,1.14163537,21.72320873,21.72320873,0.00000000,-2.02638374,0.75695099,15
2025-09-10,30.01757834,-0.19279959,-0.13415521,-9.62880456,1.00748016,21.39625394,21.39625394,0.00000000,-2.06778748,0.66800059,15
2025-09-11,30.01757834,-0.18680433,0.05037923,-9.81560888,1.05785938,21.25982884,21.25982884,0.00000000,-2.10790374,0.70140408,15
2025-09-12,30.01757834,0.00914869,-0.00524575,-9.80646019,1.05261363,21.26373178,21.26373178,0.00000000,-2.10593906,0.69792593,15
2025-09-15,30.01757834,-0.19339364,0.11370653,-9.99985384,1.16632016,21.18404466,21.18404466,0.00000000,-2.14747038,0.77331802,15
2025-09-16,30.01757834,0.24875564,-0.06708640,-9.75109819,1.09923376,21.36571391,21.36571391,0.00000000,-2.09405006,0.72883699,15
2025-09-17,30.01757834,0.09539164,-0.06477322,-9.65570655,1.03446054,21.39633232,21.39633232,0.00000000,-2.07356469,0.68588969,15
2025-09-18,30.01757834,-0.08444216,0.12099038,-9.74014871,1.15545092,21.43288055,21.43288055,0.00000000,-2.09169866,0.76611126,15
2025-09-19,30.01757834,-0.15634788,0.04558469,-9.89649659,1.20103560,21.32211735,21.32211735,0.00000000,-2.12527439,0.79633578,15
2025-09-22,30.01757834,0.01816840,0.13918175,-9.87832819,1.34021735,21.47946750,21.47946750,0.00000000,-2.12137273,0.88861897,15
2025-09-23,30.01757834,-0.05055363,-0.01163215,-9.92888183,1.32858520,21.41728172,21.41728172,0.00000000,-2.13222913,0.88090638,15
2025-09-24,30.01757834,0.07248067,0.00143883,-9.85640115,1.33002403,21.49120122,21.49120122,0.00000000,-2.11666389,0.88186039,15
2025-09-25,30.01757834,0.09722654,0.12072261,-9.75917461,1.45074664,21.70915037,21.70915037,0.00000000,-2.09578447,0.96190442,15
2025-09-26,30.01757834,-0.18147169,-0.00772328,-9.94064630,1.44302336,21.51995540,21.51995540,0.00000000,-2.13475555,0.95678357,15
2025-09-29,30.01757834,0.03249832,-0.02606792,-9.90814798,1.41695543,21.52638580,21.52638580,0.00000000,-2.12777653,0.93949947,15
2025-09-30,30.01757834,0.10504629,0.04938108,-9.80310169,1.46633652,21.68081317,21.68081317,0.00000000,-2.10521782,0.97224115,15
2025-10-01,30.01757834,-0.14088017,0.11563321,-9.94398186,1.58196972,21.65556621,21.65556621,0.00000000,-2.13547186,1.04891070,15
2025-10-02,30.01757834,0.09943226,0.03887403,-9.84454960,1.62084375,21.79387249,21.79387249,0.00000000,-2.11411877,1.07468577,15
2025-10-03,30.01757834,-0.04951185,0.02352907,-9.89406145,1.64437282,21.76788972,21.76788972,0.00000000,-2.12475145,1.09028651,15
2025-10-06,30.01757834,0.38531316,-0.02151806,-9.50874828,1.62285476,22.13168482,22.13168482,0.00000000,-2.04200538,1.07601915,15
2025-10-07,30.01757834,0.09889490,0.00375169,-9.40985339,1.62660646,22.23433141,22.23433141,0.00000000,-2.02076768,1.07850668,15
2025-10-08,30.01757834,-0.16195841,0.10254139,-9.57181180,1.72914785,22.17491439,22.17491439,0.00000000,-2.05554828,1.14649582,15
2025-10-09,30.01757834,-0.03048855,-0.05183718,-9.60230035,1.67731067,22.09258866,22.09258866,0.00000000,-2.06209570,1.11212565,15
2025-10-10,30.01757834,0.09759432,0.01878041,-9.50470603,1.69609108,22.20896339,22.20896339,0.00000000,-2.04113730,1.12457783,15
2025-10-13,30.01757834,0.00281325,-0.02067084,-9.50189278,1.67542024,22.19110580,22.19110580,0.00000000,-2.04053316,1.11087221,15
2025-10-14,30.01757834,-0.11907480,-0.10904243,-9.62096758,1.56637781,21.96298857,21.96298857,0.00000000,-2.06610449,1.03857262,15
2025-10-15,30.01757834,-0.14797399,-0.03715070,-9.76894156,1.52922711,21.77786388,21.77786388,0.00000000,-2.09788193,1.01394018,15
2025-10-16,30.01757834,-0.06253665,-0.09292793,-9.83147822,1.43629917,21.62239930,21.62239930,0.00000000,-2.11131169,0.95232516,15
2025-10-17,30.01757834,0.43528426,-0.01517422,-9.39619396,1.42112496,22.04250934,22.04250934,0.00000000,-2.01783432,0.94226403,15
2025-10-20,30.01757834,0.22511909,-0.16358091,-9.17107487,1.25754405,22.10404751,22.10404751,0.00000000,-1.96948995,0.83380319,15
2025-10-21,30.01757834,0.07359507,-0.03689904,-9.09747980,1.22064501,22.14074355,22.14074355,0.00000000,-1.95368540,0.80933761,15
2025-10-22,30.01757834,-0.01008228,0.03901180,-9.10756207,1.25965681,22.16967307,22.16967307,0.00000000,-1.95585057,0.83520404,15
2025-10-23,30.01757834,-0.07630444,-0.06894627,-9.18386651,1.19071054,22.02442237,22.02442237,0.00000000,-1.97223696,0.78948984,15
2025-10-24,30.01757834,-0.03179147,-0.01163846,-9.21565799,1.17907208,21.98099243,21.98099243,0.00000000,-1.97906418,0.78177306,15
2025-10-27,30.01757834,-0.10841052,-0.02610015,-9.32406851,1.15297193,21.84648176,21.84648176,0.00000000,-2.00234536,0.76446759,15
2025-10-28,30.01757834,0.05951004,0.01367245,-9.26455847,1.16664438,21.91966425,21.91966425,0.00000000,-1.98956557,0.77353299,15
2025-10-29,30.01757834,-0.04158644,0.02430798,-9.30614492,1.19095236,21.90238578,21.90238578,0.00000000,-1.99849627,0.78965018,15
2025-10-30,30.01757834,0.29748754,-0.08915920,-9.00865738,1.10179316,22.11071412,22.11071412,0.00000000,-1.93461077,0.73053397,15
2025-10-31,30.01757834,-0.15268681,0.08007587,-9.16134419,1.18186903,22.03810318,22.03810318,0.00000000,-1.96740029,0.78362756,15
2025-11-03,30.01757834,0.04052878,-0.16941300,-9.12081541,1.01245603,21.90921897,21.90921897,0.00000000,-1.95869672,0.67129980,15
2025-11-04,30.01757834,-0.03500078,-0.04747260,-9.15581619,0.96498343,21.82674559,21.82674559,0.00000000,-1.96621315,0.63982352,15
2025-11-05,30.01757834,0.04684193,-0.01334894,-9.10897426,0.95163449,21.86023857,21.86023857,0.00000000,-1.95615383,0.63097263,15
2025-11-06,30.01757834,-0.08725241,-0.04192279,-9.19622667,0.90971170,21.73106337,21.73106337,0.00000000,-1.97489130,0.60317611,15
2025-11-07,30.01757834,0.05103079,-0.01547307,-9.14519588,0.89423863,21.76662109,21.76662109,0.00000000,-1.96393243,0.59291682,15
2025-11-10,30.01757834,-0.30339418,-0.05309279,-9.44859006,0.84114584,21.41013411,21.41013411,0.00000000,-2.02908639,0.55771413,15
2025-11-11,30.01757834,-0.05514152,-0.03625066,-9.50373158,0.80489518,21.31874194,21.31874194,0.00000000,-2.04092804,0.53367846,15
2025-11-12,30.01757834,-0.25783253,-0.09119507,-9.76156411,0.71370010,20.96971434,20.96971434,0.00000000,-2.09629762,0.47321239,15
2025-11-13,30.01757834,-0.11889317,0.04102629,-9.88045727,0.75472639,20.89184746,20.89184746,0.00000000,-2.12182995,0.50041450,15
2025-11-14,30.01757834,0.18008270,-0.01185716,-9.70037457,0.74286923,21.06007300,21.06007300,0.00000000,-2.08315716,0.49255272,15
2025-11-17,30.01757834,0.10546122,0.06964856,-9.59491335,0.81251779,21.23518278,21.23518278,0.00000000,-2.06050934,0.53873256,15
2025-11-18,30.01757834,0.30200030,0.05775413,-9.29291305,0.87027192,21.59493721,21.59493721,0.00000000,-1.99565472,0.57702592,15
2025-11-19,30.01757834,-0.04622995,-0.02328167,-9.33914300,0.84699025,21.52542559,21.52542559,0.00000000,-2.00558261,0.56158921,15
2025-11-20,30.01757834,-0.18866274,-0.07104100,-9.52780574,0.77594925,21.26572185,21.26572185,0.00000000,-2.04609797,0.51448612,15
2025-11-21,30.01757834,-0.00802758,0.11619809,-9.53583333,0.89214734,21.37389235,21.37389235,0.00000000,-2.04782189,0.59153021,15
2025-11-24,30.01757834,-0.07806423,-0.07702645,-9.61389756,0.81512088,21.21880166,21.21880166,0.00000000,-2.06458620,0.54045852,15
2025-11-25,30.01757834,-0.19960792,-0.01043398,-9.81350548,0.80468690,21.00875976,21.00875976,0.00000000,-2.10745204,0.53354036,15
2025-11-26,30.01757834,-0.17368061,0.00075031,-9.98718609,0.80543721,20.83582945,20.83582945,0.00000000,-2.14474998,0.53403784,15
2025-11-28,30.01757834,-0.11827079,0.08073911,-10.10545688,0.88617632,20.79829777,20.79829777,0.00000000,-2.17014865,0.58757118,15
2025-12-01,30.01757834,-0.00373918,0.01093423,-10.10919607,0.89711054,20.80549282,20.80549282,0.00000000,-2.17095164,0.59482102,15
2025-12-02,30.01757834,-0.21498756,0.06295706,-10.32418363,0.96006761,20.65346232,20.65346232,0.00000000,-2.21712026,0.63656413,15
2025-12-03,30.01757834,0.12539125,0.10622113,-10.19879238,1.06628874,20.88507470,20.88507470,0.00000000,-2.19019247,0.70699309,15
2025-12-04,30.01757834,-0.18949602,-0.00084309,-10.38828840,1.06544565,20.69473559,20.69473559,0.00000000,-2.23088677,0.70643409,15
2025-12-05,30.01757834,0.06301223,-0.11285861,-10.32527617,0.95258704,20.64488921,20.64488921,0.00000000,-2.21735488,0.63160421,15
2025-12-08,30.01757834,-0.10884888,0.25731275,-10.43412504,1.20989979,20.79335309,20.79335309,0.00000000,-2.24073020,0.80221310,15
2025-12-09,30.01757834,-0.13520991,0.08753642,-10.56933495,1.29743622,20.74567960,20.74567960,0.00000000,-2.26976655,0.86025333,15
2025-12-10,30.01757834,-0.02740316,0.03019314,-10.59673811,1.32762935,20.74846958,20.74846958,0.00000000,-2.27565138,0.88027262,15
2025-12-11,30.01757834,-0.15617392,0.00111138,-10.75291203,1.32874073,20.59340705,20.59340705,0.00000000,-2.30918976,0.88100951,15
2025-12-12,30.01757834,0.07359048,-0.08926880,-10.67932155,1.23947194,20.57772873,20.57772873,0.00000000,-2.29338619,0.82182064,15
2025-12-15,30.01757834,-0.10148600,0.07699982,-10.78080755,1.31647176,20.55324255,20.55324255,0.00000000,-2.31518033,0.87287468,15
2025-12-16,30.01757834,0.02162512,0.18866990,-10.75918243,1.50514166,20.76353757,20.76353757,0.00000000,-2.31053633,0.99797055,15
2025-12-17,30.01757834,-0.15670356,0.01825201,-10.91588600,1.52339367,20.62508601,20.62508601,0.00000000,-2.34418845,1.01007237,15
2025-12-18,30.01757834,-0.05532995,-0.05755089,-10.97121595,1.46584278,20.51220517,20.51220517,0.00000000,-2.35607057,0.97191377,15
2025-12-19,30.01757834,-0.10186328,-0.01542401,-11.07307922,1.45041877,20.39491788,20.39491788,0.00000000,-2.37794572,0.96168703,15
2025-12-22,30.01757834,-0.00073667,-0.04398817,-11.07381589,1.40643060,20.35019304,20.35019304,0.00000000,-2.37810392,0.93252107,15
2025-12-23,30.01757834,-0.04738087,-0.04732113,-11.12119676,1.35910947,20.25549105,20.25549105,0.00000000,-2.38827897,0.90114522,15
2025-12-24,30.01757834,0.01128822,0.02017476,-11.10990854,1.37928423,20.28695403,20.28695403,0.00000000,-2.38585482,0.91452192,15
2025-12-29,30.01757834,0.05328543,-0.04966234,-11.05662311,1.32962189,20.29057712,20.29057712,0.00000000,-2.37441177,0.88159375,15
2025-12-30,30.01757834,-0.12950121,-0.03945595,-11.18612432,1.29016594,20.12161996,20.12161996,0.00000000,-2.40222218,0.85543284,15
2025-12-31,30.01757834,0.28475936,0.09047169,-10.90136496,1.38063763,20.49685101,20.49685101,0.00000000,-2.34107005,0.91541928,15
2026-01-02,30.01757834,-0.18402993,-0.10366784,-11.08539489,1.27696980,20.20915325,20.20915325,0.00000000,-2.38059051,0.84668326,15
2026-01-05,30.01757834,-0.03482840,0.07246676,-11.12022328,1.34943655,20.24679161,20.24679161,0.00000000,-2.38806992,0.89473168,15
2026-01-06,30.01757834,0.10728330,-0.06101892,-11.01293998,1.28841763,20.29305599,20.29305599,0.00000000,-2.36503081,0.85427364,15
2026-01-07,30.01757834,0.17673229,0.03768167,-10.83620769,1.32609930,20.50746996,20.50746996,0.00000000,-2.32707752,0.87925813,15
2026-01-08,30.01757834,-0.20054309,0.07078482,-11.03675078,1.39688412,20.37771168,20.37771168,0.00000000,-2.37014418,0.92619136,15
2026-01-09,30.01757834,-0.14865540,-0.01931050,-11.18540618,1.37757362,20.20974578,20.20974578,0.00000000,-2.40206796,0.91338771,15
2026-01-12,30.01757834,0.01014591,-0.08788309,-11.17526027,1.28969053,20.13200860,20.13200860,0.00000000,-2.39988912,0.85511763,15
2026-01-13,30.01757834,-0.05829471,-0.06351973,-11.23355498,1.22617080,20.01019416,20.01019416,0.00000000,-2.41240792,0.81300145,15
2026-01-14,30.01757834,0.00984103,0.03491025,-11.22371395,1.26108106,20.05494545,20.05494545,0.00000000,-2.41029456,0.83614837,15
2026-01-15,30.01757834,-0.06544009,-0.12948611,-11.28915403,1.13159495,19.86001925,19.86001925,0.00000000,-2.42434783,0.75029378,15
2026-01-16,30.01757834,0.03139455,-0.00074811,-11.25775949,1.13084684,19.89066569,19.89066569,0.00000000,-2.41760584,0.74979775,15
2026-01-20,30.01757834,0.21916255,0.05606735,-11.03859694,1.18691419,20.16589559,20.16589559,0.00000000,-2.37054065,0.78697270,15
2026-01-21,30.01757834,0.02879811,0.09741801,-11.00979882,1.28433219,20.29211171,20.29211171,0.00000000,-2.36435625,0.85156483,15
2026-01-22,30.01757834,-0.21047356,0.04955011,-11.22027239,1.33388231,20.13118826,20.13118826,0.00000000,-2.40955548,0.88441858,15
2026-01-23,30.01757834,0.07964538,0.01872128,-11.14062701,1.35260359,20.22955492,20.22955492,0.00000000,-2.39245162,0.89683156,15
2026-01-26,30.01757834,-0.13335851,-0.00822057,-11.27398552,1.34438302,20.08797584,20.08797584,0.00000000,-2.42109038,0.89138098,15
2026-01-27,30.01757834,-0.22525436,-0.05906802,-11.49923988,1.28531500,19.80365346,19.80365346,0.00000000,-2.46946380,0.85221647,15
2026-01-28,30.01757834,0.06706328,-0.24822443,-11.43217661,1.03709057,19.62249231,19.62249231,0.00000000,-2.45506195,0.68763351,15
2026-01-29,30.01757834,-0.04553363,-0.11090044,-11.47771024,0.92619013,19.46605824,19.46605824,0.00000000,-2.46484030,0.61410198,15
2026-01-30,30.01757834,-0.13625636,0.18919893,-11.61396660,1.11538907,19.51900080,19.51900080,0.00000000,-2.49410138,0.73954862,15
2026-02-02,30.01757834,-0.15684887,0.12242939,-11.77081547,1.23781846,19.48458132,19.48458132,0.00000000,-2.52778471,0.82072431,15
2026-02-03,30.01757834,-0.07191446,-0.01092885,-11.84272993,1.22688960,19.40173801,19.40173801,0.00000000,-2.54322835,0.81347804,15
2026-02-04,30.01757834,0.19764693,-0.14950010,-11.64508301,1.07738951,19.44988484,19.44988484,0.00000000,-2.50078364,0.71435335,15
2026-02-05,30.01757834,0.16186775,-0.06052270,-11.48321526,1.01686681,19.55122989,19.55122989,0.00000000,-2.46602251,0.67422433,15
2026-02-06,30.01757834,-0.11500298,-0.06617677,-11.59821824,0.95069004,19.37005014,19.37005014,0.00000000,-2.49071942,0.63034642,15
2026-02-09,30.01757834,-0.19795960,-0.02345785,-11.79617784,0.92723219,19.14863269,19.14863269,0.00000000,-2.53323128,0.61479290,15
2026-02-10,30.01757834,0.19638283,-0.10160491,-11.59979501,0.82562728,19.24341061,19.24341061,0.00000000,-2.49105803,0.54742469,15
2026-02-11,30.01757834,0.05377234,0.03908684,-11.54602267,0.86471412,19.33626979,19.33626979,0.00000000,-2.47951041,0.57334087,15
2026-02-12,30.01757834,0.20464492,0.03055660,-11.34137775,0.89527072,19.57147131,19.57147131,0.00000000,-2.43556288,0.59360114,15
2026-02-13,30.01757834,0.22110743,0.08490173,-11.12027033,0.98017245,19.87748047,19.87748047,0.00000000,-2.38808002,0.64989447,15
2026-02-17,30.01757834,-0.29643911,0.06866429,-11.41670944,1.04883674,19.64970564,19.64970564,0.00000000,-2.45174037,0.69542170,15
2026-02-18,30.01757834,-0.23231516,0.00877841,-11.64902460,1.05761515,19.42616888,19.42616888,0.00000000,-2.50163009,0.70124214,15
2026-02-19,30.01757834,0.05932998,-0.02157620,-11.58969463,1.03603895,19.46392267,19.46392267,0.00000000,-2.48888897,0.68693624,15
2026-02-20,30.01757834,-0.15125746,0.01677896,-11.74095209,1.05281791,19.32944416,19.32944416,0.00000000,-2.52137154,0.69806138,15
2026-02-23,30.01757834,-0.05476251,-0.06839108,-11.79571460,0.98442683,19.20629057,19.20629057,0.00000000,-2.53313180,0.65271529,15
2026-02-24,30.01757834,0.13298383,0.10312805,-11.66273077,1.08755487,19.44240245,19.44240245,0.00000000,-2.50457350,0.72109341,15
2026-02-25,30.01757834,-0.27433796,0.02749747,-11.93706872,1.11505235,19.19556197,19.19556197,0.00000000,-2.56348762,0.73932536,15
2026-02-26,30.01757834,-0.02004524,0.03279082,-11.95711396,1.14784317,19.20830755,19.20830755,0.00000000,-2.56779234,0.76106701,15
2026-02-27,30.01757834,0.16861978,0.02435054,-11.78849418,1.17219371,19.40127787,19.40127787,0.00000000,-2.53158121,0.77721242,15
2026-03-02,30.01757834,0.34224154,0.10514257,-11.44625264,1.27733628,19.84866198,19.84866198,0.00000000,-2.45808478,0.84692625,15
2026-03-03,30.01757834,0.46126705,-0.20129245,-10.98498560,1.07604383,20.10863657,20.10863657,0.00000000,-2.35902760,0.71346111,15
2026-03-04,30.01757834,-0.11090643,0.19494631,-11.09589203,1.27099014,20.19267645,20.19267645,0.00000000,-2.38284478,0.84271850,15
2026-03-05,30.01757834,0.34149308,-0.11599138,-10.75439895,1.15499875,20.41817814,20.41817814,0.00000000,-2.30950908,0.76581146,15
2026-03-06,30.01757834,0.18336549,-0.09076322,-10.57103347,1.06423553,20.51078041,20.51078041,0.00000000,-2.27013131,0.70563173,15
2026-03-09,30.01757834,0.14443445,0.05773744,-10.42659902,1.12197297,20.71295229,20.71295229,0.00000000,-2.23911398,0.74391402,15
2026-03-10,30.01757834,-0.38951308,0.07454050,-10.81611209,1.19651348,20.39797972,20.39797972,0.00000000,-2.32276199,0.79333742,15
2026-03-11,30.01757834,0.03304326,0.04279979,-10.78306883,1.23931327,20.47382277,20.47382277,0.00000000,-2.31566594,0.82171544,15
2026-03-12,30.01757834,0.41936197,-0.13464256,-10.36370686,1.10467070,20.75854218,20.75854218,0.00000000,-2.22560788,0.73244190,15
2026-03-13,30.01757834,0.19246449,-0.05264886,-10.17124237,1.05202184,20.89835781,20.89835781,0.00000000,-2.18427610,0.69753355,15
2026-03-16,30.01757834,-0.06846658,-0.10837712,-10.23970895,0.94364472,20.72151411,20.72151411,0.00000000,-2.19897931,0.62567509,15
2026-03-17,30.01757834,-0.15473530,-0.03908214,-10.39444426,0.90456258,20.52769666,20.52769666,0.00000000,-2.23220874,0.59976203,15
2026-03-18,30.01757834,-0.18183382,-0.02363111,-10.57627807,0.88093147,20.32223174,20.32223174,0.00000000,-2.27125759,0.58409363,15
2026-03-19,30.01757834,0.43525217,-0.10046969,-10.14102591,0.78046179,20.65701422,20.65701422,0.00000000,-2.17778711,0.51747812,15
2026-03-20,30.01757834,0.24246868,-0.06003332,-9.89855723,0.72042847,20.83944958,20.83944958,0.00000000,-2.12571692,0.47767357,15
2026-03-23,30.01757834,-0.23739110,0.30625627,-10.13594833,1.02668473,20.90831474,20.90831474,0.00000000,-2.17669670,0.68073401,15
2026-03-24,30.01757834,-0.00413665,-0.20252979,-10.14008498,0.82415495,20.70164831,20.70164831,0.00000000,-2.17758504,0.54644847,15
2026-03-25,30.01757834,-0.24557788,-0.07613655,-10.38566287,0.74801840,20.37993387,20.37993387,0.00000000,-2.23032294,0.49596682,15
2026-03-26,30.01757834,0.35812646,-0.05238951,-10.02753641,0.69562889,20.68567082,20.68567082,0.00000000,-2.15341522,0.46123043,15
2026-03-27,30.01757834,0.14291889,-0.03226171,-9.88461752,0.66336718,20.79632800,20.79632800,0.00000000,-2.12272336,0.43983960,15
2026-03-30,30.01757834,0.03306718,-0.06466004,-9.85155034,0.59870714,20.76473513,20.76473513,0.00000000,-2.11562218,0.39696734,15
2026-03-31,30.01757834,0.09716494,0.11137399,-9.75438540,0.71008113,20.97327406,20.97327406,0.00000000,-2.09475599,0.47081286,15
2026-04-01,30.01757834,-0.58698098,0.00079796,-10.34136638,0.71087908,20.38709104,20.38709104,0.00000000,-2.22081026,0.47134194,15
2026-04-02,30.01757834,0.20416689,-0.08251401,-10.13719949,0.62836507,20.50874392,20.50874392,0.00000000,-2.17696538,0.41663177,15
2026-04-07,30.01757834,-0.06684460,-0.02257378,-10.20404409,0.60579129,20.41932554,20.41932554,0.00000000,-2.19132027,0.40166443,15
2026-04-08,30.01757834,-0.79905926,0.14299792,-11.00310335,0.74878921,19.76326420,19.76326420,0.00000000,-2.36291839,0.49647791,15
2026-04-09,30.01757834,0.04034330,-0.03072228,-10.96276005,0.71806694,19.77288522,19.77288522,0.00000000,-2.35425466,0.47610778,15
2026-04-10,30.01757834,-0.04581286,-0.00287389,-11.00857292,0.71519304,19.72419847,19.72419847,0.00000000,-2.36409298,0.47420227,15
2026-04-13,30.01757834,0.05999029,-0.03153766,-10.94858262,0.68365539,19.75265110,19.75265110,0.00000000,-2.35121006,0.45329151,15
2026-04-14,30.01757834,-0.21520698,0.00978748,-11.16378961,0.69344287,19.54723160,19.54723160,0.00000000,-2.39742579,0.45978101,15
2026-04-15,30.01757834,-0.03519348,0.00500563,-11.19898308,0.69844849,19.51704375,19.51704375,0.00000000,-2.40498360,0.46309995,15
2026-04-16,30.01757834,0.06350417,-0.03723108,-11.13547892,0.66121741,19.54331684,19.54331684,0.00000000,-2.39134607,0.43841422,15
2026-04-17,30.01757834,-0.35754907,0.04950723,-11.49302799,0.71072464,19.23527499,19.23527499,0.00000000,-2.46812979,0.47123954,15
2026-04-20,30.01757834,0.13315746,-0.17826945,-11.35987053,0.53245519,19.19016301,19.19016301,0.00000000,-2.43953421,0.35303959,15
2026-04-21,30.01757834,0.07672957,-0.04282357,-11.28314096,0.48963162,19.22406900,19.22406900,0.00000000,-2.42305652,0.32464581,15
2026-04-22,30.01757834,0.16612988,0.11679156,-11.11701108,0.60642318,19.50699044,19.50699044,0.00000000,-2.38738010,0.40208340,15
2026-04-23,30.01757834,0.08495217,-0.04993124,-11.03205890,0.55649194,19.54201138,19.54201138,0.00000000,-2.36913660,0.36897694,15
2026-04-24,30.01757834,0.08977143,-0.06213025,-10.94228747,0.49436169,19.56965255,19.56965255,0.00000000,-2.34985817,0.32778204,15
2026-04-27,30.01757834,-0.09849018,0.02652312,-11.04077765,0.52088481,19.49768550,19.49768550,0.00000000,-2.37100895,0.34536795,15
2026-04-28,30.01757834,-0.13586446,0.01893747,-11.17664211,0.53982228,19.38075851,19.38075851,0.00000000,-2.40018587,0.35792427,15
2026-04-29,30.01757834,0.05406893,-0.04936189,-11.12257318,0.49046039,19.38546555,19.38546555,0.00000000,-2.38857456,0.32519532,15
2026-04-30,30.01757834,0.23741597,0.11957148,-10.88515722,0.61003187,19.74245300,19.74245300,0.00000000,-2.33758944,0.40447611,15
2026-05-01,30.01757834,-0.00375601,0.02030110,-10.88891322,0.63033297,19.75899808,19.75899808,0.00000000,-2.33839604,0.41793657,15
2026-05-04,30.01757834,0.16810552,0.02186211,-10.72080770,0.65219508,19.94896572,19.94896572,0.00000000,-2.30229535,0.43243204,15
2026-05-05,30.01757834,-0.06288014,0.00254627,-10.78368785,0.65474136,19.88863185,19.88863185,0.00000000,-2.31579887,0.43412033,15
2026-05-06,30.01757834,-0.48443983,0.00796073,-11.26812767,0.66270208,19.41215275,19.41215275,0.00000000,-2.41983241,0.43939861,15
2026-05-07,30.01757834,0.04711786,-0.02074459,-11.22100981,0.64195749,19.43852602,19.43852602,0.00000000,-2.40971384,0.42564410,15
2026-05-08,30.01757834,0.12432106,0.09367225,-11.09668875,0.73562974,19.65651933,19.65651933,0.00000000,-2.38301587,0.48775264,15
2026-05-11,30.01757834,-0.06494389,-0.06018636,-11.16163263,0.67544338,19.53138908,19.53138908,0.00000000,-2.39696258,0.44784661,15
2026-05-12,30.01757834,0.20815373,-0.12764438,-10.95347891,0.54779899,19.61189843,19.61189843,0.00000000,-2.35226153,0.36321316,15
2026-05-13,30.01757834,-0.08203737,0.06787781,-11.03551627,0.61567680,19.59773887,19.59773887,0.00000000,-2.36987907,0.40821893,15
2026-05-14,30.01757834,-0.11191295,-0.00149342,-11.14742922,0.61418338,19.48433250,19.48433250,0.00000000,-2.39391240,0.40722873,15
2026-05-15,30.01757834,0.20924169,0.05609865,-10.93818754,0.67028203,19.74967283,19.74967283,0.00000000,-2.34897771,0.44442443,15
2026-05-18,30.01757834,0.01916713,0.00883194,-10.91902041,0.67911397,19.77767190,19.77767190,0.00000000,-2.34486156,0.45028037,15
2026-05-19,30.01757834,0.04111475,-0.08998304,-10.87790566,0.58913093,19.72880361,19.72880361,0.00000000,-2.33603217,0.39061793,15
2026-05-20,30.01757834,-0.25729490,0.09344836,-11.13520056,0.68257929,19.56495707,19.56495707,0.00000000,-2.39128629,0.45257802,15
2026-05-21,30.01757834,0.01269965,0.03331847,-11.12250091,0.71589776,19.61097519,19.61097519,0.00000000,-2.38855904,0.47466953,15
2026-05-22,30.01757834,-0.09058403,-0.03629428,-11.21308494,0.67960348,19.48409688,19.48409688,0.00000000,-2.40801197,0.45060493,15
2026-05-26,30.01757834,0.13046019,-0.04723218,-11.08262475,0.63237130,19.56732489,19.56732489,0.00000000,-2.37999563,0.41928806,15
2026-05-27,30.01757834,-0.00764616,0.09944570,-11.09027091,0.73181700,19.65912443,19.65912443,0.00000000,-2.38163764,0.48522463,15
2026-05-28,30.01757834,0.08445028,0.08865817,-11.00582063,0.82047517,19.83223288,19.83223288,0.00000000,-2.36350193,0.54400863,15
2026-05-29,30.01757834,-0.18213213,-0.04969866,-11.18795276,0.77077651,19.60040208,19.60040208,0.00000000,-2.40261484,0.51105638,15
2026-06-01,30.01757834,0.04290020,-0.04760115,-11.14505256,0.72317536,19.59570114,19.59570114,0.00000000,-2.39340201,0.47949487,15
2026-06-02,30.01757834,-0.12970366,-0.12739419,-11.27475622,0.59578117,19.33860329,19.33860329,0.00000000,-2.42125589,0.39502731,15
2026-06-03,30.01757834,0.10159084,0.03052307,-11.17316538,0.62630424,19.47071720,19.47071720,0.00000000,-2.39943924,0.41526535,15
2026-06-04,30.01757834,-0.05652691,-0.05451689,-11.22969230,0.57178735,19.35967340,19.35967340,0.00000000,-2.41157841,0.37911842,15
2026-06-05,30.01757834,0.04804820,-0.10731433,-11.18164409,0.46447302,19.30040727,19.30040727,0.00000000,-2.40126005,0.30796463,15
2026-06-08,30.01757834,0.03290771,-0.04483197,-11.14873638,0.41964105,19.28848301,19.28848301,0.00000000,-2.39419311,0.27823920,15
2026-06-09,30.01757834,0.09325919,-0.06866416,-11.05547719,0.35097689,19.31307804,19.31307804,0.00000000,-2.37416568,0.23271205,15
2026-06-10,30.01757834,0.14111326,-0.05650625,-10.91436393,0.29447064,19.39768505,19.39768505,0.00000000,-2.34386159,0.19524609,15
2026-06-11,30.01757834,-0.05895687,0.04051477,-10.97332080,0.33498542,19.37924295,19.37924295,0.00000000,-2.35652258,0.22210905,15
2026-06-12,30.01757834,-0.46313800,-0.13738779,-11.43645880,0.19759763,18.77871717,18.77871717,0.00000000,-2.45598155,0.13101532,15
2026-06-15,30.01757834,-0.20309734,0.07706754,-11.63955614,0.27466517,18.65268737,18.65268737,0.00000000,-2.49959674,0.18211425,15
2026-06-16,30.01757834,-0.18288739,0.01897996,-11.82244353,0.29364513,18.48877994,18.48877994,0.00000000,-2.53887184,0.19469875,15
2026-06-17,30.01757834,-0.14321485,0.17893643,-11.96565838,0.47258157,18.52450152,18.52450152,0.00000000,-2.56962726,0.31334093,15
2026-06-18,30.01757834,-0.03693603,0.12585397,-12.00259442,0.59843553,18.61341946,18.61341946,0.00000000,-2.57755928,0.39678726,15
2026-06-22,30.01757834,-0.07441730,0.00026407,-12.07701172,0.59869960,18.53926622,18.53926622,0.00000000,-2.59354040,0.39696235,15
2026-06-23,30.01757834,0.06515831,-0.05619843,-12.01185342,0.54250117,18.54822609,18.54822609,0.00000000,-2.57954765,0.35970049,15
2026-06-24,30.01757834,0.09923629,0.12674063,-11.91261713,0.66924180,18.77420301,18.77420301,0.00000000,-2.55823664,0.44373471,15
2026-06-25,30.01757834,-0.12204895,0.22082680,-12.03466607,0.89006859,18.87298086,18.87298086,0.00000000,-2.58444667,0.59015192,15
2026-06-26,30.01757834,0.14402790,-0.02022092,-11.89063818,0.86984767,18.99678783,18.99678783,0.00000000,-2.55351665,0.57674462,15
2026-06-29,30.01757834,0.03322728,0.00394321,-11.85741090,0.87379088,19.03395832,19.03395832,0.00000000,-2.54638109,0.57935913,15
2026-06-30,30.01757834,-0.03785279,0.21808403,-11.89526369,1.09187491,19.21418957,19.21418957,0.00000000,-2.55450998,0.72395777,15
2026-07-01,30.01757834,0.02642852,-0.03420545,-11.86883517,1.05766947,19.20641264,19.20641264,0.00000000,-2.54883445,0.70127816,15
2026-07-02,30.01757834,-0.11066022,0.17064562,-11.97949539,1.22831509,19.26639804,19.26639804,0.00000000,-2.57259875,0.81442319,15
2026-07-06,30.01757834,-0.13929391,-0.02703982,-12.11878929,1.20127526,19.10006431,19.10006431,0.00000000,-2.60251215,0.79649468,15
2026-07-07,30.01757834,0.16448104,-0.05787070,-11.95430825,1.14340456,19.20667465,19.20667465,0.00000000,-2.56718981,0.75812404,15
2026-07-08,30.01757834,0.29086783,-0.37583969,-11.66344042,0.76756487,19.12170279,19.12170279,0.00000000,-2.50472589,0.50892693,15
2026-07-09,30.01757834,-0.14293225,0.15663495,-11.80637267,0.92419982,19.13540549,19.13540549,0.00000000,-2.53542062,0.61278232,15
2026-07-10,30.01757834,-0.08600711,-0.05254058,-11.89237978,0.87165924,18.99685780,18.99685780,0.00000000,-2.55389066,0.57794576,15
2026-07-13,30.01757834,-0.02353688,-0.10699754,-11.91591667,0.76466170,18.86632337,18.86632337,0.00000000,-2.55894521,0.50700201,15
2026-07-14,30.01757834,-0.14039572,0.05629498,-12.05631239,0.82095668,18.78222263,18.78222263,0.00000000,-2.58909522,0.54432789,15
2026-07-15,30.01757834,-0.03146228,-0.01220106,-12.08777466,0.80875562,18.73855930,18.73855930,0.00000000,-2.59585175,0.53623809,15
2026-07-16,30.01757834,-0.00655190,-0.01100661,-12.09432656,0.79774901,18.72100078,18.72100078,0.00000000,-2.59725877,0.52894025,15
2026-07-17,30.01757834,0.12270761,-0.01418684,-11.97161895,0.78356217,18.82952155,18.82952155,0.00000000,-2.57090729,0.51953380,15
2026-07-20,30.01757834,-0.07500581,-0.21098710,-12.04662476,0.57257507,18.54352865,18.54352865,0.00000000,-2.58701480,0.37964071,15
2026-07-21,30.01757834,-0.17018212,0.06119112,-12.21680688,0.63376619,18.43453765,18.43453765,0.00000000,-2.62356144,0.42021293,15
2026-07-22,30.01757834,-0.12133353,0.01395096,-12.33814041,0.64771715,18.32715508,18.32715508,0.00000000,-2.64961784,0.42946299,15
2026-07-23,30.01757834,0.16611802,-0.18084789,-12.17202239,0.46686925,18.31242521,18.31242521,0.00000000,-2.61394396,0.30955343,15
2026-07-24,30.01757834,-0.20414838,0.01907801,-12.37617077,0.48594727,18.12735484,18.12735484,0.00000000,-2.65778486,0.32220293,15
2026-07-27,30.01757834,-0.08802363,-0.10115839,-12.46419440,0.38478888,17.93817282,17.93817282,0.00000000,-2.67668795,0.25513078,15
2026-07-28,30.01757834,0.03260923,-0.05927673,-12.43158517,0.32551214,17.91150531,17.91150531,0.00000000,-2.66968511,0.21582788,15
2026-07-29,30.01757834,0.10555457,-0.02005383,-12.32603060,0.30545831,17.99700606,17.99700606,0.00000000,-2.64701725,0.20253137,15
2026-07-30,30.01757834,-0.29631173,-0.04207932,-12.62234233,0.26337900,17.65861501,17.65861501,0.00000000,-2.71065025,0.17463106,15
2026-07-31,30.01757834,-0.12240401,0.10379323,-12.74474634,0.36717223,17.64000423,17.64000423,0.00000000,-2.73693653,0.24345022,15
2026-08-03,30.01757834,-0.12298094,0.02036933,-12.86772728,0.38754155,17.53739261,17.53739261,0.00000000,-2.76334671,0.25695592,15
2026-08-04,30.01757834,-0.00911760,0.19779802,-12.87684488,0.58533957,17.72607303,17.72607303,0.00000000,-2.76530472,0.38810410,15
2026-08-05,30.01757834,-0.00041165,0.02790121,-12.87725653,0.61324078,17.75356259,17.75356259,0.00000000,-2.76539312,0.40660374,15
2026-08-06,30.01757834,-0.01039940,0.01120262,-12.88765593,0.62444340,17.75436581,17.75436581,0.00000000,-2.76762639,0.41403154,15
2026-08-07,30.01757834,-0.04098155,0.06959869,-12.92863748,0.69404208,17.78298295,17.78298295,0.00000000,-2.77642719,0.46017832,15
2026-08-10,30.01757834,-0.09286401,-0.02049001,-13.02150149,0.67355208,17.66962893,17.66962893,0.00000000,-2.79636975,0.44659260,15
2026-08-11,30.01757834,0.01245029,0.02292078,-13.00905120,0.69647286,17.70500000,17.70500000,0.00000000,-2.79369605,0.46179002,15
2026-08-12,30.01757834,-0.04894760,0.02879791,-13.05799881,0.72527077,17.68485031,17.68485031,0.00000000,-2.80420755,0.48088422,15
2026-08-13,30.01757834,0.00013916,-0.08441090,-13.05785965,0.64085987,17.60057857,17.60057857,0.00000000,-2.80417767,0.42491633,15
2026-08-14,30.01757834,-0.00427049,0.05545409,-13.06213014,0.69631396,17.65176216,17.65176216,0.00000000,-2.80509476,0.46168466,15
2026-08-17,30.01757834,0.03866492,-0.06243963,-13.02346522,0.63387433,17.62798745,17.62798745,0.00000000,-2.79679146,0.42028463,15
2026-08-18,30.01757834,0.17821392,-0.08188559,-12.84525131,0.55198874,17.72431577,17.72431577,0.00000000,-2.75851999,0.36599113,15
2026-08-19,30.01757834,0.28634425,-0.09103746,-12.55890706,0.46095128,17.91962256,17.91962256,0.00000000,-2.69702751,0.30562957,15
2026-08-20,30.01757834,0.06560106,-0.03995198,-12.49330600,0.42099930,17.94527164,17.94527164,0.00000000,-2.68293967,0.27913978,15
2026-08-21,30.01757834,-0.04565716,-0.05794340,-12.53896316,0.36305591,17.84167109,17.84167109,0.00000000,-2.69274456,0.24072093,15
2026-08-24,30.01757834,-0.00296972,0.03303847,-12.54193288,0.39609438,17.87173984,17.87173984,0.00000000,-2.69338231,0.26262679,15
2026-08-25,30.01757834,0.09476074,-0.05956023,-12.44717214,0.33653415,17.90694034,17.90694034,0.00000000,-2.67303242,0.22313592,15
2026-08-26,30.01757834,-0.05042296,-0.02918444,-12.49759510,0.30734970,17.82733294,17.82733294,0.00000000,-2.68386076,0.20378544,15
2026-08-27,30.01757834,0.40317042,-0.02666877,-12.09442468,0.28068093,18.20383459,18.20383459,0.00000000,-2.59727984,0.18610295,15
2026-08-28,30.01757834,-0.14488291,-0.00879859,-12.23930759,0.27188234,18.05015309,18.05015309,0.00000000,-2.62839347,0.18026912,15
2026-08-31,30.01757834,-0.04188026,-0.20173829,-12.28118785,0.07014405,17.80653454,17.80653454,0.00000000,-2.63738726,0.04650838,15
2026-09-01,30.01757834,-0.02700583,-0.07215142,-12.30819369,-0.00200737,17.70737728,17.70737728,0.00000000,-2.64318677,-0.00133097,15
2026-09-02,30.01757834,-0.02783212,-0.02627019,-12.33602581,-0.02827756,17.65327497,17.65327497,0.00000000,-2.64916373,-0.01874918,15
2026-09-03,30.01757834,-0.16522875,0.07788467,-12.50125456,0.04960711,17.56593089,17.56593089,0.00000000,-2.68464663,0.03289154,15
2026-09-04,30.01757834,-0.01153497,-0.11532625,-12.51278952,-0.06571914,17.43906968,17.43906968,0.00000000,-2.68712376,-0.04357448,15
2026-09-08,30.01757834,0.04360289,0.18264380,-12.46918663,0.11692466,17.66531636,17.66531636,0.00000000,-2.67776004,0.07752583,15
2026-09-09,30.01757834,0.10055444,-0.05574910,-12.36863220,0.06117555,17.71012170,17.71012170,0.00000000,-2.65616595,0.04056190,15
2026-09-10,30.01757834,-0.03272822,-0.07208669,-12.40136042,-0.01091113,17.60530679,17.60530679,0.00000000,-2.66319434,-0.00723453,15
2026-09-11,30.01757834,-0.08591857,-0.00974012,-12.48727898,-0.02065126,17.50964810,17.50964810,0.00000000,-2.68164537,-0.01369263,15
2026-09-14,30.01757834,0.11089608,-0.05312640,-12.37638290,-0.07377766,17.56741778,17.56741778,0.00000000,-2.65783042,-0.04891761,15
2026-09-15,30.01757834,0.10144980,0.11877099,-12.27493310,0.04499333,17.78763857,17.78763857,0.00000000,-2.63604405,0.02983242,15
2026-09-16,30.01757834,-0.03947990,0.01003581,-12.31441300,0.05502914,17.75819448,17.75819448,0.00000000,-2.64452237,0.03648657,15
2026-09-17,30.01757834,-0.12705446,0.02372178,-12.44146746,0.07875092,17.65486180,17.65486180,0.00000000,-2.67180734,0.05221509,15
2026-09-18,30.01757834,0.24592009,-0.01831715,-12.19554736,0.06043377,17.88246474,17.88246474,0.00000000,-2.61899595,0.04007006,15
2026-09-21,30.01757834,-0.08613847,-0.07749992,-12.28168584,-0.01706615,17.71882635,17.71882635,0.00000000,-2.63749421,-0.01131556,15
2026-09-22,30.01757834,0.11475460,0.03169534,-12.16693124,0.01462919,17.86527629,17.86527629,0.00000000,-2.61285064,0.00969975,15
2026-09-23,30.01757834,0.04501094,0.03204862,-12.12192030,0.04667781,17.94233585,17.94233585,0.00000000,-2.60318453,0.03094930,15
2026-09-24,30.01757834,0.13276222,-0.06098630,-11.98915807,-0.01430849,18.01411177,18.01411177,0.00000000,-2.57467382,-0.00948712,15
2026-09-25,30.01757834,-0.19018034,0.08919919,-12.17933841,0.07489070,17.91313062,17.91313062,0.00000000,-2.61551508,0.04965560,15
2026-09-28,30.01757834,0.11945262,-0.09716874,-12.05988579,-0.02227804,17.93541451,17.93541451,0.00000000,-2.58986261,-0.01477125,15
2026-09-29,30.01757834,0.07905888,0.04490476,-11.98082692,0.02262672,18.05937814,18.05937814,0.00000000,-2.57288470,0.01500244,15
2026-09-30,30.01757834,0.17196924,-0.10268942,-11.80885767,-0.08006271,18.12865796,18.12865796,0.00000000,-2.53595428,-0.05308485,15
2026-10-01,30.01757834,0.42911323,-0.07444747,-11.37974444,-0.15451018,18.48332372,18.48332372,0.00000000,-2.44380213,-0.10244657,15
2026-10-02,30.01757834,0.01338742,0.15451018,-11.36635703,-0.00000000,18.65122131,18.65122131,0.00000000,-2.44092718,-0.00000000,15
